{
"type": "FeatureCollection",
"name": "verlichtingspalen",
"crs": { "type": "name", "properties": { "name": "urn:ogc:def:crs:EPSG::31370" } },
"features": [
{ "type": "Feature", "properties": { "LOCATIENUMMER": "7823", "STATUS": "In dienst", "INTERACTIVITEIT": "Interactief", "LICHTBRON_GROEP": "LED", "BRANDPROGRAMMA": "BPIV FIETS 20-23/DIM/5-6.30", "BRANDPROGRAMMA_GROEP": "BPIV DIM" }, "geometry": { "type": "Point", "coordinates": [ 193968.098, 199864.06 ] } },
{ "type": "Feature", "properties": { "LOCATIENUMMER": "4499", "STATUS": "In dienst", "INTERACTIVITEIT": "Niet interactief", "LICHTBRON_GROEP": "NAHP", "BRANDPROGRAMMA": "N", "BRANDPROGRAMMA_GROEP": "N" }, "geometry": { "type": "Point", "coordinates": [ 200169.187, 197269.593 ] } },
{ "type": "Feature", "properties": { "LOCATIENUMMER": "4287", "STATUS": "In dienst", "INTERACTIVITEIT": "Niet interactief", "LICHTBRON_GROEP": "MHHP-CR-PGZ12", "BRANDPROGRAMMA": "D22H6.30 (Doven)", "BRANDPROGRAMMA_GROEP": "DxxHyy DOV" }, "geometry": { "type": "Point", "coordinates": [ 196415.59, 196885.28 ] } },
{ "type": "Feature", "properties": { "LOCATIENUMMER": "4304", "STATUS": "In dienst", "INTERACTIVITEIT": "Interactief-ready", "LICHTBRON_GROEP": "LED", "BRANDPROGRAMMA": "D22H6.30 (Doven)", "BRANDPROGRAMMA_GROEP": "DxxHyy DOV" }, "geometry": { "type": "Point", "coordinates": [ 196424.780999999988126, 196933.405 ] } },
{ "type": "Feature", "properties": { "LOCATIENUMMER": "4305", "STATUS": "In dienst", "INTERACTIVITEIT": "Interactief-ready", "LICHTBRON_GROEP": "LED", "BRANDPROGRAMMA": "N", "BRANDPROGRAMMA_GROEP": "N" }, "geometry": { "type": "Point", "coordinates": [ 196424.403, 196961.062 ] } },
{ "type": "Feature", "properties": { "LOCATIENUMMER": "4307", "STATUS": "In dienst", "INTERACTIVITEIT": "Interactief-ready", "LICHTBRON_GROEP": "LED", "BRANDPROGRAMMA": "D22H6.30 (Doven)", "BRANDPROGRAMMA_GROEP": "DxxHyy DOV" }, "geometry": { "type": "Point", "coordinates": [ 196438.937, 196973.227000000013504 ] } },
{ "type": "Feature", "properties": { "LOCATIENUMMER": "4288", "STATUS": "In dienst", "INTERACTIVITEIT": "Niet interactief", "LICHTBRON_GROEP": "MHHP-CR-PGZ12", "BRANDPROGRAMMA": "D22H6.30 (Doven)", "BRANDPROGRAMMA_GROEP": "DxxHyy DOV" }, "geometry": { "type": "Point", "coordinates": [ 196460.763, 196890.911 ] } },
{ "type": "Feature", "properties": { "LOCATIENUMMER": "4303", "STATUS": "In dienst", "INTERACTIVITEIT": "Interactief-ready", "LICHTBRON_GROEP": "LED", "BRANDPROGRAMMA": "N", "BRANDPROGRAMMA_GROEP": "N" }, "geometry": { "type": "Point", "coordinates": [ 196427.299, 196902.203 ] } },
{ "type": "Feature", "properties": { "LOCATIENUMMER": "1174", "STATUS": "In dienst", "INTERACTIVITEIT": "Interactief", "LICHTBRON_GROEP": "LED", "BRANDPROGRAMMA": "BPIV UNI 20-22-23/DIM/4-5-6 VRZA50", "BRANDPROGRAMMA_GROEP": "BPIV DIM" }, "geometry": { "type": "Point", "coordinates": [ 195275.464, 199311.019999999989523 ] } },
{ "type": "Feature", "properties": { "LOCATIENUMMER": "1184", "STATUS": "In dienst", "INTERACTIVITEIT": "Interactief", "LICHTBRON_GROEP": "LED", "BRANDPROGRAMMA": "BPIV UNI 20-22-23/DIM/4-5-6 VRZA50", "BRANDPROGRAMMA_GROEP": "BPIV DIM" }, "geometry": { "type": "Point", "coordinates": [ 195854.646, 199524.478 ] } },
{ "type": "Feature", "properties": { "LOCATIENUMMER": "1190", "STATUS": "In dienst", "INTERACTIVITEIT": "Interactief", "LICHTBRON_GROEP": "LED", "BRANDPROGRAMMA": "BPIV UNI 20-22-23/DIM/4-5-6 VRZA50", "BRANDPROGRAMMA_GROEP": "BPIV DIM" }, "geometry": { "type": "Point", "coordinates": [ 195993.71, 199518.574 ] } },
{ "type": "Feature", "properties": { "LOCATIENUMMER": "1186", "STATUS": "In dienst", "INTERACTIVITEIT": "Interactief", "LICHTBRON_GROEP": "LED", "BRANDPROGRAMMA": "BPIV UNI 20-22-23/DIM/4-5-6 VRZA50", "BRANDPROGRAMMA_GROEP": "BPIV DIM" }, "geometry": { "type": "Point", "coordinates": [ 195766.987, 199488.471 ] } },
{ "type": "Feature", "properties": { "LOCATIENUMMER": "1198", "STATUS": "In dienst", "INTERACTIVITEIT": "Interactief", "LICHTBRON_GROEP": "LED", "BRANDPROGRAMMA": "BPIV UNI 20-22-23/DIM/4-5-6 VRZA50", "BRANDPROGRAMMA_GROEP": "BPIV DIM" }, "geometry": { "type": "Point", "coordinates": [ 196123.723999999987427, 199578.165 ] } },
{ "type": "Feature", "properties": { "LOCATIENUMMER": "1193", "STATUS": "In dienst", "INTERACTIVITEIT": "Interactief", "LICHTBRON_GROEP": "LED", "BRANDPROGRAMMA": "BPIV UNI 20-22-23/DIM/4-5-6 VRZA50", "BRANDPROGRAMMA_GROEP": "BPIV DIM" }, "geometry": { "type": "Point", "coordinates": [ 196021.486, 199403.154 ] } },
{ "type": "Feature", "properties": { "LOCATIENUMMER": "1172", "STATUS": "In dienst", "INTERACTIVITEIT": "Interactief", "LICHTBRON_GROEP": "LED", "BRANDPROGRAMMA": "BPIV UNI 20-22-23/DIM/4-5-6 VRZA50", "BRANDPROGRAMMA_GROEP": "BPIV DIM" }, "geometry": { "type": "Point", "coordinates": [ 195354.404, 199313.24900000001071 ] } },
{ "type": "Feature", "properties": { "LOCATIENUMMER": "1204", "STATUS": "In dienst", "INTERACTIVITEIT": "Interactief", "LICHTBRON_GROEP": "LED", "BRANDPROGRAMMA": "BPIV UNI 20-22-23/DIM/4-5-6 VRZA50", "BRANDPROGRAMMA_GROEP": "BPIV DIM" }, "geometry": { "type": "Point", "coordinates": [ 196163.227000000013504, 199481.669 ] } },
{ "type": "Feature", "properties": { "LOCATIENUMMER": "1201", "STATUS": "In dienst", "INTERACTIVITEIT": "Interactief", "LICHTBRON_GROEP": "LED", "BRANDPROGRAMMA": "BPIV UNI 20-22-23/DIM/4-5-6 VRZA50", "BRANDPROGRAMMA_GROEP": "BPIV DIM" }, "geometry": { "type": "Point", "coordinates": [ 196242.1, 199626.113000000012107 ] } },
{ "type": "Feature", "properties": { "LOCATIENUMMER": "1170", "STATUS": "In dienst", "INTERACTIVITEIT": "Interactief", "LICHTBRON_GROEP": "LED", "BRANDPROGRAMMA": "BPIV UNI 20-22-23/DIM/4-5-6 VRZA50", "BRANDPROGRAMMA_GROEP": "BPIV DIM" }, "geometry": { "type": "Point", "coordinates": [ 195435.89000000001397, 199315.294 ] } },
{ "type": "Feature", "properties": { "LOCATIENUMMER": "1163", "STATUS": "In dienst", "INTERACTIVITEIT": "Interactief", "LICHTBRON_GROEP": "LED", "BRANDPROGRAMMA": "BPIV UNI 20-22-23/DIM/4-5-6 VRZA50", "BRANDPROGRAMMA_GROEP": "BPIV DIM" }, "geometry": { "type": "Point", "coordinates": [ 195617.571, 199361.828 ] } },
{ "type": "Feature", "properties": { "LOCATIENUMMER": "1167", "STATUS": "In dienst", "INTERACTIVITEIT": "Interactief", "LICHTBRON_GROEP": "LED", "BRANDPROGRAMMA": "BPIV UNI 20-22-23/DIM/4-5-6 VRZA50", "BRANDPROGRAMMA_GROEP": "BPIV DIM" }, "geometry": { "type": "Point", "coordinates": [ 195549.022, 199394.991 ] } },
{ "type": "Feature", "properties": { "LOCATIENUMMER": "928", "STATUS": "In dienst", "INTERACTIVITEIT": "Interactief", "LICHTBRON_GROEP": "LED", "BRANDPROGRAMMA": "BPIV UNI 20-22-23/DIM/4-5-6 VRZA50", "BRANDPROGRAMMA_GROEP": "BPIV DIM" }, "geometry": { "type": "Point", "coordinates": [ 194071.221, 200139.394999999989523 ] } },
{ "type": "Feature", "properties": { "LOCATIENUMMER": "949", "STATUS": "In dienst", "INTERACTIVITEIT": "Interactief", "LICHTBRON_GROEP": "LED", "BRANDPROGRAMMA": "BPIV UNI 20-22-23/DIM/4-5-6 VRZA50", "BRANDPROGRAMMA_GROEP": "BPIV DIM" }, "geometry": { "type": "Point", "coordinates": [ 194079.942000000010012, 200164.087 ] } },
{ "type": "Feature", "properties": { "LOCATIENUMMER": "948", "STATUS": "In dienst", "INTERACTIVITEIT": "Interactief", "LICHTBRON_GROEP": "LED", "BRANDPROGRAMMA": "BPIV UNI 20-22-23/DIM/4-5-6 VRZA50", "BRANDPROGRAMMA_GROEP": "BPIV DIM" }, "geometry": { "type": "Point", "coordinates": [ 194103.729, 200176.347 ] } },
{ "type": "Feature", "properties": { "LOCATIENUMMER": "947", "STATUS": "In dienst", "INTERACTIVITEIT": "Interactief", "LICHTBRON_GROEP": "LED", "BRANDPROGRAMMA": "BPIV UNI 20-22-23/DIM/4-5-6 VRZA50", "BRANDPROGRAMMA_GROEP": "BPIV DIM" }, "geometry": { "type": "Point", "coordinates": [ 194128.090999999985797, 200185.424999999988358 ] } },
{ "type": "Feature", "properties": { "LOCATIENUMMER": "923", "STATUS": "In dienst", "INTERACTIVITEIT": "Interactief", "LICHTBRON_GROEP": "LED", "BRANDPROGRAMMA": "BPIV UNI 20-22-23/DIM/4-5-6 VRZA50", "BRANDPROGRAMMA_GROEP": "BPIV DIM" }, "geometry": { "type": "Point", "coordinates": [ 194042.962, 200058.654 ] } },
{ "type": "Feature", "properties": { "LOCATIENUMMER": "941", "STATUS": "In dienst", "INTERACTIVITEIT": "Interactief", "LICHTBRON_GROEP": "LED", "BRANDPROGRAMMA": "BPIV UNI 20-22-23/DIM/4-5-6 VRZA50", "BRANDPROGRAMMA_GROEP": "BPIV DIM" }, "geometry": { "type": "Point", "coordinates": [ 194169.978, 200134.688 ] } },
{ "type": "Feature", "properties": { "LOCATIENUMMER": "946", "STATUS": "In dienst", "INTERACTIVITEIT": "Interactief", "LICHTBRON_GROEP": "LED", "BRANDPROGRAMMA": "BPIV UNI 20-22-23/DIM/4-5-6 VRZA50", "BRANDPROGRAMMA_GROEP": "BPIV DIM" }, "geometry": { "type": "Point", "coordinates": [ 194157.264, 200189.222 ] } },
{ "type": "Feature", "properties": { "LOCATIENUMMER": "945", "STATUS": "In dienst", "INTERACTIVITEIT": "Interactief", "LICHTBRON_GROEP": "LED", "BRANDPROGRAMMA": "BPIV UNI 20-22-23/DIM/4-5-6 VRZA50", "BRANDPROGRAMMA_GROEP": "BPIV DIM" }, "geometry": { "type": "Point", "coordinates": [ 194167.211000000010245, 200155.371000000013737 ] } },
{ "type": "Feature", "properties": { "LOCATIENUMMER": "943", "STATUS": "In dienst", "INTERACTIVITEIT": "Interactief", "LICHTBRON_GROEP": "LED", "BRANDPROGRAMMA": "BPIV UNI 20-22-23/DIM/4-5-6 VRZA50", "BRANDPROGRAMMA_GROEP": "BPIV DIM" }, "geometry": { "type": "Point", "coordinates": [ 194108.723, 200111.655 ] } },
{ "type": "Feature", "properties": { "LOCATIENUMMER": "942", "STATUS": "In dienst", "INTERACTIVITEIT": "Interactief", "LICHTBRON_GROEP": "LED", "BRANDPROGRAMMA": "BPIV UNI 20-22-23/DIM/4-5-6 VRZA50", "BRANDPROGRAMMA_GROEP": "BPIV DIM" }, "geometry": { "type": "Point", "coordinates": [ 194139.188, 200122.91 ] } },
{ "type": "Feature", "properties": { "LOCATIENUMMER": "944", "STATUS": "In dienst", "INTERACTIVITEIT": "Interactief", "LICHTBRON_GROEP": "LED", "BRANDPROGRAMMA": "BPIV UNI 20-22-23/DIM/4-5-6 VRZA50", "BRANDPROGRAMMA_GROEP": "BPIV DIM" }, "geometry": { "type": "Point", "coordinates": [ 194075.074, 200100.29 ] } },
{ "type": "Feature", "properties": { "LOCATIENUMMER": "925", "STATUS": "In dienst", "INTERACTIVITEIT": "Interactief", "LICHTBRON_GROEP": "LED", "BRANDPROGRAMMA": "BPIV UNI 20-22-23/DIM/4-5-6 VRZA50", "BRANDPROGRAMMA_GROEP": "BPIV DIM" }, "geometry": { "type": "Point", "coordinates": [ 194050.584, 200088.769 ] } },
{ "type": "Feature", "properties": { "LOCATIENUMMER": "926", "STATUS": "In dienst", "INTERACTIVITEIT": "Interactief", "LICHTBRON_GROEP": "LED", "BRANDPROGRAMMA": "BPIV UNI 20-22-23/DIM/4-5-6 VRZA50", "BRANDPROGRAMMA_GROEP": "BPIV DIM" }, "geometry": { "type": "Point", "coordinates": [ 194040.326, 200097.272999999986496 ] } },
{ "type": "Feature", "properties": { "LOCATIENUMMER": "927", "STATUS": "In dienst", "INTERACTIVITEIT": "Interactief", "LICHTBRON_GROEP": "LED", "BRANDPROGRAMMA": "BPIV UNI 20-22-23/DIM/4-5-6 VRZA50", "BRANDPROGRAMMA_GROEP": "BPIV DIM" }, "geometry": { "type": "Point", "coordinates": [ 194063.238000000012107, 200116.864 ] } },
{ "type": "Feature", "properties": { "LOCATIENUMMER": "3488", "STATUS": "In dienst", "INTERACTIVITEIT": "Interactief-ready", "LICHTBRON_GROEP": "LED", "BRANDPROGRAMMA": "D22H6.30 (Doven)", "BRANDPROGRAMMA_GROEP": "DxxHyy DOV" }, "geometry": { "type": "Point", "coordinates": [ 196300.617, 197152.432999999989988 ] } },
{ "type": "Feature", "properties": { "LOCATIENUMMER": "3502", "STATUS": "In dienst", "INTERACTIVITEIT": "Interactief-ready", "LICHTBRON_GROEP": "LED", "BRANDPROGRAMMA": "N", "BRANDPROGRAMMA_GROEP": "N" }, "geometry": { "type": "Point", "coordinates": [ 196318.939000000013039, 197226.006 ] } },
{ "type": "Feature", "properties": { "LOCATIENUMMER": "3489", "STATUS": "In dienst", "INTERACTIVITEIT": "Interactief-ready", "LICHTBRON_GROEP": "LED", "BRANDPROGRAMMA": "N", "BRANDPROGRAMMA_GROEP": "N" }, "geometry": { "type": "Point", "coordinates": [ 196328.676, 197165.261 ] } },
{ "type": "Feature", "properties": { "LOCATIENUMMER": "3490", "STATUS": "In dienst", "INTERACTIVITEIT": "Interactief-ready", "LICHTBRON_GROEP": "LED", "BRANDPROGRAMMA": "D22H6.30 (Doven)", "BRANDPROGRAMMA_GROEP": "DxxHyy DOV" }, "geometry": { "type": "Point", "coordinates": [ 196363.943, 197150.752 ] } },
{ "type": "Feature", "properties": { "LOCATIENUMMER": "3491", "STATUS": "In dienst", "INTERACTIVITEIT": "Interactief-ready", "LICHTBRON_GROEP": "LED", "BRANDPROGRAMMA": "N", "BRANDPROGRAMMA_GROEP": "N" }, "geometry": { "type": "Point", "coordinates": [ 196371.458000000013271, 197167.055 ] } },
{ "type": "Feature", "properties": { "LOCATIENUMMER": "3492", "STATUS": "In dienst", "INTERACTIVITEIT": "Interactief-ready", "LICHTBRON_GROEP": "LED", "BRANDPROGRAMMA": "N", "BRANDPROGRAMMA_GROEP": "N" }, "geometry": { "type": "Point", "coordinates": [ 196346.866, 197179.905999999988126 ] } },
{ "type": "Feature", "properties": { "LOCATIENUMMER": "4624", "STATUS": "In dienst", "INTERACTIVITEIT": "Interactief-ready", "LICHTBRON_GROEP": "LED", "BRANDPROGRAMMA": "D23H5 (Doven)", "BRANDPROGRAMMA_GROEP": "DxxHyy DOV" }, "geometry": { "type": "Point", "coordinates": [ 196274.742, 197138.700000000011642 ] } },
{ "type": "Feature", "properties": { "LOCATIENUMMER": "2058", "STATUS": "In dienst", "INTERACTIVITEIT": "Niet interactief", "LICHTBRON_GROEP": "NALP", "BRANDPROGRAMMA": "D22H6.30 (Doven)", "BRANDPROGRAMMA_GROEP": "DxxHyy DOV" }, "geometry": { "type": "Point", "coordinates": [ 193872.946999999985565, 194415.113000000012107 ] } },
{ "type": "Feature", "properties": { "LOCATIENUMMER": "2056", "STATUS": "In dienst", "INTERACTIVITEIT": "Niet interactief", "LICHTBRON_GROEP": "NALP", "BRANDPROGRAMMA": "N", "BRANDPROGRAMMA_GROEP": "N" }, "geometry": { "type": "Point", "coordinates": [ 193839.24299999998766, 194320.711000000010245 ] } },
{ "type": "Feature", "properties": { "LOCATIENUMMER": "2051", "STATUS": "In dienst", "INTERACTIVITEIT": "Niet interactief", "LICHTBRON_GROEP": "NAHP", "BRANDPROGRAMMA": "N", "BRANDPROGRAMMA_GROEP": "N" }, "geometry": { "type": "Point", "coordinates": [ 193778.389, 194152.815 ] } },
{ "type": "Feature", "properties": { "LOCATIENUMMER": "2052", "STATUS": "In dienst", "INTERACTIVITEIT": "Interactief", "LICHTBRON_GROEP": "LED", "BRANDPROGRAMMA": "BPIV UNI 20-22-23/DIM/4-5-6 VRZA50", "BRANDPROGRAMMA_GROEP": "BPIV DIM" }, "geometry": { "type": "Point", "coordinates": [ 193819.286, 194148.924 ] } },
{ "type": "Feature", "properties": { "LOCATIENUMMER": "2054", "STATUS": "In dienst", "INTERACTIVITEIT": "Niet interactief", "LICHTBRON_GROEP": "NALP", "BRANDPROGRAMMA": "D22H6.30 (Doven)", "BRANDPROGRAMMA_GROEP": "DxxHyy DOV" }, "geometry": { "type": "Point", "coordinates": [ 193804.602000000013504, 194226.181000000011409 ] } },
{ "type": "Feature", "properties": { "LOCATIENUMMER": "2061", "STATUS": "In dienst", "INTERACTIVITEIT": "Interactief", "LICHTBRON_GROEP": "LED", "BRANDPROGRAMMA": "BPIV UNI 20-22-23/DIM/4-5-6 VRZA50", "BRANDPROGRAMMA_GROEP": "BPIV DIM" }, "geometry": { "type": "Point", "coordinates": [ 193748.922, 194153.288 ] } },
{ "type": "Feature", "properties": { "LOCATIENUMMER": "2075", "STATUS": "In dienst", "INTERACTIVITEIT": "Niet interactief", "LICHTBRON_GROEP": "NALP", "BRANDPROGRAMMA": "D22H6.30 (Doven)", "BRANDPROGRAMMA_GROEP": "DxxHyy DOV" }, "geometry": { "type": "Point", "coordinates": [ 193753.884, 194084.12599999998929 ] } },
{ "type": "Feature", "properties": { "LOCATIENUMMER": "2059", "STATUS": "In dienst", "INTERACTIVITEIT": "Niet interactief", "LICHTBRON_GROEP": "NALP", "BRANDPROGRAMMA": "N", "BRANDPROGRAMMA_GROEP": "N" }, "geometry": { "type": "Point", "coordinates": [ 193885.775, 194457.171 ] } },
{ "type": "Feature", "properties": { "LOCATIENUMMER": "2077", "STATUS": "In dienst", "INTERACTIVITEIT": "Niet interactief", "LICHTBRON_GROEP": "NAHP", "BRANDPROGRAMMA": "N", "BRANDPROGRAMMA_GROEP": "N" }, "geometry": { "type": "Point", "coordinates": [ 193728.108, 194011.622 ] } },
{ "type": "Feature", "properties": { "LOCATIENUMMER": "1977", "STATUS": "In dienst", "INTERACTIVITEIT": "Niet interactief", "LICHTBRON_GROEP": "NAHP", "BRANDPROGRAMMA": "N", "BRANDPROGRAMMA_GROEP": "N" }, "geometry": { "type": "Point", "coordinates": [ 193686.025, 193894.297 ] } },
{ "type": "Feature", "properties": { "LOCATIENUMMER": "1975", "STATUS": "In dienst", "INTERACTIVITEIT": "Niet interactief", "LICHTBRON_GROEP": "NALP", "BRANDPROGRAMMA": "D22H6.30 (Doven)", "BRANDPROGRAMMA_GROEP": "DxxHyy DOV" }, "geometry": { "type": "Point", "coordinates": [ 193660.026000000012573, 193820.946999999985565 ] } },
{ "type": "Feature", "properties": { "LOCATIENUMMER": "1970", "STATUS": "In dienst", "INTERACTIVITEIT": "Niet interactief", "LICHTBRON_GROEP": "NAHP", "BRANDPROGRAMMA": "D22H6.30 (Doven)", "BRANDPROGRAMMA_GROEP": "DxxHyy DOV" }, "geometry": { "type": "Point", "coordinates": [ 193562.147999999986496, 193703.53 ] } },
{ "type": "Feature", "properties": { "LOCATIENUMMER": "1971", "STATUS": "In dienst", "INTERACTIVITEIT": "Niet interactief", "LICHTBRON_GROEP": "NALP", "BRANDPROGRAMMA": "N", "BRANDPROGRAMMA_GROEP": "N" }, "geometry": { "type": "Point", "coordinates": [ 193620.429, 193710.50099999998929 ] } },
{ "type": "Feature", "properties": { "LOCATIENUMMER": "1993", "STATUS": "In dienst", "INTERACTIVITEIT": "Niet interactief", "LICHTBRON_GROEP": "NAHP", "BRANDPROGRAMMA": "D22H6.30 (Doven)", "BRANDPROGRAMMA_GROEP": "DxxHyy DOV" }, "geometry": { "type": "Point", "coordinates": [ 193506.557999999989988, 193689.144 ] } },
{ "type": "Feature", "properties": { "LOCATIENUMMER": "1987", "STATUS": "In dienst", "INTERACTIVITEIT": "Niet interactief", "LICHTBRON_GROEP": "NALP", "BRANDPROGRAMMA": "D22H6.30 (Doven)", "BRANDPROGRAMMA_GROEP": "DxxHyy DOV" }, "geometry": { "type": "Point", "coordinates": [ 193591.74900000001071, 193632.196 ] } },
{ "type": "Feature", "properties": { "LOCATIENUMMER": "1990", "STATUS": "In dienst", "INTERACTIVITEIT": "Niet interactief", "LICHTBRON_GROEP": "NALP", "BRANDPROGRAMMA": "N", "BRANDPROGRAMMA_GROEP": "N" }, "geometry": { "type": "Point", "coordinates": [ 193547.089, 193507.241 ] } },
{ "type": "Feature", "properties": { "LOCATIENUMMER": "2007", "STATUS": "In dienst", "INTERACTIVITEIT": "Interactief", "LICHTBRON_GROEP": "LED", "BRANDPROGRAMMA": "BPIV UNI 20-22-23/DIM/4-5-6 VRZA50", "BRANDPROGRAMMA_GROEP": "BPIV DIM" }, "geometry": { "type": "Point", "coordinates": [ 193503.704999999987194, 193362.964 ] } },
{ "type": "Feature", "properties": { "LOCATIENUMMER": "2007", "STATUS": "In dienst", "INTERACTIVITEIT": "Interactief", "LICHTBRON_GROEP": "LED", "BRANDPROGRAMMA": "BPIV UNI 20-22-23/DIM/4-5-6 VRZA50", "BRANDPROGRAMMA_GROEP": "BPIV DIM" }, "geometry": { "type": "Point", "coordinates": [ 193503.704999999987194, 193362.964 ] } },
{ "type": "Feature", "properties": { "LOCATIENUMMER": "2008", "STATUS": "In dienst", "INTERACTIVITEIT": "Interactief", "LICHTBRON_GROEP": "LED", "BRANDPROGRAMMA": "BPIV UNI 20-22-23/DIM/4-5-6 VRZA50", "BRANDPROGRAMMA_GROEP": "BPIV DIM" }, "geometry": { "type": "Point", "coordinates": [ 193486.196999999985565, 193314.149 ] } },
{ "type": "Feature", "properties": { "LOCATIENUMMER": "2008", "STATUS": "In dienst", "INTERACTIVITEIT": "Interactief", "LICHTBRON_GROEP": "LED", "BRANDPROGRAMMA": "BPIV UNI 20-22-23/DIM/4-5-6 VRZA50", "BRANDPROGRAMMA_GROEP": "BPIV DIM" }, "geometry": { "type": "Point", "coordinates": [ 193486.196999999985565, 193314.149 ] } },
{ "type": "Feature", "properties": { "LOCATIENUMMER": "286", "STATUS": "In dienst", "INTERACTIVITEIT": "Interactief", "LICHTBRON_GROEP": "LED", "BRANDPROGRAMMA": "BPIV UNI 20-22-23/DIM/4-5-6 VRZA50", "BRANDPROGRAMMA_GROEP": "BPIV DIM" }, "geometry": { "type": "Point", "coordinates": [ 194455.030999999988126, 200068.256 ] } },
{ "type": "Feature", "properties": { "LOCATIENUMMER": "285", "STATUS": "In dienst", "INTERACTIVITEIT": "Interactief", "LICHTBRON_GROEP": "LED", "BRANDPROGRAMMA": "BPIV UNI 20-22-23/DIM/4-5-6 VRZA50", "BRANDPROGRAMMA_GROEP": "BPIV DIM" }, "geometry": { "type": "Point", "coordinates": [ 194491.366, 200081.299999999988358 ] } },
{ "type": "Feature", "properties": { "LOCATIENUMMER": "284", "STATUS": "In dienst", "INTERACTIVITEIT": "Interactief", "LICHTBRON_GROEP": "LED", "BRANDPROGRAMMA": "BPIV UNI 20-22-23/DIM/4-5-6 VRZA50", "BRANDPROGRAMMA_GROEP": "BPIV DIM" }, "geometry": { "type": "Point", "coordinates": [ 194528.313, 200101.755 ] } },
{ "type": "Feature", "properties": { "LOCATIENUMMER": "283", "STATUS": "In dienst", "INTERACTIVITEIT": "Interactief", "LICHTBRON_GROEP": "LED", "BRANDPROGRAMMA": "BPIV UNI 20-22-23/DIM/4-5-6 VRZA50", "BRANDPROGRAMMA_GROEP": "BPIV DIM" }, "geometry": { "type": "Point", "coordinates": [ 194566.359, 200124.904 ] } },
{ "type": "Feature", "properties": { "LOCATIENUMMER": "1453", "STATUS": "In dienst", "INTERACTIVITEIT": "Interactief", "LICHTBRON_GROEP": "LED", "BRANDPROGRAMMA": "BPIV UNI 20-22-23/DIM/4-5-6 VRZA50", "BRANDPROGRAMMA_GROEP": "BPIV DIM" }, "geometry": { "type": "Point", "coordinates": [ 194592.394999999989523, 200131.487 ] } },
{ "type": "Feature", "properties": { "LOCATIENUMMER": "289", "STATUS": "In dienst", "INTERACTIVITEIT": "Interactief", "LICHTBRON_GROEP": "LED", "BRANDPROGRAMMA": "BPIV UNI 20-22-23/DIM/4-5-6 VRZA50", "BRANDPROGRAMMA_GROEP": "BPIV DIM" }, "geometry": { "type": "Point", "coordinates": [ 194384.32, 199976.60999999998603 ] } },
{ "type": "Feature", "properties": { "LOCATIENUMMER": "288", "STATUS": "In dienst", "INTERACTIVITEIT": "Interactief", "LICHTBRON_GROEP": "LED", "BRANDPROGRAMMA": "BPIV UNI 20-22-23/DIM/4-5-6 VRZA50", "BRANDPROGRAMMA_GROEP": "BPIV DIM" }, "geometry": { "type": "Point", "coordinates": [ 194403.560999999986961, 200004.282 ] } },
{ "type": "Feature", "properties": { "LOCATIENUMMER": "2500", "STATUS": "In dienst", "INTERACTIVITEIT": "Interactief", "LICHTBRON_GROEP": "LED", "BRANDPROGRAMMA": "BPIV UNI 20-22-23/DIM/4-5-6 VRZA50", "BRANDPROGRAMMA_GROEP": "BPIV DIM" }, "geometry": { "type": "Point", "coordinates": [ 190051.727000000013504, 196125.799999999988358 ] } },
{ "type": "Feature", "properties": { "LOCATIENUMMER": "2502", "STATUS": "In dienst", "INTERACTIVITEIT": "Interactief", "LICHTBRON_GROEP": "LED", "BRANDPROGRAMMA": "BPIV UNI 20-22-23/DIM/4-5-6 VRZA50", "BRANDPROGRAMMA_GROEP": "BPIV DIM" }, "geometry": { "type": "Point", "coordinates": [ 189999.147, 196206.74900000001071 ] } },
{ "type": "Feature", "properties": { "LOCATIENUMMER": "838", "STATUS": "In dienst", "INTERACTIVITEIT": "Interactief", "LICHTBRON_GROEP": "LED", "BRANDPROGRAMMA": "BPIV UNI 20-22-23/DIM/4-5-6 VRZA50", "BRANDPROGRAMMA_GROEP": "BPIV DIM" }, "geometry": { "type": "Point", "coordinates": [ 195246.467, 199145.321999999985565 ] } },
{ "type": "Feature", "properties": { "LOCATIENUMMER": "1179", "STATUS": "In dienst", "INTERACTIVITEIT": "Interactief", "LICHTBRON_GROEP": "LED", "BRANDPROGRAMMA": "BPIV UNI 20-22-23/DIM/4-5-6 VRZA50", "BRANDPROGRAMMA_GROEP": "BPIV DIM" }, "geometry": { "type": "Point", "coordinates": [ 195099.547, 199281.256 ] } },
{ "type": "Feature", "properties": { "LOCATIENUMMER": "836", "STATUS": "In dienst", "INTERACTIVITEIT": "Interactief", "LICHTBRON_GROEP": "LED", "BRANDPROGRAMMA": "BPIV UNI 20-22-23/DIM/4-5-6 VRZA50", "BRANDPROGRAMMA_GROEP": "BPIV DIM" }, "geometry": { "type": "Point", "coordinates": [ 195181.185999999986961, 199201.877 ] } },
{ "type": "Feature", "properties": { "LOCATIENUMMER": "1177", "STATUS": "In dienst", "INTERACTIVITEIT": "Interactief", "LICHTBRON_GROEP": "LED", "BRANDPROGRAMMA": "BPIV UNI 20-22-23/DIM/4-5-6 VRZA50", "BRANDPROGRAMMA_GROEP": "BPIV DIM" }, "geometry": { "type": "Point", "coordinates": [ 195165.582, 199242.636 ] } },
{ "type": "Feature", "properties": { "LOCATIENUMMER": "658", "STATUS": "In dienst", "INTERACTIVITEIT": "Interactief", "LICHTBRON_GROEP": "LED", "BRANDPROGRAMMA": "BPIV UNI 20-22-23/DIM/4-5-6 VRZA50", "BRANDPROGRAMMA_GROEP": "BPIV DIM" }, "geometry": { "type": "Point", "coordinates": [ 194226.174, 199920.481 ] } },
{ "type": "Feature", "properties": { "LOCATIENUMMER": "659", "STATUS": "In dienst", "INTERACTIVITEIT": "Interactief", "LICHTBRON_GROEP": "LED", "BRANDPROGRAMMA": "BPIV UNI 20-22-23/DIM/4-5-6 VRZA50", "BRANDPROGRAMMA_GROEP": "BPIV DIM" }, "geometry": { "type": "Point", "coordinates": [ 194226.943999999988591, 199956.684 ] } },
{ "type": "Feature", "properties": { "LOCATIENUMMER": "654", "STATUS": "In dienst", "INTERACTIVITEIT": "Interactief", "LICHTBRON_GROEP": "LED", "BRANDPROGRAMMA": "BPIV UNI 20-22-23/DIM/4-5-6 VRZA50", "BRANDPROGRAMMA_GROEP": "BPIV DIM" }, "geometry": { "type": "Point", "coordinates": [ 194226.771, 199860.327 ] } },
{ "type": "Feature", "properties": { "LOCATIENUMMER": "655", "STATUS": "In dienst", "INTERACTIVITEIT": "Interactief", "LICHTBRON_GROEP": "LED", "BRANDPROGRAMMA": "BPIV UNI 20-22-23/DIM/4-5-6 VRZA50", "BRANDPROGRAMMA_GROEP": "BPIV DIM" }, "geometry": { "type": "Point", "coordinates": [ 194225.711000000010245, 199880.352000000013504 ] } },
{ "type": "Feature", "properties": { "LOCATIENUMMER": "1104", "STATUS": "In dienst", "INTERACTIVITEIT": "Interactief-ready", "LICHTBRON_GROEP": "LED", "BRANDPROGRAMMA": "N", "BRANDPROGRAMMA_GROEP": "N" }, "geometry": { "type": "Point", "coordinates": [ 194454.964, 199737.74900000001071 ] } },
{ "type": "Feature", "properties": { "LOCATIENUMMER": "897", "STATUS": "In dienst", "INTERACTIVITEIT": "Interactief", "LICHTBRON_GROEP": "LED", "BRANDPROGRAMMA": "BPIV UNI 20-22-23/DIM/4-5-6 VRZA50", "BRANDPROGRAMMA_GROEP": "BPIV DIM" }, "geometry": { "type": "Point", "coordinates": [ 194394.846, 199739.87599999998929 ] } },
{ "type": "Feature", "properties": { "LOCATIENUMMER": "622", "STATUS": "In dienst", "INTERACTIVITEIT": "Interactief-ready", "LICHTBRON_GROEP": "LED", "BRANDPROGRAMMA": "D22H6.30 (Doven)", "BRANDPROGRAMMA_GROEP": "DxxHyy DOV" }, "geometry": { "type": "Point", "coordinates": [ 194198.503999999986263, 199639.785 ] } },
{ "type": "Feature", "properties": { "LOCATIENUMMER": "619", "STATUS": "In dienst", "INTERACTIVITEIT": "Niet interactief", "LICHTBRON_GROEP": "NAHP", "BRANDPROGRAMMA": "N", "BRANDPROGRAMMA_GROEP": "N" }, "geometry": { "type": "Point", "coordinates": [ 194169.405999999988126, 199640.669 ] } },
{ "type": "Feature", "properties": { "LOCATIENUMMER": "4664", "STATUS": "In dienst", "INTERACTIVITEIT": "Interactief", "LICHTBRON_GROEP": "LED", "BRANDPROGRAMMA": "BPIV UNI 20-22-23/DIM/4-5-6 VRZA50", "BRANDPROGRAMMA_GROEP": "BPIV DIM" }, "geometry": { "type": "Point", "coordinates": [ 194158.763, 199611.162000000011176 ] } },
{ "type": "Feature", "properties": { "LOCATIENUMMER": "625", "STATUS": "In dienst", "INTERACTIVITEIT": "Interactief", "LICHTBRON_GROEP": "LED", "BRANDPROGRAMMA": "BPIV UNI 20-22-23/DIM/4-5-6 VRZA50", "BRANDPROGRAMMA_GROEP": "BPIV DIM" }, "geometry": { "type": "Point", "coordinates": [ 194126.193, 199641.791999999986729 ] } },
{ "type": "Feature", "properties": { "LOCATIENUMMER": "1102", "STATUS": "In dienst", "INTERACTIVITEIT": "Interactief-ready", "LICHTBRON_GROEP": "LED", "BRANDPROGRAMMA": "N", "BRANDPROGRAMMA_GROEP": "N" }, "geometry": { "type": "Point", "coordinates": [ 194504.498, 199736.803000000014435 ] } },
{ "type": "Feature", "properties": { "LOCATIENUMMER": "1103", "STATUS": "In dienst", "INTERACTIVITEIT": "Interactief-ready", "LICHTBRON_GROEP": "LED", "BRANDPROGRAMMA": "N", "BRANDPROGRAMMA_GROEP": "N" }, "geometry": { "type": "Point", "coordinates": [ 194479.913999999989755, 199742.002 ] } },
{ "type": "Feature", "properties": { "LOCATIENUMMER": "899", "STATUS": "In dienst", "INTERACTIVITEIT": "Interactief", "LICHTBRON_GROEP": "LED", "BRANDPROGRAMMA": "BPIV UNI 20-22-23/DIM/4-5-6 VRZA50", "BRANDPROGRAMMA_GROEP": "BPIV DIM" }, "geometry": { "type": "Point", "coordinates": [ 194327.913999999989755, 199721.068999999988591 ] } },
{ "type": "Feature", "properties": { "LOCATIENUMMER": "627", "STATUS": "In dienst", "INTERACTIVITEIT": "Interactief", "LICHTBRON_GROEP": "LED", "BRANDPROGRAMMA": "BPIV UNI 20-22-23/DIM/4-5-6 VRZA50", "BRANDPROGRAMMA_GROEP": "BPIV DIM" }, "geometry": { "type": "Point", "coordinates": [ 194050.051, 199641.419 ] } },
{ "type": "Feature", "properties": { "LOCATIENUMMER": "900", "STATUS": "In dienst", "INTERACTIVITEIT": "Interactief", "LICHTBRON_GROEP": "LED", "BRANDPROGRAMMA": "BPIV UNI 20-22-23/DIM/4-5-6 VRZA50", "BRANDPROGRAMMA_GROEP": "BPIV DIM" }, "geometry": { "type": "Point", "coordinates": [ 194298.774, 199706.981 ] } },
{ "type": "Feature", "properties": { "LOCATIENUMMER": "615", "STATUS": "In dienst", "INTERACTIVITEIT": "Niet interactief", "LICHTBRON_GROEP": "NAHP", "BRANDPROGRAMMA": "N", "BRANDPROGRAMMA_GROEP": "N" }, "geometry": { "type": "Point", "coordinates": [ 194267.231, 199691.552 ] } },
{ "type": "Feature", "properties": { "LOCATIENUMMER": "629", "STATUS": "In dienst", "INTERACTIVITEIT": "Interactief", "LICHTBRON_GROEP": "LED", "BRANDPROGRAMMA": "BPIV UNI 20-22-23/DIM/4-5-6 VRZA50", "BRANDPROGRAMMA_GROEP": "BPIV DIM" }, "geometry": { "type": "Point", "coordinates": [ 193990.522, 199639.682999999989988 ] } },
{ "type": "Feature", "properties": { "LOCATIENUMMER": "4662", "STATUS": "In dienst", "INTERACTIVITEIT": "Interactief", "LICHTBRON_GROEP": "LED", "BRANDPROGRAMMA": "BPIV UNI 20-22-23/DIM/4-5-6 VRZA50", "BRANDPROGRAMMA_GROEP": "BPIV DIM" }, "geometry": { "type": "Point", "coordinates": [ 194240.503, 199677.75700000001234 ] } },
{ "type": "Feature", "properties": { "LOCATIENUMMER": "4663", "STATUS": "In dienst", "INTERACTIVITEIT": "Interactief", "LICHTBRON_GROEP": "LED", "BRANDPROGRAMMA": "BPIV UNI 20-22-23/DIM/4-5-6 VRZA50", "BRANDPROGRAMMA_GROEP": "BPIV DIM" }, "geometry": { "type": "Point", "coordinates": [ 194212.846, 199664.519 ] } },
{ "type": "Feature", "properties": { "LOCATIENUMMER": "633", "STATUS": "In dienst", "INTERACTIVITEIT": "Interactief", "LICHTBRON_GROEP": "LED", "BRANDPROGRAMMA": "BPIV UNI 20-22-23/DIM/4-5-6 VRZA50", "BRANDPROGRAMMA_GROEP": "BPIV DIM" }, "geometry": { "type": "Point", "coordinates": [ 193905.836000000010245, 199638.823 ] } },
{ "type": "Feature", "properties": { "LOCATIENUMMER": "623", "STATUS": "In dienst", "INTERACTIVITEIT": "Interactief-ready", "LICHTBRON_GROEP": "LED", "BRANDPROGRAMMA": "N", "BRANDPROGRAMMA_GROEP": "N" }, "geometry": { "type": "Point", "coordinates": [ 194254.416, 199612.246000000013737 ] } },
{ "type": "Feature", "properties": { "LOCATIENUMMER": "4118", "STATUS": "In dienst", "INTERACTIVITEIT": "Niet interactief", "LICHTBRON_GROEP": "NAHP", "BRANDPROGRAMMA": "D22H6.30 (Doven)", "BRANDPROGRAMMA_GROEP": "DxxHyy DOV" }, "geometry": { "type": "Point", "coordinates": [ 194496.392, 196763.943 ] } },
{ "type": "Feature", "properties": { "LOCATIENUMMER": "4122", "STATUS": "In dienst", "INTERACTIVITEIT": "Niet interactief", "LICHTBRON_GROEP": "NAHP", "BRANDPROGRAMMA": "D22H6.30 (Doven)", "BRANDPROGRAMMA_GROEP": "DxxHyy DOV" }, "geometry": { "type": "Point", "coordinates": [ 194328.672, 196788.547 ] } },
{ "type": "Feature", "properties": { "LOCATIENUMMER": "4120", "STATUS": "In dienst", "INTERACTIVITEIT": "Niet interactief", "LICHTBRON_GROEP": "NAHP", "BRANDPROGRAMMA": "D22H6.30 (Doven)", "BRANDPROGRAMMA_GROEP": "DxxHyy DOV" }, "geometry": { "type": "Point", "coordinates": [ 194407.864, 196755.923 ] } },
{ "type": "Feature", "properties": { "LOCATIENUMMER": "3720", "STATUS": "In dienst", "INTERACTIVITEIT": "Interactief", "LICHTBRON_GROEP": "LED", "BRANDPROGRAMMA": "BPIV UNI 20-22-23/DIM/4-5-6 VRZA50", "BRANDPROGRAMMA_GROEP": "BPIV DIM" }, "geometry": { "type": "Point", "coordinates": [ 197253.945, 197387.524 ] } },
{ "type": "Feature", "properties": { "LOCATIENUMMER": "3201", "STATUS": "In dienst", "INTERACTIVITEIT": "Interactief", "LICHTBRON_GROEP": "LED", "BRANDPROGRAMMA": "BPIV UNI 20-22-23/DIM/4-5-6 VRZA50", "BRANDPROGRAMMA_GROEP": "BPIV DIM" }, "geometry": { "type": "Point", "coordinates": [ 197288.305, 197408.938 ] } },
{ "type": "Feature", "properties": { "LOCATIENUMMER": "3199", "STATUS": "In dienst", "INTERACTIVITEIT": "Interactief", "LICHTBRON_GROEP": "LED", "BRANDPROGRAMMA": "BPIV UNI 20-22-23/DIM/4-5-6 VRZA50", "BRANDPROGRAMMA_GROEP": "BPIV DIM" }, "geometry": { "type": "Point", "coordinates": [ 197356.567000000010012, 197452.611 ] } },
{ "type": "Feature", "properties": { "LOCATIENUMMER": "3198", "STATUS": "In dienst", "INTERACTIVITEIT": "Interactief", "LICHTBRON_GROEP": "LED", "BRANDPROGRAMMA": "BPIV UNI 20-22-23/DIM/4-5-6 VRZA50", "BRANDPROGRAMMA_GROEP": "BPIV DIM" }, "geometry": { "type": "Point", "coordinates": [ 197391.011999999987893, 197474.044 ] } },
{ "type": "Feature", "properties": { "LOCATIENUMMER": "3764", "STATUS": "In dienst", "INTERACTIVITEIT": "Interactief", "LICHTBRON_GROEP": "LED", "BRANDPROGRAMMA": "BPIV UNI 20-22-23/DIM/4-5-6 VRZA50", "BRANDPROGRAMMA_GROEP": "BPIV DIM" }, "geometry": { "type": "Point", "coordinates": [ 196627.49, 197118.429 ] } },
{ "type": "Feature", "properties": { "LOCATIENUMMER": "3197", "STATUS": "In dienst", "INTERACTIVITEIT": "Interactief", "LICHTBRON_GROEP": "LED", "BRANDPROGRAMMA": "BPIV UNI 20-22-23/DIM/4-5-6 VRZA50", "BRANDPROGRAMMA_GROEP": "BPIV DIM" }, "geometry": { "type": "Point", "coordinates": [ 197424.351, 197494.562 ] } },
{ "type": "Feature", "properties": { "LOCATIENUMMER": "3196", "STATUS": "In dienst", "INTERACTIVITEIT": "Interactief", "LICHTBRON_GROEP": "LED", "BRANDPROGRAMMA": "BPIV UNI 20-22-23/DIM/4-5-6 VRZA50", "BRANDPROGRAMMA_GROEP": "BPIV DIM" }, "geometry": { "type": "Point", "coordinates": [ 197459.329, 197516.51500000001397 ] } },
{ "type": "Feature", "properties": { "LOCATIENUMMER": "3195", "STATUS": "In dienst", "INTERACTIVITEIT": "Interactief", "LICHTBRON_GROEP": "LED", "BRANDPROGRAMMA": "BPIV UNI 20-22-23/DIM/4-5-6 VRZA50", "BRANDPROGRAMMA_GROEP": "BPIV DIM" }, "geometry": { "type": "Point", "coordinates": [ 197492.236, 197536.744 ] } },
{ "type": "Feature", "properties": { "LOCATIENUMMER": "3727", "STATUS": "In dienst", "INTERACTIVITEIT": "Interactief", "LICHTBRON_GROEP": "LED", "BRANDPROGRAMMA": "BPIV UNI 20-22-23/DIM/4-5-6 VRZA50", "BRANDPROGRAMMA_GROEP": "BPIV DIM" }, "geometry": { "type": "Point", "coordinates": [ 196516.866, 197086.443999999988591 ] } },
{ "type": "Feature", "properties": { "LOCATIENUMMER": "3762", "STATUS": "In dienst", "INTERACTIVITEIT": "Interactief", "LICHTBRON_GROEP": "LED", "BRANDPROGRAMMA": "BPIV UNI 20-22-23/DIM/4-5-6 VRZA50", "BRANDPROGRAMMA_GROEP": "BPIV DIM" }, "geometry": { "type": "Point", "coordinates": [ 196545.89000000001397, 197095.011999999987893 ] } },
{ "type": "Feature", "properties": { "LOCATIENUMMER": "3766", "STATUS": "In dienst", "INTERACTIVITEIT": "Interactief", "LICHTBRON_GROEP": "LED", "BRANDPROGRAMMA": "BPIV UNI 20-22-23/DIM/4-5-6 VRZA50", "BRANDPROGRAMMA_GROEP": "BPIV DIM" }, "geometry": { "type": "Point", "coordinates": [ 196697.467, 197138.136999999987893 ] } },
{ "type": "Feature", "properties": { "LOCATIENUMMER": "3724", "STATUS": "In dienst", "INTERACTIVITEIT": "Interactief", "LICHTBRON_GROEP": "LED", "BRANDPROGRAMMA": "BPIV UNI 20-22-23/DIM/4-5-6 VRZA50", "BRANDPROGRAMMA_GROEP": "BPIV DIM" }, "geometry": { "type": "Point", "coordinates": [ 196739.204999999987194, 197149.912000000011176 ] } },
{ "type": "Feature", "properties": { "LOCATIENUMMER": "3701", "STATUS": "In dienst", "INTERACTIVITEIT": "Interactief", "LICHTBRON_GROEP": "LED", "BRANDPROGRAMMA": "BPIV UNI 20-22-23/DIM/4-5-6 VRZA50", "BRANDPROGRAMMA_GROEP": "BPIV DIM" }, "geometry": { "type": "Point", "coordinates": [ 196775.706, 197159.864 ] } },
{ "type": "Feature", "properties": { "LOCATIENUMMER": "3699", "STATUS": "In dienst", "INTERACTIVITEIT": "Interactief", "LICHTBRON_GROEP": "LED", "BRANDPROGRAMMA": "BPIV UNI 20-22-23/DIM/4-5-6 VRZA50", "BRANDPROGRAMMA_GROEP": "BPIV DIM" }, "geometry": { "type": "Point", "coordinates": [ 196850.076, 197180.82 ] } },
{ "type": "Feature", "properties": { "LOCATIENUMMER": "3698", "STATUS": "In dienst", "INTERACTIVITEIT": "Interactief", "LICHTBRON_GROEP": "LED", "BRANDPROGRAMMA": "BPIV UNI 20-22-23/DIM/4-5-6 VRZA50", "BRANDPROGRAMMA_GROEP": "BPIV DIM" }, "geometry": { "type": "Point", "coordinates": [ 196881.329999999987194, 197189.518000000010943 ] } },
{ "type": "Feature", "properties": { "LOCATIENUMMER": "3697", "STATUS": "In dienst", "INTERACTIVITEIT": "Interactief", "LICHTBRON_GROEP": "LED", "BRANDPROGRAMMA": "BPIV UNI 20-22-23/DIM/4-5-6 VRZA50", "BRANDPROGRAMMA_GROEP": "BPIV DIM" }, "geometry": { "type": "Point", "coordinates": [ 196922.627, 197201.611 ] } },
{ "type": "Feature", "properties": { "LOCATIENUMMER": "3715", "STATUS": "In dienst", "INTERACTIVITEIT": "Interactief", "LICHTBRON_GROEP": "LED", "BRANDPROGRAMMA": "BPIV UNI 20-22-23/DIM/4-5-6 VRZA50", "BRANDPROGRAMMA_GROEP": "BPIV DIM" }, "geometry": { "type": "Point", "coordinates": [ 197002.13, 197240.983 ] } },
{ "type": "Feature", "properties": { "LOCATIENUMMER": "3696", "STATUS": "In dienst", "INTERACTIVITEIT": "Interactief", "LICHTBRON_GROEP": "LED", "BRANDPROGRAMMA": "BPIV UNI 20-22-23/DIM/4-5-6 VRZA50", "BRANDPROGRAMMA_GROEP": "BPIV DIM" }, "geometry": { "type": "Point", "coordinates": [ 196963.884, 197214.897 ] } },
{ "type": "Feature", "properties": { "LOCATIENUMMER": "3710", "STATUS": "In dienst", "INTERACTIVITEIT": "Interactief", "LICHTBRON_GROEP": "LED", "BRANDPROGRAMMA": "BPIV UNI 20-22-23/DIM/4-5-6 VRZA50", "BRANDPROGRAMMA_GROEP": "BPIV DIM" }, "geometry": { "type": "Point", "coordinates": [ 196988.787000000011176, 197370.723 ] } },
{ "type": "Feature", "properties": { "LOCATIENUMMER": "3714", "STATUS": "In dienst", "INTERACTIVITEIT": "Interactief", "LICHTBRON_GROEP": "LED", "BRANDPROGRAMMA": "BPIV UNI 20-22-23/DIM/4-5-6 VRZA50", "BRANDPROGRAMMA_GROEP": "BPIV DIM" }, "geometry": { "type": "Point", "coordinates": [ 196940.096, 197529.285 ] } },
{ "type": "Feature", "properties": { "LOCATIENUMMER": "3723", "STATUS": "In dienst", "INTERACTIVITEIT": "Interactief", "LICHTBRON_GROEP": "LED", "BRANDPROGRAMMA": "BPIV UNI 20-22-23/DIM/4-5-6 VRZA50", "BRANDPROGRAMMA_GROEP": "BPIV DIM" }, "geometry": { "type": "Point", "coordinates": [ 197042.327, 197259.078 ] } },
{ "type": "Feature", "properties": { "LOCATIENUMMER": "3722", "STATUS": "In dienst", "INTERACTIVITEIT": "Interactief", "LICHTBRON_GROEP": "LED", "BRANDPROGRAMMA": "BPIV UNI 20-22-23/DIM/4-5-6 VRZA50", "BRANDPROGRAMMA_GROEP": "BPIV DIM" }, "geometry": { "type": "Point", "coordinates": [ 197077.028, 197279.016 ] } },
{ "type": "Feature", "properties": { "LOCATIENUMMER": "3716", "STATUS": "In dienst", "INTERACTIVITEIT": "Interactief", "LICHTBRON_GROEP": "LED", "BRANDPROGRAMMA": "BPIV UNI 20-22-23/DIM/4-5-6 VRZA50", "BRANDPROGRAMMA_GROEP": "BPIV DIM" }, "geometry": { "type": "Point", "coordinates": [ 197107.837, 197338.354 ] } },
{ "type": "Feature", "properties": { "LOCATIENUMMER": "3717", "STATUS": "In dienst", "INTERACTIVITEIT": "Interactief", "LICHTBRON_GROEP": "LED", "BRANDPROGRAMMA": "BPIV UNI 20-22-23/DIM/4-5-6 VRZA50", "BRANDPROGRAMMA_GROEP": "BPIV DIM" }, "geometry": { "type": "Point", "coordinates": [ 197113.854, 197301.155999999988126 ] } },
{ "type": "Feature", "properties": { "LOCATIENUMMER": "3718", "STATUS": "In dienst", "INTERACTIVITEIT": "Interactief", "LICHTBRON_GROEP": "LED", "BRANDPROGRAMMA": "BPIV UNI 20-22-23/DIM/4-5-6 VRZA50", "BRANDPROGRAMMA_GROEP": "BPIV DIM" }, "geometry": { "type": "Point", "coordinates": [ 197146.171, 197321.106999999989057 ] } },
{ "type": "Feature", "properties": { "LOCATIENUMMER": "3719", "STATUS": "In dienst", "INTERACTIVITEIT": "Interactief", "LICHTBRON_GROEP": "LED", "BRANDPROGRAMMA": "BPIV UNI 20-22-23/DIM/4-5-6 VRZA50", "BRANDPROGRAMMA_GROEP": "BPIV DIM" }, "geometry": { "type": "Point", "coordinates": [ 197180.087999999988824, 197342.446 ] } },
{ "type": "Feature", "properties": { "LOCATIENUMMER": "3200", "STATUS": "In dienst", "INTERACTIVITEIT": "Interactief", "LICHTBRON_GROEP": "LED", "BRANDPROGRAMMA": "BPIV UNI 20-22-23/DIM/4-5-6 VRZA50", "BRANDPROGRAMMA_GROEP": "BPIV DIM" }, "geometry": { "type": "Point", "coordinates": [ 197322.759, 197430.222 ] } },
{ "type": "Feature", "properties": { "LOCATIENUMMER": "3721", "STATUS": "In dienst", "INTERACTIVITEIT": "Interactief", "LICHTBRON_GROEP": "LED", "BRANDPROGRAMMA": "BPIV UNI 20-22-23/DIM/4-5-6 VRZA50", "BRANDPROGRAMMA_GROEP": "BPIV DIM" }, "geometry": { "type": "Point", "coordinates": [ 197216.454999999987194, 197364.459 ] } },
{ "type": "Feature", "properties": { "LOCATIENUMMER": "2225", "STATUS": "In dienst", "INTERACTIVITEIT": "Niet interactief", "LICHTBRON_GROEP": "MHHP-QZ", "BRANDPROGRAMMA": "D22H6.30 (Doven)", "BRANDPROGRAMMA_GROEP": "DxxHyy DOV" }, "geometry": { "type": "Point", "coordinates": [ 192772.848999999987427, 195774.443999999988591 ] } },
{ "type": "Feature", "properties": { "LOCATIENUMMER": "2231", "STATUS": "In dienst", "INTERACTIVITEIT": "Niet interactief", "LICHTBRON_GROEP": "MHHP-QZ", "BRANDPROGRAMMA": "D22H6.30 (Doven)", "BRANDPROGRAMMA_GROEP": "DxxHyy DOV" }, "geometry": { "type": "Point", "coordinates": [ 192785.587, 195831.608 ] } },
{ "type": "Feature", "properties": { "LOCATIENUMMER": "2232", "STATUS": "In dienst", "INTERACTIVITEIT": "Niet interactief", "LICHTBRON_GROEP": "MHHP-QZ", "BRANDPROGRAMMA": "N", "BRANDPROGRAMMA_GROEP": "N" }, "geometry": { "type": "Point", "coordinates": [ 192779.029, 195858.49299999998766 ] } },
{ "type": "Feature", "properties": { "LOCATIENUMMER": "2240", "STATUS": "In dienst", "INTERACTIVITEIT": "Niet interactief", "LICHTBRON_GROEP": "MHHP-QZ", "BRANDPROGRAMMA": "D22H6.30 (Doven)", "BRANDPROGRAMMA_GROEP": "DxxHyy DOV" }, "geometry": { "type": "Point", "coordinates": [ 192717.362, 195910.646 ] } },
{ "type": "Feature", "properties": { "LOCATIENUMMER": "2240", "STATUS": "In dienst", "INTERACTIVITEIT": "Niet interactief", "LICHTBRON_GROEP": "MHHP-QZ", "BRANDPROGRAMMA": "D22H6.30 (Doven)", "BRANDPROGRAMMA_GROEP": "DxxHyy DOV" }, "geometry": { "type": "Point", "coordinates": [ 192717.362, 195910.646 ] } },
{ "type": "Feature", "properties": { "LOCATIENUMMER": "2233", "STATUS": "In dienst", "INTERACTIVITEIT": "Niet interactief", "LICHTBRON_GROEP": "MHHP-QZ", "BRANDPROGRAMMA": "D22H6.30 (Doven)", "BRANDPROGRAMMA_GROEP": "DxxHyy DOV" }, "geometry": { "type": "Point", "coordinates": [ 192772.513, 195885.467 ] } },
{ "type": "Feature", "properties": { "LOCATIENUMMER": "2234", "STATUS": "In dienst", "INTERACTIVITEIT": "Niet interactief", "LICHTBRON_GROEP": "MHHP-QZ", "BRANDPROGRAMMA": "N", "BRANDPROGRAMMA_GROEP": "N" }, "geometry": { "type": "Point", "coordinates": [ 192765.949, 195915.861 ] } },
{ "type": "Feature", "properties": { "LOCATIENUMMER": "2217", "STATUS": "In dienst", "INTERACTIVITEIT": "Niet interactief", "LICHTBRON_GROEP": "MHHP-QZ", "BRANDPROGRAMMA": "D22H6.30 (Doven)", "BRANDPROGRAMMA_GROEP": "DxxHyy DOV" }, "geometry": { "type": "Point", "coordinates": [ 192806.85999999998603, 195743.407 ] } },
{ "type": "Feature", "properties": { "LOCATIENUMMER": "2237", "STATUS": "In dienst", "INTERACTIVITEIT": "Niet interactief", "LICHTBRON_GROEP": "MHHP-QZ", "BRANDPROGRAMMA": "D22H6.30 (Doven)", "BRANDPROGRAMMA_GROEP": "DxxHyy DOV" }, "geometry": { "type": "Point", "coordinates": [ 192739.844000000011874, 195948.333000000013271 ] } },
{ "type": "Feature", "properties": { "LOCATIENUMMER": "2216", "STATUS": "In dienst", "INTERACTIVITEIT": "Niet interactief", "LICHTBRON_GROEP": "MHHP-QZ", "BRANDPROGRAMMA": "N", "BRANDPROGRAMMA_GROEP": "N" }, "geometry": { "type": "Point", "coordinates": [ 192800.295000000012806, 195777.897999999986496 ] } },
{ "type": "Feature", "properties": { "LOCATIENUMMER": "2230", "STATUS": "In dienst", "INTERACTIVITEIT": "Niet interactief", "LICHTBRON_GROEP": "MHHP-QZ", "BRANDPROGRAMMA": "D22H6.30 (Doven)", "BRANDPROGRAMMA_GROEP": "DxxHyy DOV" }, "geometry": { "type": "Point", "coordinates": [ 192791.978, 195805.003999999986263 ] } },
{ "type": "Feature", "properties": { "LOCATIENUMMER": "3919", "STATUS": "In dienst", "INTERACTIVITEIT": "Interactief", "LICHTBRON_GROEP": "LED", "BRANDPROGRAMMA": "BPIV UNI 20-22-23/DIM/4-5-6 VRZA50", "BRANDPROGRAMMA_GROEP": "BPIV DIM" }, "geometry": { "type": "Point", "coordinates": [ 190978.212999999988824, 197273.38 ] } },
{ "type": "Feature", "properties": { "LOCATIENUMMER": "3921", "STATUS": "In dienst", "INTERACTIVITEIT": "Interactief", "LICHTBRON_GROEP": "LED", "BRANDPROGRAMMA": "BPIV UNI 20-22-23/DIM/4-5-6 VRZA50", "BRANDPROGRAMMA_GROEP": "BPIV DIM" }, "geometry": { "type": "Point", "coordinates": [ 191021.87599999998929, 197353.18 ] } },
{ "type": "Feature", "properties": { "LOCATIENUMMER": "3923", "STATUS": "In dienst", "INTERACTIVITEIT": "Interactief", "LICHTBRON_GROEP": "LED", "BRANDPROGRAMMA": "BPIV UNI 20-22-23/DIM/4-5-6 VRZA50", "BRANDPROGRAMMA_GROEP": "BPIV DIM" }, "geometry": { "type": "Point", "coordinates": [ 191061.951, 197427.025 ] } },
{ "type": "Feature", "properties": { "LOCATIENUMMER": "3925", "STATUS": "In dienst", "INTERACTIVITEIT": "Interactief", "LICHTBRON_GROEP": "LED", "BRANDPROGRAMMA": "BPIV UNI 20-22-23/DIM/4-5-6 VRZA50", "BRANDPROGRAMMA_GROEP": "BPIV DIM" }, "geometry": { "type": "Point", "coordinates": [ 191074.333000000013271, 197502.136999999987893 ] } },
{ "type": "Feature", "properties": { "LOCATIENUMMER": "3927", "STATUS": "In dienst", "INTERACTIVITEIT": "Interactief", "LICHTBRON_GROEP": "LED", "BRANDPROGRAMMA": "BPIV UNI 20-22-23/DIM/4-5-6 VRZA50", "BRANDPROGRAMMA_GROEP": "BPIV DIM" }, "geometry": { "type": "Point", "coordinates": [ 191077.168, 197583.401000000012573 ] } },
{ "type": "Feature", "properties": { "LOCATIENUMMER": "3930", "STATUS": "In dienst", "INTERACTIVITEIT": "Interactief", "LICHTBRON_GROEP": "LED", "BRANDPROGRAMMA": "BPIV UNI 20-22-23/DIM/4-5-6 VRZA50", "BRANDPROGRAMMA_GROEP": "BPIV DIM" }, "geometry": { "type": "Point", "coordinates": [ 191166.871000000013737, 197659.424999999988358 ] } },
{ "type": "Feature", "properties": { "LOCATIENUMMER": "3932", "STATUS": "In dienst", "INTERACTIVITEIT": "Interactief", "LICHTBRON_GROEP": "LED", "BRANDPROGRAMMA": "BPIV UNI 20-22-23/DIM/4-5-6 VRZA50", "BRANDPROGRAMMA_GROEP": "BPIV DIM" }, "geometry": { "type": "Point", "coordinates": [ 191223.348, 197722.298 ] } },
{ "type": "Feature", "properties": { "LOCATIENUMMER": "3", "STATUS": "In dienst", "INTERACTIVITEIT": "Interactief-ready", "LICHTBRON_GROEP": "LED", "BRANDPROGRAMMA": "N", "BRANDPROGRAMMA_GROEP": "N" }, "geometry": { "type": "Point", "coordinates": [ 199473.99900000001071, 197752.019 ] } },
{ "type": "Feature", "properties": { "LOCATIENUMMER": "31", "STATUS": "In dienst", "INTERACTIVITEIT": "Interactief-ready", "LICHTBRON_GROEP": "LED", "BRANDPROGRAMMA": "D22H6.30 (Doven)", "BRANDPROGRAMMA_GROEP": "DxxHyy DOV" }, "geometry": { "type": "Point", "coordinates": [ 199451.644, 197746.279 ] } },
{ "type": "Feature", "properties": { "LOCATIENUMMER": "2", "STATUS": "In dienst", "INTERACTIVITEIT": "Interactief-ready", "LICHTBRON_GROEP": "LED", "BRANDPROGRAMMA": "D22H6.30 (Doven)", "BRANDPROGRAMMA_GROEP": "DxxHyy DOV" }, "geometry": { "type": "Point", "coordinates": [ 199460.23499999998603, 197779.954 ] } },
{ "type": "Feature", "properties": { "LOCATIENUMMER": "1", "STATUS": "In dienst", "INTERACTIVITEIT": "Interactief-ready", "LICHTBRON_GROEP": "LED", "BRANDPROGRAMMA": "D22H6.30 (Doven)", "BRANDPROGRAMMA_GROEP": "DxxHyy DOV" }, "geometry": { "type": "Point", "coordinates": [ 199446.39000000001397, 197807.532 ] } },
{ "type": "Feature", "properties": { "LOCATIENUMMER": "6", "STATUS": "In dienst", "INTERACTIVITEIT": "Interactief-ready", "LICHTBRON_GROEP": "LED", "BRANDPROGRAMMA": "D22H6.30 (Doven)", "BRANDPROGRAMMA_GROEP": "DxxHyy DOV" }, "geometry": { "type": "Point", "coordinates": [ 199503.018000000010943, 197664.453 ] } },
{ "type": "Feature", "properties": { "LOCATIENUMMER": "5", "STATUS": "In dienst", "INTERACTIVITEIT": "Interactief-ready", "LICHTBRON_GROEP": "LED", "BRANDPROGRAMMA": "N", "BRANDPROGRAMMA_GROEP": "N" }, "geometry": { "type": "Point", "coordinates": [ 199502.403, 197693.084 ] } },
{ "type": "Feature", "properties": { "LOCATIENUMMER": "10", "STATUS": "In dienst", "INTERACTIVITEIT": "Interactief-ready", "LICHTBRON_GROEP": "LED", "BRANDPROGRAMMA": "D22H6.30 (Doven)", "BRANDPROGRAMMA_GROEP": "DxxHyy DOV" }, "geometry": { "type": "Point", "coordinates": [ 199420.233, 197813.032 ] } },
{ "type": "Feature", "properties": { "LOCATIENUMMER": "13", "STATUS": "In dienst", "INTERACTIVITEIT": "Interactief-ready", "LICHTBRON_GROEP": "LED", "BRANDPROGRAMMA": "D22H6.30 (Doven)", "BRANDPROGRAMMA_GROEP": "DxxHyy DOV" }, "geometry": { "type": "Point", "coordinates": [ 199366.496000000013737, 197786.644999999989523 ] } },
{ "type": "Feature", "properties": { "LOCATIENUMMER": "14", "STATUS": "In dienst", "INTERACTIVITEIT": "Interactief-ready", "LICHTBRON_GROEP": "LED", "BRANDPROGRAMMA": "N", "BRANDPROGRAMMA_GROEP": "N" }, "geometry": { "type": "Point", "coordinates": [ 199359.189000000013039, 197774.35999999998603 ] } },
{ "type": "Feature", "properties": { "LOCATIENUMMER": "8", "STATUS": "In dienst", "INTERACTIVITEIT": "Interactief-ready", "LICHTBRON_GROEP": "LED", "BRANDPROGRAMMA": "D22H6.30 (Doven)", "BRANDPROGRAMMA_GROEP": "DxxHyy DOV" }, "geometry": { "type": "Point", "coordinates": [ 199416.196, 197850.113000000012107 ] } },
{ "type": "Feature", "properties": { "LOCATIENUMMER": "9", "STATUS": "In dienst", "INTERACTIVITEIT": "Interactief-ready", "LICHTBRON_GROEP": "LED", "BRANDPROGRAMMA": "N", "BRANDPROGRAMMA_GROEP": "N" }, "geometry": { "type": "Point", "coordinates": [ 199427.945, 197829.263 ] } },
{ "type": "Feature", "properties": { "LOCATIENUMMER": "33", "STATUS": "In dienst", "INTERACTIVITEIT": "Interactief-ready", "LICHTBRON_GROEP": "LED", "BRANDPROGRAMMA": "D22H6.30 (Doven)", "BRANDPROGRAMMA_GROEP": "DxxHyy DOV" }, "geometry": { "type": "Point", "coordinates": [ 199403.185, 197786.799 ] } },
{ "type": "Feature", "properties": { "LOCATIENUMMER": "11", "STATUS": "In dienst", "INTERACTIVITEIT": "Interactief-ready", "LICHTBRON_GROEP": "LED", "BRANDPROGRAMMA": "D22H6.30 (Doven)", "BRANDPROGRAMMA_GROEP": "DxxHyy DOV" }, "geometry": { "type": "Point", "coordinates": [ 199381.405999999988126, 197825.18 ] } },
{ "type": "Feature", "properties": { "LOCATIENUMMER": "12", "STATUS": "In dienst", "INTERACTIVITEIT": "Interactief-ready", "LICHTBRON_GROEP": "LED", "BRANDPROGRAMMA": "N", "BRANDPROGRAMMA_GROEP": "N" }, "geometry": { "type": "Point", "coordinates": [ 199392.12400000001071, 197799.671 ] } },
{ "type": "Feature", "properties": { "LOCATIENUMMER": "29", "STATUS": "In dienst", "INTERACTIVITEIT": "Interactief-ready", "LICHTBRON_GROEP": "LED", "BRANDPROGRAMMA": "N", "BRANDPROGRAMMA_GROEP": "N" }, "geometry": { "type": "Point", "coordinates": [ 199395.763, 197726.026000000012573 ] } },
{ "type": "Feature", "properties": { "LOCATIENUMMER": "32", "STATUS": "In dienst", "INTERACTIVITEIT": "Interactief-ready", "LICHTBRON_GROEP": "LED", "BRANDPROGRAMMA": "D22H6.30 (Doven)", "BRANDPROGRAMMA_GROEP": "DxxHyy DOV" }, "geometry": { "type": "Point", "coordinates": [ 199420.814000000013039, 197751.513 ] } },
{ "type": "Feature", "properties": { "LOCATIENUMMER": "30", "STATUS": "In dienst", "INTERACTIVITEIT": "Interactief-ready", "LICHTBRON_GROEP": "LED", "BRANDPROGRAMMA": "D22H6.30 (Doven)", "BRANDPROGRAMMA_GROEP": "DxxHyy DOV" }, "geometry": { "type": "Point", "coordinates": [ 199424.394, 197732.793 ] } },
{ "type": "Feature", "properties": { "LOCATIENUMMER": "8", "STATUS": "In dienst", "INTERACTIVITEIT": "Interactief-ready", "LICHTBRON_GROEP": "LED", "BRANDPROGRAMMA": "D22H6.30 (Doven)", "BRANDPROGRAMMA_GROEP": "DxxHyy DOV" }, "geometry": { "type": "Point", "coordinates": [ 199488.171, 197723.441 ] } },
{ "type": "Feature", "properties": { "LOCATIENUMMER": "3726", "STATUS": "In dienst", "INTERACTIVITEIT": "Niet interactief", "LICHTBRON_GROEP": "MHHP-CR-PGZ12", "BRANDPROGRAMMA": "N", "BRANDPROGRAMMA_GROEP": "N" }, "geometry": { "type": "Point", "coordinates": [ 196581.845, 196897.103 ] } },
{ "type": "Feature", "properties": { "LOCATIENUMMER": "3732", "STATUS": "In dienst", "INTERACTIVITEIT": "Niet interactief", "LICHTBRON_GROEP": "MHHP-CR-PGZ12", "BRANDPROGRAMMA": "N", "BRANDPROGRAMMA_GROEP": "N" }, "geometry": { "type": "Point", "coordinates": [ 196539.730000000010477, 196902.172 ] } },
{ "type": "Feature", "properties": { "LOCATIENUMMER": "3801", "STATUS": "In dienst", "INTERACTIVITEIT": "Niet interactief", "LICHTBRON_GROEP": "MHHP-CR-PGZ12", "BRANDPROGRAMMA": "N", "BRANDPROGRAMMA_GROEP": "N" }, "geometry": { "type": "Point", "coordinates": [ 197601.179, 197035.285 ] } },
{ "type": "Feature", "properties": { "LOCATIENUMMER": "3788", "STATUS": "In dienst", "INTERACTIVITEIT": "Niet interactief", "LICHTBRON_GROEP": "MHHP-CR-PGZ12", "BRANDPROGRAMMA": "D22H6.30 (Doven)", "BRANDPROGRAMMA_GROEP": "DxxHyy DOV" }, "geometry": { "type": "Point", "coordinates": [ 197639.253999999986263, 197051.208000000013271 ] } },
{ "type": "Feature", "properties": { "LOCATIENUMMER": "3147", "STATUS": "In dienst", "INTERACTIVITEIT": "Interactief", "LICHTBRON_GROEP": "LED", "BRANDPROGRAMMA": "BPIV UNI 20-22-23/DIM/4-5-6 VRZA50", "BRANDPROGRAMMA_GROEP": "BPIV DIM" }, "geometry": { "type": "Point", "coordinates": [ 197710.095, 197164.834 ] } },
{ "type": "Feature", "properties": { "LOCATIENUMMER": "3789", "STATUS": "In dienst", "INTERACTIVITEIT": "Niet interactief", "LICHTBRON_GROEP": "MHHP-CR-PGZ12", "BRANDPROGRAMMA": "D22H6.30 (Doven)", "BRANDPROGRAMMA_GROEP": "DxxHyy DOV" }, "geometry": { "type": "Point", "coordinates": [ 197673.758, 197065.163999999989755 ] } },
{ "type": "Feature", "properties": { "LOCATIENUMMER": "3725", "STATUS": "In dienst", "INTERACTIVITEIT": "Niet interactief", "LICHTBRON_GROEP": "MHHP-CR-PGZ12", "BRANDPROGRAMMA": "D22H6.30 (Doven)", "BRANDPROGRAMMA_GROEP": "DxxHyy DOV" }, "geometry": { "type": "Point", "coordinates": [ 196629.101, 196897.636999999987893 ] } },
{ "type": "Feature", "properties": { "LOCATIENUMMER": "3790", "STATUS": "In dienst", "INTERACTIVITEIT": "Niet interactief", "LICHTBRON_GROEP": "MHHP-CR-PGZ12", "BRANDPROGRAMMA": "N", "BRANDPROGRAMMA_GROEP": "N" }, "geometry": { "type": "Point", "coordinates": [ 197705.269, 197078.041 ] } },
{ "type": "Feature", "properties": { "LOCATIENUMMER": "3791", "STATUS": "In dienst", "INTERACTIVITEIT": "Niet interactief", "LICHTBRON_GROEP": "MHHP-CR-PGZ12", "BRANDPROGRAMMA": "N", "BRANDPROGRAMMA_GROEP": "N" }, "geometry": { "type": "Point", "coordinates": [ 197739.657, 197093.738000000012107 ] } },
{ "type": "Feature", "properties": { "LOCATIENUMMER": "3044", "STATUS": "In dienst", "INTERACTIVITEIT": "Niet interactief", "LICHTBRON_GROEP": "MHHP-CR-PGZ12", "BRANDPROGRAMMA": "D22H6.30 (Doven)", "BRANDPROGRAMMA_GROEP": "DxxHyy DOV" }, "geometry": { "type": "Point", "coordinates": [ 196673.21, 196895.136 ] } },
{ "type": "Feature", "properties": { "LOCATIENUMMER": "3043", "STATUS": "In dienst", "INTERACTIVITEIT": "Niet interactief", "LICHTBRON_GROEP": "MHHP-CR-PGZ12", "BRANDPROGRAMMA": "N", "BRANDPROGRAMMA_GROEP": "N" }, "geometry": { "type": "Point", "coordinates": [ 196712.761999999987893, 196890.397 ] } },
{ "type": "Feature", "properties": { "LOCATIENUMMER": "3249", "STATUS": "In dienst", "INTERACTIVITEIT": "Niet interactief", "LICHTBRON_GROEP": "MHHP-CR-PGZ12", "BRANDPROGRAMMA": "N", "BRANDPROGRAMMA_GROEP": "N" }, "geometry": { "type": "Point", "coordinates": [ 196543.195, 196869.200000000011642 ] } },
{ "type": "Feature", "properties": { "LOCATIENUMMER": "3042", "STATUS": "In dienst", "INTERACTIVITEIT": "Niet interactief", "LICHTBRON_GROEP": "MHHP-CR-PGZ12", "BRANDPROGRAMMA": "D22H6.30 (Doven)", "BRANDPROGRAMMA_GROEP": "DxxHyy DOV" }, "geometry": { "type": "Point", "coordinates": [ 196752.939000000013039, 196886.26 ] } },
{ "type": "Feature", "properties": { "LOCATIENUMMER": "3041", "STATUS": "In dienst", "INTERACTIVITEIT": "Niet interactief", "LICHTBRON_GROEP": "MHHP-CR-PGZ12", "BRANDPROGRAMMA": "D22H6.30 (Doven)", "BRANDPROGRAMMA_GROEP": "DxxHyy DOV" }, "geometry": { "type": "Point", "coordinates": [ 196795.725, 196881.241 ] } },
{ "type": "Feature", "properties": { "LOCATIENUMMER": "3040", "STATUS": "In dienst", "INTERACTIVITEIT": "Niet interactief", "LICHTBRON_GROEP": "MHHP-CR-PGZ12", "BRANDPROGRAMMA": "N", "BRANDPROGRAMMA_GROEP": "N" }, "geometry": { "type": "Point", "coordinates": [ 196828.268000000010943, 196877.926 ] } },
{ "type": "Feature", "properties": { "LOCATIENUMMER": "3039", "STATUS": "In dienst", "INTERACTIVITEIT": "Niet interactief", "LICHTBRON_GROEP": "MHHP-CR-PGZ12", "BRANDPROGRAMMA": "D22H6.30 (Doven)", "BRANDPROGRAMMA_GROEP": "DxxHyy DOV" }, "geometry": { "type": "Point", "coordinates": [ 196867.227000000013504, 196874.003 ] } },
{ "type": "Feature", "properties": { "LOCATIENUMMER": "3038", "STATUS": "In dienst", "INTERACTIVITEIT": "Niet interactief", "LICHTBRON_GROEP": "MHHP-CR-PGZ12", "BRANDPROGRAMMA": "D22H6.30 (Doven)", "BRANDPROGRAMMA_GROEP": "DxxHyy DOV" }, "geometry": { "type": "Point", "coordinates": [ 196910.803000000014435, 196869.346 ] } },
{ "type": "Feature", "properties": { "LOCATIENUMMER": "3037", "STATUS": "In dienst", "INTERACTIVITEIT": "Niet interactief", "LICHTBRON_GROEP": "MHHP-CR-PGZ12", "BRANDPROGRAMMA": "N", "BRANDPROGRAMMA_GROEP": "N" }, "geometry": { "type": "Point", "coordinates": [ 196947.331, 196865.443 ] } },
{ "type": "Feature", "properties": { "LOCATIENUMMER": "3035", "STATUS": "In dienst", "INTERACTIVITEIT": "Niet interactief", "LICHTBRON_GROEP": "MHHP-CR-PGZ12", "BRANDPROGRAMMA": "D22H6.30 (Doven)", "BRANDPROGRAMMA_GROEP": "DxxHyy DOV" }, "geometry": { "type": "Point", "coordinates": [ 196987.711000000010245, 196861.032 ] } },
{ "type": "Feature", "properties": { "LOCATIENUMMER": "3034", "STATUS": "In dienst", "INTERACTIVITEIT": "Niet interactief", "LICHTBRON_GROEP": "MHHP-CR-PGZ12", "BRANDPROGRAMMA": "D22H6.30 (Doven)", "BRANDPROGRAMMA_GROEP": "DxxHyy DOV" }, "geometry": { "type": "Point", "coordinates": [ 197022.286, 196857.228 ] } },
{ "type": "Feature", "properties": { "LOCATIENUMMER": "3033", "STATUS": "In dienst", "INTERACTIVITEIT": "Niet interactief", "LICHTBRON_GROEP": "MHHP-CR-PGZ12", "BRANDPROGRAMMA": "N", "BRANDPROGRAMMA_GROEP": "N" }, "geometry": { "type": "Point", "coordinates": [ 197048.549, 196854.739 ] } },
{ "type": "Feature", "properties": { "LOCATIENUMMER": "3032", "STATUS": "In dienst", "INTERACTIVITEIT": "Niet interactief", "LICHTBRON_GROEP": "MHHP-CR-PGZ12", "BRANDPROGRAMMA": "N", "BRANDPROGRAMMA_GROEP": "N" }, "geometry": { "type": "Point", "coordinates": [ 197065.461000000010245, 196843.073 ] } },
{ "type": "Feature", "properties": { "LOCATIENUMMER": "3028", "STATUS": "In dienst", "INTERACTIVITEIT": "Niet interactief", "LICHTBRON_GROEP": "NALP", "BRANDPROGRAMMA": "N", "BRANDPROGRAMMA_GROEP": "N" }, "geometry": { "type": "Point", "coordinates": [ 197082.049, 196857.409000000014203 ] } },
{ "type": "Feature", "properties": { "LOCATIENUMMER": "3051", "STATUS": "In dienst", "INTERACTIVITEIT": "Niet interactief", "LICHTBRON_GROEP": "NAHP", "BRANDPROGRAMMA": "N", "BRANDPROGRAMMA_GROEP": "N" }, "geometry": { "type": "Point", "coordinates": [ 197104.699, 196837.543 ] } },
{ "type": "Feature", "properties": { "LOCATIENUMMER": "3052", "STATUS": "In dienst", "INTERACTIVITEIT": "Niet interactief", "LICHTBRON_GROEP": "NAHP", "BRANDPROGRAMMA": "D22H6.30 (Doven)", "BRANDPROGRAMMA_GROEP": "DxxHyy DOV" }, "geometry": { "type": "Point", "coordinates": [ 197142.98499999998603, 196833.478 ] } },
{ "type": "Feature", "properties": { "LOCATIENUMMER": "3053", "STATUS": "In dienst", "INTERACTIVITEIT": "Niet interactief", "LICHTBRON_GROEP": "NAHP", "BRANDPROGRAMMA": "D22H6.30 (Doven)", "BRANDPROGRAMMA_GROEP": "DxxHyy DOV" }, "geometry": { "type": "Point", "coordinates": [ 197184.730000000010477, 196829.057999999989988 ] } },
{ "type": "Feature", "properties": { "LOCATIENUMMER": "3050", "STATUS": "In dienst", "INTERACTIVITEIT": "Niet interactief", "LICHTBRON_GROEP": "MHHP-CR-PGZ12", "BRANDPROGRAMMA": "N", "BRANDPROGRAMMA_GROEP": "N" }, "geometry": { "type": "Point", "coordinates": [ 197210.146, 196826.780999999988126 ] } },
{ "type": "Feature", "properties": { "LOCATIENUMMER": "3045", "STATUS": "In dienst", "INTERACTIVITEIT": "Niet interactief", "LICHTBRON_GROEP": "MHHP-CR-PGZ12", "BRANDPROGRAMMA": "D22H6.30 (Doven)", "BRANDPROGRAMMA_GROEP": "DxxHyy DOV" }, "geometry": { "type": "Point", "coordinates": [ 197235.945, 196827.684 ] } },
{ "type": "Feature", "properties": { "LOCATIENUMMER": "3046", "STATUS": "In dienst", "INTERACTIVITEIT": "Niet interactief", "LICHTBRON_GROEP": "MHHP-CR-PGZ12", "BRANDPROGRAMMA": "D22H6.30 (Doven)", "BRANDPROGRAMMA_GROEP": "DxxHyy DOV" }, "geometry": { "type": "Point", "coordinates": [ 197274.302, 196835.481 ] } },
{ "type": "Feature", "properties": { "LOCATIENUMMER": "3047", "STATUS": "In dienst", "INTERACTIVITEIT": "Niet interactief", "LICHTBRON_GROEP": "MHHP-CR-PGZ12", "BRANDPROGRAMMA": "N", "BRANDPROGRAMMA_GROEP": "N" }, "geometry": { "type": "Point", "coordinates": [ 197317.082, 196849.997 ] } },
{ "type": "Feature", "properties": { "LOCATIENUMMER": "3048", "STATUS": "In dienst", "INTERACTIVITEIT": "Niet interactief", "LICHTBRON_GROEP": "MHHP-CR-PGZ12", "BRANDPROGRAMMA": "D22H6.30 (Doven)", "BRANDPROGRAMMA_GROEP": "DxxHyy DOV" }, "geometry": { "type": "Point", "coordinates": [ 197361.158, 196866.34 ] } },
{ "type": "Feature", "properties": { "LOCATIENUMMER": "3806", "STATUS": "In dienst", "INTERACTIVITEIT": "Niet interactief", "LICHTBRON_GROEP": "MHHP-CR-PGZ12", "BRANDPROGRAMMA": "D22H6.30 (Doven)", "BRANDPROGRAMMA_GROEP": "DxxHyy DOV" }, "geometry": { "type": "Point", "coordinates": [ 197452.478, 196936.855000000010477 ] } },
{ "type": "Feature", "properties": { "LOCATIENUMMER": "3807", "STATUS": "In dienst", "INTERACTIVITEIT": "Niet interactief", "LICHTBRON_GROEP": "MHHP-CR-PGZ12", "BRANDPROGRAMMA": "N", "BRANDPROGRAMMA_GROEP": "N" }, "geometry": { "type": "Point", "coordinates": [ 197422.459, 196912.810999999986961 ] } },
{ "type": "Feature", "properties": { "LOCATIENUMMER": "3049", "STATUS": "In dienst", "INTERACTIVITEIT": "Niet interactief", "LICHTBRON_GROEP": "MHHP-CR-PGZ12", "BRANDPROGRAMMA": "D22H6.30 (Doven)", "BRANDPROGRAMMA_GROEP": "DxxHyy DOV" }, "geometry": { "type": "Point", "coordinates": [ 197393.779, 196890.283 ] } },
{ "type": "Feature", "properties": { "LOCATIENUMMER": "3804", "STATUS": "In dienst", "INTERACTIVITEIT": "Niet interactief", "LICHTBRON_GROEP": "MHHP-CR-PGZ12", "BRANDPROGRAMMA": "N", "BRANDPROGRAMMA_GROEP": "N" }, "geometry": { "type": "Point", "coordinates": [ 197509.590999999985797, 196981.984 ] } },
{ "type": "Feature", "properties": { "LOCATIENUMMER": "3805", "STATUS": "In dienst", "INTERACTIVITEIT": "Niet interactief", "LICHTBRON_GROEP": "MHHP-CR-PGZ12", "BRANDPROGRAMMA": "D22H6.30 (Doven)", "BRANDPROGRAMMA_GROEP": "DxxHyy DOV" }, "geometry": { "type": "Point", "coordinates": [ 197481.615, 196959.972 ] } },
{ "type": "Feature", "properties": { "LOCATIENUMMER": "3803", "STATUS": "In dienst", "INTERACTIVITEIT": "Niet interactief", "LICHTBRON_GROEP": "MHHP-CR-PGZ12", "BRANDPROGRAMMA": "D22H6.30 (Doven)", "BRANDPROGRAMMA_GROEP": "DxxHyy DOV" }, "geometry": { "type": "Point", "coordinates": [ 197542.604, 197001.189000000013039 ] } },
{ "type": "Feature", "properties": { "LOCATIENUMMER": "3802", "STATUS": "In dienst", "INTERACTIVITEIT": "Niet interactief", "LICHTBRON_GROEP": "MHHP-CR-PGZ12", "BRANDPROGRAMMA": "D22H6.30 (Doven)", "BRANDPROGRAMMA_GROEP": "DxxHyy DOV" }, "geometry": { "type": "Point", "coordinates": [ 197574.537000000011176, 197019.584 ] } },
{ "type": "Feature", "properties": { "LOCATIENUMMER": "657", "STATUS": "In dienst", "INTERACTIVITEIT": "Interactief", "LICHTBRON_GROEP": "LED", "BRANDPROGRAMMA": "BPIV UNI 20-22-23/DIM/4-5-6 VRZA50", "BRANDPROGRAMMA_GROEP": "BPIV DIM" }, "geometry": { "type": "Point", "coordinates": [ 194149.353, 199851.541 ] } },
{ "type": "Feature", "properties": { "LOCATIENUMMER": "920", "STATUS": "In dienst", "INTERACTIVITEIT": "Interactief", "LICHTBRON_GROEP": "LED", "BRANDPROGRAMMA": "BPIV UNI 20-22-23/DIM/4-5-6 VRZA50", "BRANDPROGRAMMA_GROEP": "BPIV DIM" }, "geometry": { "type": "Point", "coordinates": [ 194015.211000000010245, 200031.119 ] } },
{ "type": "Feature", "properties": { "LOCATIENUMMER": "921", "STATUS": "In dienst", "INTERACTIVITEIT": "Interactief", "LICHTBRON_GROEP": "LED", "BRANDPROGRAMMA": "BPIV UNI 20-22-23/DIM/4-5-6 VRZA50", "BRANDPROGRAMMA_GROEP": "BPIV DIM" }, "geometry": { "type": "Point", "coordinates": [ 194022.592, 199998.723 ] } },
{ "type": "Feature", "properties": { "LOCATIENUMMER": "922", "STATUS": "In dienst", "INTERACTIVITEIT": "Interactief", "LICHTBRON_GROEP": "LED", "BRANDPROGRAMMA": "BPIV UNI 20-22-23/DIM/4-5-6 VRZA50", "BRANDPROGRAMMA_GROEP": "BPIV DIM" }, "geometry": { "type": "Point", "coordinates": [ 194007.981, 199962.884 ] } },
{ "type": "Feature", "properties": { "LOCATIENUMMER": "919", "STATUS": "In dienst", "INTERACTIVITEIT": "Interactief", "LICHTBRON_GROEP": "LED", "BRANDPROGRAMMA": "BPIV UNI 20-22-23/DIM/4-5-6 VRZA50", "BRANDPROGRAMMA_GROEP": "BPIV DIM" }, "geometry": { "type": "Point", "coordinates": [ 194035.439000000013039, 200038.912000000011176 ] } },
{ "type": "Feature", "properties": { "LOCATIENUMMER": "916", "STATUS": "In dienst", "INTERACTIVITEIT": "Interactief", "LICHTBRON_GROEP": "LED", "BRANDPROGRAMMA": "BPIV UNI 20-22-23/DIM/4-5-6 VRZA50", "BRANDPROGRAMMA_GROEP": "BPIV DIM" }, "geometry": { "type": "Point", "coordinates": [ 194043.748, 199989.962 ] } },
{ "type": "Feature", "properties": { "LOCATIENUMMER": "924", "STATUS": "In dienst", "INTERACTIVITEIT": "Interactief", "LICHTBRON_GROEP": "LED", "BRANDPROGRAMMA": "BPIV UNI 20-22-23/DIM/4-5-6 VRZA50", "BRANDPROGRAMMA_GROEP": "BPIV DIM" }, "geometry": { "type": "Point", "coordinates": [ 194025.918, 200059.268000000010943 ] } },
{ "type": "Feature", "properties": { "LOCATIENUMMER": "914", "STATUS": "In dienst", "INTERACTIVITEIT": "Interactief", "LICHTBRON_GROEP": "LED", "BRANDPROGRAMMA": "BPIV UNI 20-22-23/DIM/4-5-6 VRZA50", "BRANDPROGRAMMA_GROEP": "BPIV DIM" }, "geometry": { "type": "Point", "coordinates": [ 194050.49, 199974.316 ] } },
{ "type": "Feature", "properties": { "LOCATIENUMMER": "913", "STATUS": "In dienst", "INTERACTIVITEIT": "Interactief", "LICHTBRON_GROEP": "LED", "BRANDPROGRAMMA": "BPIV UNI 20-22-23/DIM/4-5-6 VRZA50", "BRANDPROGRAMMA_GROEP": "BPIV DIM" }, "geometry": { "type": "Point", "coordinates": [ 194026.305, 199959.424999999988358 ] } },
{ "type": "Feature", "properties": { "LOCATIENUMMER": "3166", "STATUS": "In dienst", "INTERACTIVITEIT": "Niet interactief", "LICHTBRON_GROEP": "NAHP", "BRANDPROGRAMMA": "D22H6.30 (Doven)", "BRANDPROGRAMMA_GROEP": "DxxHyy DOV" }, "geometry": { "type": "Point", "coordinates": [ 197291.356, 197875.579 ] } },
{ "type": "Feature", "properties": { "LOCATIENUMMER": "3171", "STATUS": "In dienst", "INTERACTIVITEIT": "Niet interactief", "LICHTBRON_GROEP": "NAHP", "BRANDPROGRAMMA": "D22H6.30 (Doven)", "BRANDPROGRAMMA_GROEP": "DxxHyy DOV" }, "geometry": { "type": "Point", "coordinates": [ 197189.643000000010943, 198074.871000000013737 ] } },
{ "type": "Feature", "properties": { "LOCATIENUMMER": "3159", "STATUS": "In dienst", "INTERACTIVITEIT": "Niet interactief", "LICHTBRON_GROEP": "NAHP", "BRANDPROGRAMMA": "D22H6.30 (Doven)", "BRANDPROGRAMMA_GROEP": "DxxHyy DOV" }, "geometry": { "type": "Point", "coordinates": [ 197370.01500000001397, 197601.769 ] } },
{ "type": "Feature", "properties": { "LOCATIENUMMER": "2623", "STATUS": "In dienst", "INTERACTIVITEIT": "Interactief", "LICHTBRON_GROEP": "LED", "BRANDPROGRAMMA": "BPIV UNI 20-22-23/DIM/4-5-6 VRZA50", "BRANDPROGRAMMA_GROEP": "BPIV DIM" }, "geometry": { "type": "Point", "coordinates": [ 193564.212, 196049.553000000014435 ] } },
{ "type": "Feature", "properties": { "LOCATIENUMMER": "2633", "STATUS": "In dienst", "INTERACTIVITEIT": "Niet interactief", "LICHTBRON_GROEP": "MHHP-CR", "BRANDPROGRAMMA": "D22H6.30 (Doven)", "BRANDPROGRAMMA_GROEP": "DxxHyy DOV" }, "geometry": { "type": "Point", "coordinates": [ 193675.094000000011874, 196167.894 ] } },
{ "type": "Feature", "properties": { "LOCATIENUMMER": "99107", "STATUS": "In dienst", "INTERACTIVITEIT": "Niet interactief", "LICHTBRON_GROEP": "MHHP-QZ", "BRANDPROGRAMMA": "D22H6.30 (Doven)", "BRANDPROGRAMMA_GROEP": "DxxHyy DOV" }, "geometry": { "type": "Point", "coordinates": [ 193668.12599999998929, 196166.696999999985565 ] } },
{ "type": "Feature", "properties": { "LOCATIENUMMER": "2632", "STATUS": "In dienst", "INTERACTIVITEIT": "Niet interactief", "LICHTBRON_GROEP": "MHHP-CR", "BRANDPROGRAMMA": "D22H6.30 (Doven)", "BRANDPROGRAMMA_GROEP": "DxxHyy DOV" }, "geometry": { "type": "Point", "coordinates": [ 193661.459, 196155.261999999987893 ] } },
{ "type": "Feature", "properties": { "LOCATIENUMMER": "2642", "STATUS": "In dienst", "INTERACTIVITEIT": "Niet interactief", "LICHTBRON_GROEP": "MHHP-CR", "BRANDPROGRAMMA": "D22H6.30 (Doven)", "BRANDPROGRAMMA_GROEP": "DxxHyy DOV" }, "geometry": { "type": "Point", "coordinates": [ 193653.352000000013504, 196174.155999999988126 ] } },
{ "type": "Feature", "properties": { "LOCATIENUMMER": "2638", "STATUS": "In dienst", "INTERACTIVITEIT": "Niet interactief", "LICHTBRON_GROEP": "MHHP-CR", "BRANDPROGRAMMA": "D22H6.30 (Doven)", "BRANDPROGRAMMA_GROEP": "DxxHyy DOV" }, "geometry": { "type": "Point", "coordinates": [ 193625.840999999985797, 196186.519999999989523 ] } },
{ "type": "Feature", "properties": { "LOCATIENUMMER": "2630", "STATUS": "In dienst", "INTERACTIVITEIT": "Niet interactief", "LICHTBRON_GROEP": "MHHP-CR", "BRANDPROGRAMMA": "D22H6.30 (Doven)", "BRANDPROGRAMMA_GROEP": "DxxHyy DOV" }, "geometry": { "type": "Point", "coordinates": [ 193614.964, 196143.727000000013504 ] } },
{ "type": "Feature", "properties": { "LOCATIENUMMER": "2631", "STATUS": "In dienst", "INTERACTIVITEIT": "Niet interactief", "LICHTBRON_GROEP": "MHHP-CR", "BRANDPROGRAMMA": "D22H6.30 (Doven)", "BRANDPROGRAMMA_GROEP": "DxxHyy DOV" }, "geometry": { "type": "Point", "coordinates": [ 193613.585, 196165.563 ] } },
{ "type": "Feature", "properties": { "LOCATIENUMMER": "2631", "STATUS": "In dienst", "INTERACTIVITEIT": "Niet interactief", "LICHTBRON_GROEP": "MHHP-CR", "BRANDPROGRAMMA": "D22H6.30 (Doven)", "BRANDPROGRAMMA_GROEP": "DxxHyy DOV" }, "geometry": { "type": "Point", "coordinates": [ 193626.310999999986961, 196159.969000000011874 ] } },
{ "type": "Feature", "properties": { "LOCATIENUMMER": "99105", "STATUS": "In dienst", "INTERACTIVITEIT": "Niet interactief", "LICHTBRON_GROEP": "MHHP-CR", "BRANDPROGRAMMA": "D22H6.30 (Doven)", "BRANDPROGRAMMA_GROEP": "DxxHyy DOV" }, "geometry": { "type": "Point", "coordinates": [ 193604.75, 196131.196 ] } },
{ "type": "Feature", "properties": { "LOCATIENUMMER": "2627", "STATUS": "In dienst", "INTERACTIVITEIT": "Interactief", "LICHTBRON_GROEP": "LED", "BRANDPROGRAMMA": "BPIV UNI 20-22-23/DIM/4-5-6 VRZA50", "BRANDPROGRAMMA_GROEP": "BPIV DIM" }, "geometry": { "type": "Point", "coordinates": [ 193601.488000000012107, 196121.601 ] } },
{ "type": "Feature", "properties": { "LOCATIENUMMER": "2626", "STATUS": "In dienst", "INTERACTIVITEIT": "Interactief", "LICHTBRON_GROEP": "LED", "BRANDPROGRAMMA": "BPIV UNI 20-22-23/DIM/4-5-6 VRZA50", "BRANDPROGRAMMA_GROEP": "BPIV DIM" }, "geometry": { "type": "Point", "coordinates": [ 193544.717, 196076.123 ] } },
{ "type": "Feature", "properties": { "LOCATIENUMMER": "2622", "STATUS": "In dienst", "INTERACTIVITEIT": "Interactief", "LICHTBRON_GROEP": "LED", "BRANDPROGRAMMA": "BPIV UNI 20-22-23/DIM/4-5-6 VRZA50", "BRANDPROGRAMMA_GROEP": "BPIV DIM" }, "geometry": { "type": "Point", "coordinates": [ 193510.116, 196065.396 ] } },
{ "type": "Feature", "properties": { "LOCATIENUMMER": "2625", "STATUS": "In dienst", "INTERACTIVITEIT": "Interactief", "LICHTBRON_GROEP": "LED", "BRANDPROGRAMMA": "BPIV UNI 20-22-23/DIM/4-5-6 VRZA50", "BRANDPROGRAMMA_GROEP": "BPIV DIM" }, "geometry": { "type": "Point", "coordinates": [ 193503.927, 196092.692000000010012 ] } },
{ "type": "Feature", "properties": { "LOCATIENUMMER": "2620", "STATUS": "In dienst", "INTERACTIVITEIT": "Interactief", "LICHTBRON_GROEP": "LED", "BRANDPROGRAMMA": "BPIV UNI 20-22-23/DIM/4-5-6 VRZA50", "BRANDPROGRAMMA_GROEP": "BPIV DIM" }, "geometry": { "type": "Point", "coordinates": [ 193538.276000000012573, 196120.546 ] } },
{ "type": "Feature", "properties": { "LOCATIENUMMER": "2621", "STATUS": "In dienst", "INTERACTIVITEIT": "Interactief", "LICHTBRON_GROEP": "LED", "BRANDPROGRAMMA": "BPIV UNI 20-22-23/DIM/4-5-6 VRZA50", "BRANDPROGRAMMA_GROEP": "BPIV DIM" }, "geometry": { "type": "Point", "coordinates": [ 193575.673, 196150.708000000013271 ] } },
{ "type": "Feature", "properties": { "LOCATIENUMMER": "2618", "STATUS": "In dienst", "INTERACTIVITEIT": "Interactief", "LICHTBRON_GROEP": "LED", "BRANDPROGRAMMA": "BPIV UNI 20-22-23/DIM/4-5-6 VRZA50", "BRANDPROGRAMMA_GROEP": "BPIV DIM" }, "geometry": { "type": "Point", "coordinates": [ 193607.314000000013039, 196084.509 ] } },
{ "type": "Feature", "properties": { "LOCATIENUMMER": "2624", "STATUS": "In dienst", "INTERACTIVITEIT": "Interactief", "LICHTBRON_GROEP": "LED", "BRANDPROGRAMMA": "BPIV UNI 20-22-23/DIM/4-5-6 VRZA50", "BRANDPROGRAMMA_GROEP": "BPIV DIM" }, "geometry": { "type": "Point", "coordinates": [ 193605.442000000010012, 196175.12 ] } },
{ "type": "Feature", "properties": { "LOCATIENUMMER": "2639", "STATUS": "In dienst", "INTERACTIVITEIT": "Niet interactief", "LICHTBRON_GROEP": "MHHP-CR", "BRANDPROGRAMMA": "D22H6.30 (Doven)", "BRANDPROGRAMMA_GROEP": "DxxHyy DOV" }, "geometry": { "type": "Point", "coordinates": [ 193607.419, 196191.711000000010245 ] } },
{ "type": "Feature", "properties": { "LOCATIENUMMER": "2628", "STATUS": "In dienst", "INTERACTIVITEIT": "Niet interactief", "LICHTBRON_GROEP": "MHHP-CR", "BRANDPROGRAMMA": "D22H6.30 (Doven)", "BRANDPROGRAMMA_GROEP": "DxxHyy DOV" }, "geometry": { "type": "Point", "coordinates": [ 193630.363000000012107, 196128.794 ] } },
{ "type": "Feature", "properties": { "LOCATIENUMMER": "2629", "STATUS": "In dienst", "INTERACTIVITEIT": "Niet interactief", "LICHTBRON_GROEP": "MHHP-CR", "BRANDPROGRAMMA": "D22H6.30 (Doven)", "BRANDPROGRAMMA_GROEP": "DxxHyy DOV" }, "geometry": { "type": "Point", "coordinates": [ 193643.835, 196139.935 ] } },
{ "type": "Feature", "properties": { "LOCATIENUMMER": "2643", "STATUS": "In dienst", "INTERACTIVITEIT": "Niet interactief", "LICHTBRON_GROEP": "MHHP-CR", "BRANDPROGRAMMA": "D22H6.30 (Doven)", "BRANDPROGRAMMA_GROEP": "DxxHyy DOV" }, "geometry": { "type": "Point", "coordinates": [ 193611.502, 196223.095 ] } },
{ "type": "Feature", "properties": { "LOCATIENUMMER": "2640", "STATUS": "In dienst", "INTERACTIVITEIT": "Niet interactief", "LICHTBRON_GROEP": "MHHP-CR", "BRANDPROGRAMMA": "D22H6.30 (Doven)", "BRANDPROGRAMMA_GROEP": "DxxHyy DOV" }, "geometry": { "type": "Point", "coordinates": [ 193622.567000000010012, 196202.861 ] } },
{ "type": "Feature", "properties": { "LOCATIENUMMER": "2641", "STATUS": "In dienst", "INTERACTIVITEIT": "Niet interactief", "LICHTBRON_GROEP": "MHHP-CR", "BRANDPROGRAMMA": "D22H6.30 (Doven)", "BRANDPROGRAMMA_GROEP": "DxxHyy DOV" }, "geometry": { "type": "Point", "coordinates": [ 193622.144999999989523, 196214.702 ] } },
{ "type": "Feature", "properties": { "LOCATIENUMMER": "2637", "STATUS": "In dienst", "INTERACTIVITEIT": "Niet interactief", "LICHTBRON_GROEP": "MHHP-CR", "BRANDPROGRAMMA": "N", "BRANDPROGRAMMA_GROEP": "N" }, "geometry": { "type": "Point", "coordinates": [ 193643.829, 196191.579999999987194 ] } },
{ "type": "Feature", "properties": { "LOCATIENUMMER": "2636", "STATUS": "In dienst", "INTERACTIVITEIT": "Niet interactief", "LICHTBRON_GROEP": "MHHP-CR", "BRANDPROGRAMMA": "D22H6.30 (Doven)", "BRANDPROGRAMMA_GROEP": "DxxHyy DOV" }, "geometry": { "type": "Point", "coordinates": [ 193662.38, 196183.454 ] } },
{ "type": "Feature", "properties": { "LOCATIENUMMER": "99106", "STATUS": "In dienst", "INTERACTIVITEIT": "Niet interactief", "LICHTBRON_GROEP": "MHHP-QZ", "BRANDPROGRAMMA": "D22H6.30 (Doven)", "BRANDPROGRAMMA_GROEP": "DxxHyy DOV" }, "geometry": { "type": "Point", "coordinates": [ 193669.036, 196175.472 ] } },
{ "type": "Feature", "properties": { "LOCATIENUMMER": "2635", "STATUS": "In dienst", "INTERACTIVITEIT": "Niet interactief", "LICHTBRON_GROEP": "MHHP-CR", "BRANDPROGRAMMA": "D22H6.30 (Doven)", "BRANDPROGRAMMA_GROEP": "DxxHyy DOV" }, "geometry": { "type": "Point", "coordinates": [ 193680.87599999998929, 196175.38 ] } },
{ "type": "Feature", "properties": { "LOCATIENUMMER": "2634", "STATUS": "In dienst", "INTERACTIVITEIT": "Niet interactief", "LICHTBRON_GROEP": "MHHP-CR", "BRANDPROGRAMMA": "N", "BRANDPROGRAMMA_GROEP": "N" }, "geometry": { "type": "Point", "coordinates": [ 193699.355000000010477, 196175.505 ] } },
{ "type": "Feature", "properties": { "LOCATIENUMMER": "2198", "STATUS": "In dienst", "INTERACTIVITEIT": "Niet interactief", "LICHTBRON_GROEP": "NAHP", "BRANDPROGRAMMA": "D22H6.30 (Doven)", "BRANDPROGRAMMA_GROEP": "DxxHyy DOV" }, "geometry": { "type": "Point", "coordinates": [ 192498.586000000010245, 195072.385 ] } },
{ "type": "Feature", "properties": { "LOCATIENUMMER": "2174", "STATUS": "In dienst", "INTERACTIVITEIT": "Niet interactief", "LICHTBRON_GROEP": "NAHP", "BRANDPROGRAMMA": "N", "BRANDPROGRAMMA_GROEP": "N" }, "geometry": { "type": "Point", "coordinates": [ 192412.018000000010943, 195009.49900000001071 ] } },
{ "type": "Feature", "properties": { "LOCATIENUMMER": "2177", "STATUS": "In dienst", "INTERACTIVITEIT": "Niet interactief", "LICHTBRON_GROEP": "NAHP", "BRANDPROGRAMMA": "N", "BRANDPROGRAMMA_GROEP": "N" }, "geometry": { "type": "Point", "coordinates": [ 192490.756, 194930.399 ] } },
{ "type": "Feature", "properties": { "LOCATIENUMMER": "2201", "STATUS": "In dienst", "INTERACTIVITEIT": "Niet interactief", "LICHTBRON_GROEP": "NAHP", "BRANDPROGRAMMA": "N", "BRANDPROGRAMMA_GROEP": "N" }, "geometry": { "type": "Point", "coordinates": [ 192608.810999999986961, 195166.723999999987427 ] } },
{ "type": "Feature", "properties": { "LOCATIENUMMER": "2986", "STATUS": "In dienst", "INTERACTIVITEIT": "Niet interactief", "LICHTBRON_GROEP": "NAHP", "BRANDPROGRAMMA": "N", "BRANDPROGRAMMA_GROEP": "N" }, "geometry": { "type": "Point", "coordinates": [ 199144.589, 197456.445 ] } },
{ "type": "Feature", "properties": { "LOCATIENUMMER": "2987", "STATUS": "In dienst", "INTERACTIVITEIT": "Niet interactief", "LICHTBRON_GROEP": "NAHP", "BRANDPROGRAMMA": "D22H6.30 (Doven)", "BRANDPROGRAMMA_GROEP": "DxxHyy DOV" }, "geometry": { "type": "Point", "coordinates": [ 199132.829, 197484.74900000001071 ] } },
{ "type": "Feature", "properties": { "LOCATIENUMMER": "809", "STATUS": "In dienst", "INTERACTIVITEIT": "Interactief", "LICHTBRON_GROEP": "LED", "BRANDPROGRAMMA": "BPIV UNI 20-22-23/DIM/4-5-6 VRZA50", "BRANDPROGRAMMA_GROEP": "BPIV DIM" }, "geometry": { "type": "Point", "coordinates": [ 195118.527, 198919.318 ] } },
{ "type": "Feature", "properties": { "LOCATIENUMMER": "766", "STATUS": "In dienst", "INTERACTIVITEIT": "Interactief", "LICHTBRON_GROEP": "LED", "BRANDPROGRAMMA": "BPIV UNI 20-22-23/DIM/4-5-6 VRZA50", "BRANDPROGRAMMA_GROEP": "BPIV DIM" }, "geometry": { "type": "Point", "coordinates": [ 194939.280999999988126, 198751.21 ] } },
{ "type": "Feature", "properties": { "LOCATIENUMMER": "1222", "STATUS": "In dienst", "INTERACTIVITEIT": "Niet interactief", "LICHTBRON_GROEP": "NAHP", "BRANDPROGRAMMA": "D22H6.30 (Doven)", "BRANDPROGRAMMA_GROEP": "DxxHyy DOV" }, "geometry": { "type": "Point", "coordinates": [ 195667.188, 199195.633 ] } },
{ "type": "Feature", "properties": { "LOCATIENUMMER": "840", "STATUS": "In dienst", "INTERACTIVITEIT": "Interactief", "LICHTBRON_GROEP": "LED", "BRANDPROGRAMMA": "BPIV UNI 20-22-23/DIM/4-5-6 VRZA50", "BRANDPROGRAMMA_GROEP": "BPIV DIM" }, "geometry": { "type": "Point", "coordinates": [ 195305.791, 199050.778 ] } },
{ "type": "Feature", "properties": { "LOCATIENUMMER": "844", "STATUS": "In dienst", "INTERACTIVITEIT": "Interactief", "LICHTBRON_GROEP": "LED", "BRANDPROGRAMMA": "BPIV UNI 20-22-23/DIM/4-5-6 VRZA50", "BRANDPROGRAMMA_GROEP": "BPIV DIM" }, "geometry": { "type": "Point", "coordinates": [ 195437.102000000013504, 199094.9 ] } },
{ "type": "Feature", "properties": { "LOCATIENUMMER": "2226", "STATUS": "In dienst", "INTERACTIVITEIT": "Niet interactief", "LICHTBRON_GROEP": "MHHP-QZ", "BRANDPROGRAMMA": "N", "BRANDPROGRAMMA_GROEP": "N" }, "geometry": { "type": "Point", "coordinates": [ 192751.518000000010943, 195769.473 ] } },
{ "type": "Feature", "properties": { "LOCATIENUMMER": "2247", "STATUS": "In dienst", "INTERACTIVITEIT": "Niet interactief", "LICHTBRON_GROEP": "MHHP-QZ", "BRANDPROGRAMMA": "D22H6.30 (Doven)", "BRANDPROGRAMMA_GROEP": "DxxHyy DOV" }, "geometry": { "type": "Point", "coordinates": [ 192630.809, 195765.730000000010477 ] } },
{ "type": "Feature", "properties": { "LOCATIENUMMER": "2248", "STATUS": "In dienst", "INTERACTIVITEIT": "Niet interactief", "LICHTBRON_GROEP": "MHHP-QZ", "BRANDPROGRAMMA": "D22H6.30 (Doven)", "BRANDPROGRAMMA_GROEP": "DxxHyy DOV" }, "geometry": { "type": "Point", "coordinates": [ 192652.799, 195777.144 ] } },
{ "type": "Feature", "properties": { "LOCATIENUMMER": "2229", "STATUS": "In dienst", "INTERACTIVITEIT": "Niet interactief", "LICHTBRON_GROEP": "MHHP-QZ", "BRANDPROGRAMMA": "N", "BRANDPROGRAMMA_GROEP": "N" }, "geometry": { "type": "Point", "coordinates": [ 192741.730000000010477, 195795.919 ] } },
{ "type": "Feature", "properties": { "LOCATIENUMMER": "2246", "STATUS": "In dienst", "INTERACTIVITEIT": "Niet interactief", "LICHTBRON_GROEP": "MHHP-QZ", "BRANDPROGRAMMA": "N", "BRANDPROGRAMMA_GROEP": "N" }, "geometry": { "type": "Point", "coordinates": [ 192619.483, 195736.706 ] } },
{ "type": "Feature", "properties": { "LOCATIENUMMER": "2245", "STATUS": "In dienst", "INTERACTIVITEIT": "Niet interactief", "LICHTBRON_GROEP": "MHHP-QZ", "BRANDPROGRAMMA": "N", "BRANDPROGRAMMA_GROEP": "N" }, "geometry": { "type": "Point", "coordinates": [ 192616.937, 195779.272 ] } },
{ "type": "Feature", "properties": { "LOCATIENUMMER": "2223", "STATUS": "In dienst", "INTERACTIVITEIT": "Niet interactief", "LICHTBRON_GROEP": "MHHP-QZ", "BRANDPROGRAMMA": "D22H6.30 (Doven)", "BRANDPROGRAMMA_GROEP": "DxxHyy DOV" }, "geometry": { "type": "Point", "coordinates": [ 192731.131, 195694.556000000011409 ] } },
{ "type": "Feature", "properties": { "LOCATIENUMMER": "2228", "STATUS": "In dienst", "INTERACTIVITEIT": "Niet interactief", "LICHTBRON_GROEP": "MHHP-QZ", "BRANDPROGRAMMA": "N", "BRANDPROGRAMMA_GROEP": "N" }, "geometry": { "type": "Point", "coordinates": [ 192718.636, 195713.593 ] } },
{ "type": "Feature", "properties": { "LOCATIENUMMER": "2244", "STATUS": "In dienst", "INTERACTIVITEIT": "Niet interactief", "LICHTBRON_GROEP": "MHHP-QZ", "BRANDPROGRAMMA": "D22H6.30 (Doven)", "BRANDPROGRAMMA_GROEP": "DxxHyy DOV" }, "geometry": { "type": "Point", "coordinates": [ 192611.671, 195803.006 ] } },
{ "type": "Feature", "properties": { "LOCATIENUMMER": "2238", "STATUS": "In dienst", "INTERACTIVITEIT": "Niet interactief", "LICHTBRON_GROEP": "MHHP-QZ", "BRANDPROGRAMMA": "N", "BRANDPROGRAMMA_GROEP": "N" }, "geometry": { "type": "Point", "coordinates": [ 192678.873, 195892.225 ] } },
{ "type": "Feature", "properties": { "LOCATIENUMMER": "2239", "STATUS": "In dienst", "INTERACTIVITEIT": "Niet interactief", "LICHTBRON_GROEP": "MHHP-QZ", "BRANDPROGRAMMA": "D22H6.30 (Doven)", "BRANDPROGRAMMA_GROEP": "DxxHyy DOV" }, "geometry": { "type": "Point", "coordinates": [ 192700.128999999986263, 195902.12599999998929 ] } },
{ "type": "Feature", "properties": { "LOCATIENUMMER": "2243", "STATUS": "In dienst", "INTERACTIVITEIT": "Niet interactief", "LICHTBRON_GROEP": "MHHP-QZ", "BRANDPROGRAMMA": "D22H6.30 (Doven)", "BRANDPROGRAMMA_GROEP": "DxxHyy DOV" }, "geometry": { "type": "Point", "coordinates": [ 192602.303000000014435, 195840.225 ] } },
{ "type": "Feature", "properties": { "LOCATIENUMMER": "2042", "STATUS": "In dienst", "INTERACTIVITEIT": "Interactief-ready", "LICHTBRON_GROEP": "LED", "BRANDPROGRAMMA": "D22H6.30 (Doven)", "BRANDPROGRAMMA_GROEP": "DxxHyy DOV" }, "geometry": { "type": "Point", "coordinates": [ 192534.402, 195839.916 ] } },
{ "type": "Feature", "properties": { "LOCATIENUMMER": "2242", "STATUS": "In dienst", "INTERACTIVITEIT": "Niet interactief", "LICHTBRON_GROEP": "MHHP-QZ", "BRANDPROGRAMMA": "D22H6.30 (Doven)", "BRANDPROGRAMMA_GROEP": "DxxHyy DOV" }, "geometry": { "type": "Point", "coordinates": [ 192642.549, 195883.701 ] } },
{ "type": "Feature", "properties": { "LOCATIENUMMER": "2241", "STATUS": "In dienst", "INTERACTIVITEIT": "Niet interactief", "LICHTBRON_GROEP": "MHHP-QZ", "BRANDPROGRAMMA": "N", "BRANDPROGRAMMA_GROEP": "N" }, "geometry": { "type": "Point", "coordinates": [ 192606.574, 195875.176 ] } },
{ "type": "Feature", "properties": { "LOCATIENUMMER": "2253", "STATUS": "In dienst", "INTERACTIVITEIT": "Niet interactief", "LICHTBRON_GROEP": "MHHP-QZ", "BRANDPROGRAMMA": "D22H6.30 (Doven)", "BRANDPROGRAMMA_GROEP": "DxxHyy DOV" }, "geometry": { "type": "Point", "coordinates": [ 192682.941, 195863.026000000012573 ] } },
{ "type": "Feature", "properties": { "LOCATIENUMMER": "2252", "STATUS": "In dienst", "INTERACTIVITEIT": "Niet interactief", "LICHTBRON_GROEP": "MHHP-QZ", "BRANDPROGRAMMA": "D22H6.30 (Doven)", "BRANDPROGRAMMA_GROEP": "DxxHyy DOV" }, "geometry": { "type": "Point", "coordinates": [ 192690.942000000010012, 195830.101 ] } },
{ "type": "Feature", "properties": { "LOCATIENUMMER": "2251", "STATUS": "In dienst", "INTERACTIVITEIT": "Niet interactief", "LICHTBRON_GROEP": "MHHP-QZ", "BRANDPROGRAMMA": "N", "BRANDPROGRAMMA_GROEP": "N" }, "geometry": { "type": "Point", "coordinates": [ 192698.722, 195793.788999999989755 ] } },
{ "type": "Feature", "properties": { "LOCATIENUMMER": "2227", "STATUS": "In dienst", "INTERACTIVITEIT": "Niet interactief", "LICHTBRON_GROEP": "MHHP-QZ", "BRANDPROGRAMMA": "D22H6.30 (Doven)", "BRANDPROGRAMMA_GROEP": "DxxHyy DOV" }, "geometry": { "type": "Point", "coordinates": [ 192711.799999999988358, 195743.266 ] } },
{ "type": "Feature", "properties": { "LOCATIENUMMER": "2249", "STATUS": "In dienst", "INTERACTIVITEIT": "Niet interactief", "LICHTBRON_GROEP": "MHHP-QZ", "BRANDPROGRAMMA": "D22H6.30 (Doven)", "BRANDPROGRAMMA_GROEP": "DxxHyy DOV" }, "geometry": { "type": "Point", "coordinates": [ 192683.578, 195780.998 ] } },
{ "type": "Feature", "properties": { "LOCATIENUMMER": "2250", "STATUS": "In dienst", "INTERACTIVITEIT": "Niet interactief", "LICHTBRON_GROEP": "MHHP-QZ", "BRANDPROGRAMMA": "D22H6.30 (Doven)", "BRANDPROGRAMMA_GROEP": "DxxHyy DOV" }, "geometry": { "type": "Point", "coordinates": [ 192705.079, 195772.026000000012573 ] } },
{ "type": "Feature", "properties": { "LOCATIENUMMER": "2983", "STATUS": "In dienst", "INTERACTIVITEIT": "Niet interactief", "LICHTBRON_GROEP": "NAHP", "BRANDPROGRAMMA": "D22H6.30 (Doven)", "BRANDPROGRAMMA_GROEP": "DxxHyy DOV" }, "geometry": { "type": "Point", "coordinates": [ 199321.578, 197264.666999999986729 ] } },
{ "type": "Feature", "properties": { "LOCATIENUMMER": "2985", "STATUS": "In dienst", "INTERACTIVITEIT": "Niet interactief", "LICHTBRON_GROEP": "NAHP", "BRANDPROGRAMMA": "D22H6.30 (Doven)", "BRANDPROGRAMMA_GROEP": "DxxHyy DOV" }, "geometry": { "type": "Point", "coordinates": [ 199403.817000000010012, 197284.439000000013039 ] } },
{ "type": "Feature", "properties": { "LOCATIENUMMER": "229", "STATUS": "In dienst", "INTERACTIVITEIT": "Interactief", "LICHTBRON_GROEP": "LED", "BRANDPROGRAMMA": "BPIV UNI 20-22-23/DIM/4-5-6 VRZA50", "BRANDPROGRAMMA_GROEP": "BPIV DIM" }, "geometry": { "type": "Point", "coordinates": [ 199516.168, 197326.113000000012107 ] } },
{ "type": "Feature", "properties": { "LOCATIENUMMER": "227", "STATUS": "In dienst", "INTERACTIVITEIT": "Interactief", "LICHTBRON_GROEP": "LED", "BRANDPROGRAMMA": "BPIV UNI 20-22-23/DIM/4-5-6 VRZA50", "BRANDPROGRAMMA_GROEP": "BPIV DIM" }, "geometry": { "type": "Point", "coordinates": [ 199594.997, 197355.415 ] } },
{ "type": "Feature", "properties": { "LOCATIENUMMER": "225", "STATUS": "In dienst", "INTERACTIVITEIT": "Interactief", "LICHTBRON_GROEP": "LED", "BRANDPROGRAMMA": "BPIV UNI 20-22-23/DIM/4-5-6 VRZA50", "BRANDPROGRAMMA_GROEP": "BPIV DIM" }, "geometry": { "type": "Point", "coordinates": [ 199674.121000000013737, 197375.997 ] } },
{ "type": "Feature", "properties": { "LOCATIENUMMER": "2978", "STATUS": "In dienst", "INTERACTIVITEIT": "Interactief", "LICHTBRON_GROEP": "LED", "BRANDPROGRAMMA": "BPIV UNI 20-22-23/DIM/4-5-6 VRZA50", "BRANDPROGRAMMA_GROEP": "BPIV DIM" }, "geometry": { "type": "Point", "coordinates": [ 199222.585, 197251.030999999988126 ] } },
{ "type": "Feature", "properties": { "LOCATIENUMMER": "223", "STATUS": "In dienst", "INTERACTIVITEIT": "Interactief", "LICHTBRON_GROEP": "LED", "BRANDPROGRAMMA": "BPIV UNI 20-22-23/DIM/4-5-6 VRZA50", "BRANDPROGRAMMA_GROEP": "BPIV DIM" }, "geometry": { "type": "Point", "coordinates": [ 199743.63, 197391.157 ] } },
{ "type": "Feature", "properties": { "LOCATIENUMMER": "221", "STATUS": "In dienst", "INTERACTIVITEIT": "Interactief", "LICHTBRON_GROEP": "LED", "BRANDPROGRAMMA": "BPIV UNI 20-22-23/DIM/4-5-6 VRZA50", "BRANDPROGRAMMA_GROEP": "BPIV DIM" }, "geometry": { "type": "Point", "coordinates": [ 199808.64000000001397, 197400.21 ] } },
{ "type": "Feature", "properties": { "LOCATIENUMMER": "233", "STATUS": "In dienst", "INTERACTIVITEIT": "Niet interactief", "LICHTBRON_GROEP": "NAHP", "BRANDPROGRAMMA": "D22H6.30 (Doven)", "BRANDPROGRAMMA_GROEP": "DxxHyy DOV" }, "geometry": { "type": "Point", "coordinates": [ 199863.687, 197422.884 ] } },
{ "type": "Feature", "properties": { "LOCATIENUMMER": "4534", "STATUS": "In dienst", "INTERACTIVITEIT": "Interactief", "LICHTBRON_GROEP": "LED", "BRANDPROGRAMMA": "BPIV UNI 20-22-23/DIM/4-5-6 VRZA50", "BRANDPROGRAMMA_GROEP": "BPIV DIM" }, "geometry": { "type": "Point", "coordinates": [ 199903.094000000011874, 197387.628 ] } },
{ "type": "Feature", "properties": { "LOCATIENUMMER": "217", "STATUS": "In dienst", "INTERACTIVITEIT": "Interactief", "LICHTBRON_GROEP": "LED", "BRANDPROGRAMMA": "BPIV UNI 20-22-23/DIM/4-5-6 VRZA50", "BRANDPROGRAMMA_GROEP": "BPIV DIM" }, "geometry": { "type": "Point", "coordinates": [ 199912.972, 197348.536 ] } },
{ "type": "Feature", "properties": { "LOCATIENUMMER": "218", "STATUS": "In dienst", "INTERACTIVITEIT": "Interactief", "LICHTBRON_GROEP": "LED", "BRANDPROGRAMMA": "BPIV UNI 20-22-23/DIM/4-5-6 VRZA50", "BRANDPROGRAMMA_GROEP": "BPIV DIM" }, "geometry": { "type": "Point", "coordinates": [ 199922.439000000013039, 197313.464 ] } },
{ "type": "Feature", "properties": { "LOCATIENUMMER": "219", "STATUS": "In dienst", "INTERACTIVITEIT": "Interactief", "LICHTBRON_GROEP": "LED", "BRANDPROGRAMMA": "BPIV UNI 20-22-23/DIM/4-5-6 VRZA50", "BRANDPROGRAMMA_GROEP": "BPIV DIM" }, "geometry": { "type": "Point", "coordinates": [ 199930.355000000010477, 197277.655999999988126 ] } },
{ "type": "Feature", "properties": { "LOCATIENUMMER": "2255", "STATUS": "In dienst", "INTERACTIVITEIT": "Niet interactief", "LICHTBRON_GROEP": "MHHP-QZ", "BRANDPROGRAMMA": "D22H6.30 (Doven)", "BRANDPROGRAMMA_GROEP": "DxxHyy DOV" }, "geometry": { "type": "Point", "coordinates": [ 192903.964, 195857.241 ] } },
{ "type": "Feature", "properties": { "LOCATIENUMMER": "2263", "STATUS": "In dienst", "INTERACTIVITEIT": "Niet interactief", "LICHTBRON_GROEP": "MHHP-QZ", "BRANDPROGRAMMA": "D22H6.30 (Doven)", "BRANDPROGRAMMA_GROEP": "DxxHyy DOV" }, "geometry": { "type": "Point", "coordinates": [ 192928.445, 195811.897999999986496 ] } },
{ "type": "Feature", "properties": { "LOCATIENUMMER": "2256", "STATUS": "In dienst", "INTERACTIVITEIT": "Niet interactief", "LICHTBRON_GROEP": "MHHP-QZ", "BRANDPROGRAMMA": "D22H6.30 (Doven)", "BRANDPROGRAMMA_GROEP": "DxxHyy DOV" }, "geometry": { "type": "Point", "coordinates": [ 192892.268000000010943, 195890.94 ] } },
{ "type": "Feature", "properties": { "LOCATIENUMMER": "2264", "STATUS": "In dienst", "INTERACTIVITEIT": "Niet interactief", "LICHTBRON_GROEP": "MHHP-QZ", "BRANDPROGRAMMA": "N", "BRANDPROGRAMMA_GROEP": "N" }, "geometry": { "type": "Point", "coordinates": [ 192952.983, 195825.753999999986263 ] } },
{ "type": "Feature", "properties": { "LOCATIENUMMER": "2215", "STATUS": "In dienst", "INTERACTIVITEIT": "Niet interactief", "LICHTBRON_GROEP": "MHHP-QZ", "BRANDPROGRAMMA": "D22H6.30 (Doven)", "BRANDPROGRAMMA_GROEP": "DxxHyy DOV" }, "geometry": { "type": "Point", "coordinates": [ 192831.497, 195788.878 ] } },
{ "type": "Feature", "properties": { "LOCATIENUMMER": "2261", "STATUS": "In dienst", "INTERACTIVITEIT": "Niet interactief", "LICHTBRON_GROEP": "MHHP-QZ", "BRANDPROGRAMMA": "N", "BRANDPROGRAMMA_GROEP": "N" }, "geometry": { "type": "Point", "coordinates": [ 192861.416999999986729, 195796.174999999988358 ] } },
{ "type": "Feature", "properties": { "LOCATIENUMMER": "2262", "STATUS": "In dienst", "INTERACTIVITEIT": "Niet interactief", "LICHTBRON_GROEP": "MHHP-QZ", "BRANDPROGRAMMA": "D22H6.30 (Doven)", "BRANDPROGRAMMA_GROEP": "DxxHyy DOV" }, "geometry": { "type": "Point", "coordinates": [ 192895.984, 195804.098 ] } },
{ "type": "Feature", "properties": { "LOCATIENUMMER": "2254", "STATUS": "In dienst", "INTERACTIVITEIT": "Niet interactief", "LICHTBRON_GROEP": "MHHP-QZ", "BRANDPROGRAMMA": "N", "BRANDPROGRAMMA_GROEP": "N" }, "geometry": { "type": "Point", "coordinates": [ 192912.587, 195824.067000000010012 ] } },
{ "type": "Feature", "properties": { "LOCATIENUMMER": "3483", "STATUS": "In dienst", "INTERACTIVITEIT": "Interactief-ready", "LICHTBRON_GROEP": "LED", "BRANDPROGRAMMA": "N", "BRANDPROGRAMMA_GROEP": "N" }, "geometry": { "type": "Point", "coordinates": [ 196097.576, 197162.011 ] } },
{ "type": "Feature", "properties": { "LOCATIENUMMER": "3484", "STATUS": "In dienst", "INTERACTIVITEIT": "Interactief-ready", "LICHTBRON_GROEP": "LED", "BRANDPROGRAMMA": "D22H6.30 (Doven)", "BRANDPROGRAMMA_GROEP": "DxxHyy DOV" }, "geometry": { "type": "Point", "coordinates": [ 196090.597, 197188.060999999986961 ] } },
{ "type": "Feature", "properties": { "LOCATIENUMMER": "3473", "STATUS": "In dienst", "INTERACTIVITEIT": "Interactief-ready", "LICHTBRON_GROEP": "LED", "BRANDPROGRAMMA": "N", "BRANDPROGRAMMA_GROEP": "N" }, "geometry": { "type": "Point", "coordinates": [ 196128.684, 197201.672 ] } },
{ "type": "Feature", "properties": { "LOCATIENUMMER": "3467", "STATUS": "In dienst", "INTERACTIVITEIT": "Interactief-ready", "LICHTBRON_GROEP": "LED", "BRANDPROGRAMMA": "N", "BRANDPROGRAMMA_GROEP": "N" }, "geometry": { "type": "Point", "coordinates": [ 196111.797, 197171.28 ] } },
{ "type": "Feature", "properties": { "LOCATIENUMMER": "3474", "STATUS": "In dienst", "INTERACTIVITEIT": "Interactief-ready", "LICHTBRON_GROEP": "LED", "BRANDPROGRAMMA": "D22H6.30 (Doven)", "BRANDPROGRAMMA_GROEP": "DxxHyy DOV" }, "geometry": { "type": "Point", "coordinates": [ 196136.85999999998603, 197175.668 ] } },
{ "type": "Feature", "properties": { "LOCATIENUMMER": "3475", "STATUS": "In dienst", "INTERACTIVITEIT": "Interactief-ready", "LICHTBRON_GROEP": "LED", "BRANDPROGRAMMA": "N", "BRANDPROGRAMMA_GROEP": "N" }, "geometry": { "type": "Point", "coordinates": [ 196144.362, 197148.962999999988824 ] } },
{ "type": "Feature", "properties": { "LOCATIENUMMER": "3468", "STATUS": "In dienst", "INTERACTIVITEIT": "Interactief-ready", "LICHTBRON_GROEP": "LED", "BRANDPROGRAMMA": "N", "BRANDPROGRAMMA_GROEP": "N" }, "geometry": { "type": "Point", "coordinates": [ 196120.519999999989523, 197136.715999999985797 ] } },
{ "type": "Feature", "properties": { "LOCATIENUMMER": "3476", "STATUS": "In dienst", "INTERACTIVITEIT": "Interactief-ready", "LICHTBRON_GROEP": "LED", "BRANDPROGRAMMA": "D22H6.30 (Doven)", "BRANDPROGRAMMA_GROEP": "DxxHyy DOV" }, "geometry": { "type": "Point", "coordinates": [ 196150.806000000011409, 197127.397 ] } },
{ "type": "Feature", "properties": { "LOCATIENUMMER": "3485", "STATUS": "In dienst", "INTERACTIVITEIT": "Interactief-ready", "LICHTBRON_GROEP": "LED", "BRANDPROGRAMMA": "D22H6.30 (Doven)", "BRANDPROGRAMMA_GROEP": "DxxHyy DOV" }, "geometry": { "type": "Point", "coordinates": [ 196184.813, 197094.144 ] } },
{ "type": "Feature", "properties": { "LOCATIENUMMER": "3486", "STATUS": "In dienst", "INTERACTIVITEIT": "Interactief-ready", "LICHTBRON_GROEP": "LED", "BRANDPROGRAMMA": "N", "BRANDPROGRAMMA_GROEP": "N" }, "geometry": { "type": "Point", "coordinates": [ 196187.420000000012806, 197104.085 ] } },
{ "type": "Feature", "properties": { "LOCATIENUMMER": "3477", "STATUS": "In dienst", "INTERACTIVITEIT": "Interactief-ready", "LICHTBRON_GROEP": "LED", "BRANDPROGRAMMA": "N", "BRANDPROGRAMMA_GROEP": "N" }, "geometry": { "type": "Point", "coordinates": [ 196158.402, 197103.284000000014203 ] } },
{ "type": "Feature", "properties": { "LOCATIENUMMER": "3478", "STATUS": "In dienst", "INTERACTIVITEIT": "Interactief-ready", "LICHTBRON_GROEP": "LED", "BRANDPROGRAMMA": "N", "BRANDPROGRAMMA_GROEP": "N" }, "geometry": { "type": "Point", "coordinates": [ 196156.916999999986729, 197092.128 ] } },
{ "type": "Feature", "properties": { "LOCATIENUMMER": "3479", "STATUS": "In dienst", "INTERACTIVITEIT": "Interactief-ready", "LICHTBRON_GROEP": "LED", "BRANDPROGRAMMA": "N", "BRANDPROGRAMMA_GROEP": "N" }, "geometry": { "type": "Point", "coordinates": [ 196135.334, 197085.04 ] } },
{ "type": "Feature", "properties": { "LOCATIENUMMER": "3481", "STATUS": "In dienst", "INTERACTIVITEIT": "Interactief-ready", "LICHTBRON_GROEP": "LED", "BRANDPROGRAMMA": "D22H6.30 (Doven)", "BRANDPROGRAMMA_GROEP": "DxxHyy DOV" }, "geometry": { "type": "Point", "coordinates": [ 196118.553000000014435, 197094.378999999986263 ] } },
{ "type": "Feature", "properties": { "LOCATIENUMMER": "3480", "STATUS": "In dienst", "INTERACTIVITEIT": "Interactief-ready", "LICHTBRON_GROEP": "LED", "BRANDPROGRAMMA": "D22H6.30 (Doven)", "BRANDPROGRAMMA_GROEP": "DxxHyy DOV" }, "geometry": { "type": "Point", "coordinates": [ 196106.987, 197078.017 ] } },
{ "type": "Feature", "properties": { "LOCATIENUMMER": "3482", "STATUS": "In dienst", "INTERACTIVITEIT": "Interactief-ready", "LICHTBRON_GROEP": "LED", "BRANDPROGRAMMA": "N", "BRANDPROGRAMMA_GROEP": "N" }, "geometry": { "type": "Point", "coordinates": [ 196109.57, 197121.244 ] } },
{ "type": "Feature", "properties": { "LOCATIENUMMER": "3661", "STATUS": "In dienst", "INTERACTIVITEIT": "Niet interactief", "LICHTBRON_GROEP": "HGHP", "BRANDPROGRAMMA": "N", "BRANDPROGRAMMA_GROEP": "N" }, "geometry": { "type": "Point", "coordinates": [ 198330.044, 198003.147 ] } },
{ "type": "Feature", "properties": { "LOCATIENUMMER": "3668", "STATUS": "In dienst", "INTERACTIVITEIT": "Niet interactief", "LICHTBRON_GROEP": "HGHP", "BRANDPROGRAMMA": "N", "BRANDPROGRAMMA_GROEP": "N" }, "geometry": { "type": "Point", "coordinates": [ 198251.901000000012573, 198002.121000000013737 ] } },
{ "type": "Feature", "properties": { "LOCATIENUMMER": "3669", "STATUS": "In dienst", "INTERACTIVITEIT": "Niet interactief", "LICHTBRON_GROEP": "HGHP", "BRANDPROGRAMMA": "D22H6.30 (Doven)", "BRANDPROGRAMMA_GROEP": "DxxHyy DOV" }, "geometry": { "type": "Point", "coordinates": [ 198264.29, 197964.348999999987427 ] } },
{ "type": "Feature", "properties": { "LOCATIENUMMER": "3674", "STATUS": "In dienst", "INTERACTIVITEIT": "Niet interactief", "LICHTBRON_GROEP": "HGHP", "BRANDPROGRAMMA": "N", "BRANDPROGRAMMA_GROEP": "N" }, "geometry": { "type": "Point", "coordinates": [ 198224.182999999989988, 197984.277 ] } },
{ "type": "Feature", "properties": { "LOCATIENUMMER": "3675", "STATUS": "In dienst", "INTERACTIVITEIT": "Niet interactief", "LICHTBRON_GROEP": "HGHP", "BRANDPROGRAMMA": "N", "BRANDPROGRAMMA_GROEP": "N" }, "geometry": { "type": "Point", "coordinates": [ 198194.954, 197991.579 ] } },
{ "type": "Feature", "properties": { "LOCATIENUMMER": "3670", "STATUS": "In dienst", "INTERACTIVITEIT": "Niet interactief", "LICHTBRON_GROEP": "HGHP", "BRANDPROGRAMMA": "N", "BRANDPROGRAMMA_GROEP": "N" }, "geometry": { "type": "Point", "coordinates": [ 198277.761999999987893, 197936.68 ] } },
{ "type": "Feature", "properties": { "LOCATIENUMMER": "3676", "STATUS": "In dienst", "INTERACTIVITEIT": "Niet interactief", "LICHTBRON_GROEP": "HGHP", "BRANDPROGRAMMA": "D22H6.30 (Doven)", "BRANDPROGRAMMA_GROEP": "DxxHyy DOV" }, "geometry": { "type": "Point", "coordinates": [ 198209.310999999986961, 197968.496000000013737 ] } },
{ "type": "Feature", "properties": { "LOCATIENUMMER": "3671", "STATUS": "In dienst", "INTERACTIVITEIT": "Niet interactief", "LICHTBRON_GROEP": "HGHP", "BRANDPROGRAMMA": "D22H6.30 (Doven)", "BRANDPROGRAMMA_GROEP": "DxxHyy DOV" }, "geometry": { "type": "Point", "coordinates": [ 198288.907, 197913.962 ] } },
{ "type": "Feature", "properties": { "LOCATIENUMMER": "3672", "STATUS": "In dienst", "INTERACTIVITEIT": "Niet interactief", "LICHTBRON_GROEP": "HGHP", "BRANDPROGRAMMA": "N", "BRANDPROGRAMMA_GROEP": "N" }, "geometry": { "type": "Point", "coordinates": [ 198297.198, 197896.975 ] } },
{ "type": "Feature", "properties": { "LOCATIENUMMER": "3673", "STATUS": "In dienst", "INTERACTIVITEIT": "Niet interactief", "LICHTBRON_GROEP": "HGHP", "BRANDPROGRAMMA": "N", "BRANDPROGRAMMA_GROEP": "N" }, "geometry": { "type": "Point", "coordinates": [ 198228.242, 197936.223 ] } },
{ "type": "Feature", "properties": { "LOCATIENUMMER": "3693", "STATUS": "In dienst", "INTERACTIVITEIT": "Niet interactief", "LICHTBRON_GROEP": "NAHP", "BRANDPROGRAMMA": "N", "BRANDPROGRAMMA_GROEP": "N" }, "geometry": { "type": "Point", "coordinates": [ 198340.909000000014203, 197895.627 ] } },
{ "type": "Feature", "properties": { "LOCATIENUMMER": "3667", "STATUS": "In dienst", "INTERACTIVITEIT": "Niet interactief", "LICHTBRON_GROEP": "HGHP", "BRANDPROGRAMMA": "D22H6.30 (Doven)", "BRANDPROGRAMMA_GROEP": "DxxHyy DOV" }, "geometry": { "type": "Point", "coordinates": [ 198280.049999999988358, 198020.236 ] } },
{ "type": "Feature", "properties": { "LOCATIENUMMER": "3660", "STATUS": "In dienst", "INTERACTIVITEIT": "Niet interactief", "LICHTBRON_GROEP": "HGHP", "BRANDPROGRAMMA": "N", "BRANDPROGRAMMA_GROEP": "N" }, "geometry": { "type": "Point", "coordinates": [ 198307.793, 198043.144 ] } },
{ "type": "Feature", "properties": { "LOCATIENUMMER": "3657", "STATUS": "In dienst", "INTERACTIVITEIT": "Niet interactief", "LICHTBRON_GROEP": "HGHP", "BRANDPROGRAMMA": "N", "BRANDPROGRAMMA_GROEP": "N" }, "geometry": { "type": "Point", "coordinates": [ 198280.252, 198094.397999999986496 ] } },
{ "type": "Feature", "properties": { "LOCATIENUMMER": "3655", "STATUS": "In dienst", "INTERACTIVITEIT": "Niet interactief", "LICHTBRON_GROEP": "HGHP", "BRANDPROGRAMMA": "D22H6.30 (Doven)", "BRANDPROGRAMMA_GROEP": "DxxHyy DOV" }, "geometry": { "type": "Point", "coordinates": [ 198296.347, 198063.920000000012806 ] } },
{ "type": "Feature", "properties": { "LOCATIENUMMER": "3666", "STATUS": "In dienst", "INTERACTIVITEIT": "Niet interactief", "LICHTBRON_GROEP": "HGHP", "BRANDPROGRAMMA": "N", "BRANDPROGRAMMA_GROEP": "N" }, "geometry": { "type": "Point", "coordinates": [ 198415.209, 198038.1 ] } },
{ "type": "Feature", "properties": { "LOCATIENUMMER": "3677", "STATUS": "In dienst", "INTERACTIVITEIT": "Niet interactief", "LICHTBRON_GROEP": "NAHP", "BRANDPROGRAMMA": "N", "BRANDPROGRAMMA_GROEP": "N" }, "geometry": { "type": "Point", "coordinates": [ 198316.448, 197974.519999999989523 ] } },
{ "type": "Feature", "properties": { "LOCATIENUMMER": "3694", "STATUS": "In dienst", "INTERACTIVITEIT": "Niet interactief", "LICHTBRON_GROEP": "NAHP", "BRANDPROGRAMMA": "D22H6.30 (Doven)", "BRANDPROGRAMMA_GROEP": "DxxHyy DOV" }, "geometry": { "type": "Point", "coordinates": [ 198353.883, 197957.545000000012806 ] } },
{ "type": "Feature", "properties": { "LOCATIENUMMER": "3662", "STATUS": "In dienst", "INTERACTIVITEIT": "Niet interactief", "LICHTBRON_GROEP": "HGHP", "BRANDPROGRAMMA": "N", "BRANDPROGRAMMA_GROEP": "N" }, "geometry": { "type": "Point", "coordinates": [ 198364.173, 198005.634 ] } },
{ "type": "Feature", "properties": { "LOCATIENUMMER": "3663", "STATUS": "In dienst", "INTERACTIVITEIT": "Niet interactief", "LICHTBRON_GROEP": "HGHP", "BRANDPROGRAMMA": "D22H6.30 (Doven)", "BRANDPROGRAMMA_GROEP": "DxxHyy DOV" }, "geometry": { "type": "Point", "coordinates": [ 198388.024, 198020.799 ] } },
{ "type": "Feature", "properties": { "LOCATIENUMMER": "3665", "STATUS": "In dienst", "INTERACTIVITEIT": "Niet interactief", "LICHTBRON_GROEP": "HGHP", "BRANDPROGRAMMA": "D22H6.30 (Doven)", "BRANDPROGRAMMA_GROEP": "DxxHyy DOV" }, "geometry": { "type": "Point", "coordinates": [ 198415.093, 198001.962999999988824 ] } },
{ "type": "Feature", "properties": { "LOCATIENUMMER": "3656", "STATUS": "In dienst", "INTERACTIVITEIT": "Niet interactief", "LICHTBRON_GROEP": "HGHP", "BRANDPROGRAMMA": "D22H6.30 (Doven)", "BRANDPROGRAMMA_GROEP": "DxxHyy DOV" }, "geometry": { "type": "Point", "coordinates": [ 198268.737, 198117.852000000013504 ] } },
{ "type": "Feature", "properties": { "LOCATIENUMMER": "3664", "STATUS": "In dienst", "INTERACTIVITEIT": "Niet interactief", "LICHTBRON_GROEP": "HGHP", "BRANDPROGRAMMA": "N", "BRANDPROGRAMMA_GROEP": "N" }, "geometry": { "type": "Point", "coordinates": [ 198431.771, 197976.1 ] } },
{ "type": "Feature", "properties": { "LOCATIENUMMER": "23", "STATUS": "In dienst", "INTERACTIVITEIT": "Interactief-ready", "LICHTBRON_GROEP": "LED", "BRANDPROGRAMMA": "D22H6.30 (Doven)", "BRANDPROGRAMMA_GROEP": "DxxHyy DOV" }, "geometry": { "type": "Point", "coordinates": [ 199356.734, 197749.681000000011409 ] } },
{ "type": "Feature", "properties": { "LOCATIENUMMER": "24", "STATUS": "In dienst", "INTERACTIVITEIT": "Interactief-ready", "LICHTBRON_GROEP": "LED", "BRANDPROGRAMMA": "D22H6.30 (Doven)", "BRANDPROGRAMMA_GROEP": "DxxHyy DOV" }, "geometry": { "type": "Point", "coordinates": [ 199330.469000000011874, 197735.997 ] } },
{ "type": "Feature", "properties": { "LOCATIENUMMER": "17", "STATUS": "In dienst", "INTERACTIVITEIT": "Interactief-ready", "LICHTBRON_GROEP": "LED", "BRANDPROGRAMMA": "D22H6.30 (Doven)", "BRANDPROGRAMMA_GROEP": "DxxHyy DOV" }, "geometry": { "type": "Point", "coordinates": [ 199258.354, 197728.418 ] } },
{ "type": "Feature", "properties": { "LOCATIENUMMER": "25", "STATUS": "In dienst", "INTERACTIVITEIT": "Interactief-ready", "LICHTBRON_GROEP": "LED", "BRANDPROGRAMMA": "D22H6.30 (Doven)", "BRANDPROGRAMMA_GROEP": "DxxHyy DOV" }, "geometry": { "type": "Point", "coordinates": [ 199305.073, 197724.508 ] } },
{ "type": "Feature", "properties": { "LOCATIENUMMER": "26", "STATUS": "In dienst", "INTERACTIVITEIT": "Interactief-ready", "LICHTBRON_GROEP": "LED", "BRANDPROGRAMMA": "D22H6.30 (Doven)", "BRANDPROGRAMMA_GROEP": "DxxHyy DOV" }, "geometry": { "type": "Point", "coordinates": [ 199283.584, 197713.817000000010012 ] } },
{ "type": "Feature", "properties": { "LOCATIENUMMER": "27", "STATUS": "In dienst", "INTERACTIVITEIT": "Interactief-ready", "LICHTBRON_GROEP": "LED", "BRANDPROGRAMMA": "N", "BRANDPROGRAMMA_GROEP": "N" }, "geometry": { "type": "Point", "coordinates": [ 199370.913, 197745.086000000010245 ] } },
{ "type": "Feature", "properties": { "LOCATIENUMMER": "28", "STATUS": "In dienst", "INTERACTIVITEIT": "Interactief-ready", "LICHTBRON_GROEP": "LED", "BRANDPROGRAMMA": "D22H6.30 (Doven)", "BRANDPROGRAMMA_GROEP": "DxxHyy DOV" }, "geometry": { "type": "Point", "coordinates": [ 199383.06, 197721.803000000014435 ] } },
{ "type": "Feature", "properties": { "LOCATIENUMMER": "18", "STATUS": "In dienst", "INTERACTIVITEIT": "Interactief-ready", "LICHTBRON_GROEP": "LED", "BRANDPROGRAMMA": "N", "BRANDPROGRAMMA_GROEP": "N" }, "geometry": { "type": "Point", "coordinates": [ 199253.649, 197713.402 ] } },
{ "type": "Feature", "properties": { "LOCATIENUMMER": "20", "STATUS": "In dienst", "INTERACTIVITEIT": "Interactief-ready", "LICHTBRON_GROEP": "LED", "BRANDPROGRAMMA": "D22H6.30 (Doven)", "BRANDPROGRAMMA_GROEP": "DxxHyy DOV" }, "geometry": { "type": "Point", "coordinates": [ 199299.174, 197776.01500000001397 ] } },
{ "type": "Feature", "properties": { "LOCATIENUMMER": "21", "STATUS": "In dienst", "INTERACTIVITEIT": "Interactief-ready", "LICHTBRON_GROEP": "LED", "BRANDPROGRAMMA": "D22H6.30 (Doven)", "BRANDPROGRAMMA_GROEP": "DxxHyy DOV" }, "geometry": { "type": "Point", "coordinates": [ 199286.674, 197801.566 ] } },
{ "type": "Feature", "properties": { "LOCATIENUMMER": "15", "STATUS": "In dienst", "INTERACTIVITEIT": "Interactief-ready", "LICHTBRON_GROEP": "LED", "BRANDPROGRAMMA": "D22H6.30 (Doven)", "BRANDPROGRAMMA_GROEP": "DxxHyy DOV" }, "geometry": { "type": "Point", "coordinates": [ 199333.916, 197765.852000000013504 ] } },
{ "type": "Feature", "properties": { "LOCATIENUMMER": "16", "STATUS": "In dienst", "INTERACTIVITEIT": "Interactief-ready", "LICHTBRON_GROEP": "LED", "BRANDPROGRAMMA": "D22H6.30 (Doven)", "BRANDPROGRAMMA_GROEP": "DxxHyy DOV" }, "geometry": { "type": "Point", "coordinates": [ 199292.696, 197745.49299999998766 ] } },
{ "type": "Feature", "properties": { "LOCATIENUMMER": "19", "STATUS": "In dienst", "INTERACTIVITEIT": "Interactief-ready", "LICHTBRON_GROEP": "LED", "BRANDPROGRAMMA": "N", "BRANDPROGRAMMA_GROEP": "N" }, "geometry": { "type": "Point", "coordinates": [ 199313.617, 197746.598 ] } },
{ "type": "Feature", "properties": { "LOCATIENUMMER": "2343", "STATUS": "In dienst", "INTERACTIVITEIT": "Niet interactief", "LICHTBRON_GROEP": "NAHP", "BRANDPROGRAMMA": "D22H6.30 (Doven)", "BRANDPROGRAMMA_GROEP": "DxxHyy DOV" }, "geometry": { "type": "Point", "coordinates": [ 193380.11799999998766, 195629.342 ] } },
{ "type": "Feature", "properties": { "LOCATIENUMMER": "2379", "STATUS": "In dienst", "INTERACTIVITEIT": "Interactief", "LICHTBRON_GROEP": "LED", "BRANDPROGRAMMA": "BPIV UNI 20-22-23/DOV/4-5-6 VRZA50", "BRANDPROGRAMMA_GROEP": "BPIV DOV WEEKEND" }, "geometry": { "type": "Point", "coordinates": [ 193404.579999999987194, 195622.049999999988358 ] } },
{ "type": "Feature", "properties": { "LOCATIENUMMER": "2345", "STATUS": "In dienst", "INTERACTIVITEIT": "Niet interactief", "LICHTBRON_GROEP": "NAHP", "BRANDPROGRAMMA": "N", "BRANDPROGRAMMA_GROEP": "N" }, "geometry": { "type": "Point", "coordinates": [ 193403.174, 195575.627 ] } },
{ "type": "Feature", "properties": { "LOCATIENUMMER": "1695", "STATUS": "In dienst", "INTERACTIVITEIT": "Interactief", "LICHTBRON_GROEP": "LED", "BRANDPROGRAMMA": "BPIV UNI 20-22-23/DIM/4-5-6 VRZA50", "BRANDPROGRAMMA_GROEP": "BPIV DIM" }, "geometry": { "type": "Point", "coordinates": [ 193440.57, 195574.535 ] } },
{ "type": "Feature", "properties": { "LOCATIENUMMER": "1660", "STATUS": "In dienst", "INTERACTIVITEIT": "Interactief", "LICHTBRON_GROEP": "LED", "BRANDPROGRAMMA": "BPIV UNI 20-22-23/DIM/4-5-6 VRZA50", "BRANDPROGRAMMA_GROEP": "BPIV DIM" }, "geometry": { "type": "Point", "coordinates": [ 193428.328, 195550.21 ] } },
{ "type": "Feature", "properties": { "LOCATIENUMMER": "1661", "STATUS": "In dienst", "INTERACTIVITEIT": "Interactief", "LICHTBRON_GROEP": "LED", "BRANDPROGRAMMA": "BPIV UNI 20-22-23/DIM/4-5-6 VRZA50", "BRANDPROGRAMMA_GROEP": "BPIV DIM" }, "geometry": { "type": "Point", "coordinates": [ 193437.00700000001234, 195516.726 ] } },
{ "type": "Feature", "properties": { "LOCATIENUMMER": "1662", "STATUS": "In dienst", "INTERACTIVITEIT": "Interactief", "LICHTBRON_GROEP": "LED", "BRANDPROGRAMMA": "BPIV UNI 20-22-23/DIM/4-5-6 VRZA50", "BRANDPROGRAMMA_GROEP": "BPIV DIM" }, "geometry": { "type": "Point", "coordinates": [ 193461.521, 195480.291999999986729 ] } },
{ "type": "Feature", "properties": { "LOCATIENUMMER": "1666", "STATUS": "In dienst", "INTERACTIVITEIT": "Interactief", "LICHTBRON_GROEP": "LED", "BRANDPROGRAMMA": "BPIV UNI 20-22-23/DIM/4-5-6 VRZA50", "BRANDPROGRAMMA_GROEP": "BPIV DIM" }, "geometry": { "type": "Point", "coordinates": [ 193541.364, 195307.38200000001234 ] } },
{ "type": "Feature", "properties": { "LOCATIENUMMER": "1663", "STATUS": "In dienst", "INTERACTIVITEIT": "Interactief", "LICHTBRON_GROEP": "LED", "BRANDPROGRAMMA": "BPIV UNI 20-22-23/DIM/4-5-6 VRZA50", "BRANDPROGRAMMA_GROEP": "BPIV DIM" }, "geometry": { "type": "Point", "coordinates": [ 193481.655, 195437.413999999989755 ] } },
{ "type": "Feature", "properties": { "LOCATIENUMMER": "1674", "STATUS": "In dienst", "INTERACTIVITEIT": "Interactief", "LICHTBRON_GROEP": "LED", "BRANDPROGRAMMA": "BPIV UNI 20-22-23/DIM/4-5-6 VRZA50", "BRANDPROGRAMMA_GROEP": "BPIV DIM" }, "geometry": { "type": "Point", "coordinates": [ 193530.639, 195267.598 ] } },
{ "type": "Feature", "properties": { "LOCATIENUMMER": "1664", "STATUS": "In dienst", "INTERACTIVITEIT": "Interactief", "LICHTBRON_GROEP": "LED", "BRANDPROGRAMMA": "BPIV UNI 20-22-23/DIM/4-5-6 VRZA50", "BRANDPROGRAMMA_GROEP": "BPIV DIM" }, "geometry": { "type": "Point", "coordinates": [ 193500.573, 195397.261 ] } },
{ "type": "Feature", "properties": { "LOCATIENUMMER": "1670", "STATUS": "In dienst", "INTERACTIVITEIT": "Interactief", "LICHTBRON_GROEP": "LED", "BRANDPROGRAMMA": "BPIV UNI 20-22-23/DIM/4-5-6 VRZA50", "BRANDPROGRAMMA_GROEP": "BPIV DIM" }, "geometry": { "type": "Point", "coordinates": [ 193556.337999999988824, 195279.517 ] } },
{ "type": "Feature", "properties": { "LOCATIENUMMER": "1665", "STATUS": "In dienst", "INTERACTIVITEIT": "Interactief", "LICHTBRON_GROEP": "LED", "BRANDPROGRAMMA": "BPIV UNI 20-22-23/DIM/4-5-6 VRZA50", "BRANDPROGRAMMA_GROEP": "BPIV DIM" }, "geometry": { "type": "Point", "coordinates": [ 193517.71, 195356.544 ] } },
{ "type": "Feature", "properties": { "LOCATIENUMMER": "2342", "STATUS": "In dienst", "INTERACTIVITEIT": "Niet interactief", "LICHTBRON_GROEP": "NAHP", "BRANDPROGRAMMA": "D22H6.30 (Doven)", "BRANDPROGRAMMA_GROEP": "DxxHyy DOV" }, "geometry": { "type": "Point", "coordinates": [ 193369.418, 195656.783 ] } },
{ "type": "Feature", "properties": { "LOCATIENUMMER": "1669", "STATUS": "In dienst", "INTERACTIVITEIT": "Interactief", "LICHTBRON_GROEP": "LED", "BRANDPROGRAMMA": "BPIV UNI 20-22-23/DIM/4-5-6 VRZA50", "BRANDPROGRAMMA_GROEP": "BPIV DIM" }, "geometry": { "type": "Point", "coordinates": [ 193576.708000000013271, 195314.674 ] } },
{ "type": "Feature", "properties": { "LOCATIENUMMER": "1676", "STATUS": "In dienst", "INTERACTIVITEIT": "Interactief", "LICHTBRON_GROEP": "LED", "BRANDPROGRAMMA": "BPIV UNI 20-22-23/DIM/4-5-6 VRZA50", "BRANDPROGRAMMA_GROEP": "BPIV DIM" }, "geometry": { "type": "Point", "coordinates": [ 193588.744, 195207.185 ] } },
{ "type": "Feature", "properties": { "LOCATIENUMMER": "1675", "STATUS": "In dienst", "INTERACTIVITEIT": "Interactief", "LICHTBRON_GROEP": "LED", "BRANDPROGRAMMA": "BPIV UNI 20-22-23/DIM/4-5-6 VRZA50", "BRANDPROGRAMMA_GROEP": "BPIV DIM" }, "geometry": { "type": "Point", "coordinates": [ 193571.852000000013504, 195242.729 ] } },
{ "type": "Feature", "properties": { "LOCATIENUMMER": "1677", "STATUS": "In dienst", "INTERACTIVITEIT": "Interactief", "LICHTBRON_GROEP": "LED", "BRANDPROGRAMMA": "BPIV UNI 20-22-23/DIM/4-5-6 VRZA50", "BRANDPROGRAMMA_GROEP": "BPIV DIM" }, "geometry": { "type": "Point", "coordinates": [ 193608.64000000001397, 195163.791 ] } },
{ "type": "Feature", "properties": { "LOCATIENUMMER": "1904", "STATUS": "In dienst", "INTERACTIVITEIT": "Niet interactief", "LICHTBRON_GROEP": "NALP", "BRANDPROGRAMMA": "D22H6.30 (Doven)", "BRANDPROGRAMMA_GROEP": "DxxHyy DOV" }, "geometry": { "type": "Point", "coordinates": [ 193835.217, 194660.163999999989755 ] } },
{ "type": "Feature", "properties": { "LOCATIENUMMER": "1905", "STATUS": "In dienst", "INTERACTIVITEIT": "Niet interactief", "LICHTBRON_GROEP": "NALP", "BRANDPROGRAMMA": "N", "BRANDPROGRAMMA_GROEP": "N" }, "geometry": { "type": "Point", "coordinates": [ 193800.89000000001397, 194732.597 ] } },
{ "type": "Feature", "properties": { "LOCATIENUMMER": "1681", "STATUS": "In dienst", "INTERACTIVITEIT": "Interactief", "LICHTBRON_GROEP": "LED", "BRANDPROGRAMMA": "BPIV UNI 20-22-23/DIM/4-5-6 VRZA50", "BRANDPROGRAMMA_GROEP": "BPIV DIM" }, "geometry": { "type": "Point", "coordinates": [ 193622.506, 195134.084 ] } },
{ "type": "Feature", "properties": { "LOCATIENUMMER": "1902", "STATUS": "In dienst", "INTERACTIVITEIT": "Niet interactief", "LICHTBRON_GROEP": "NALP", "BRANDPROGRAMMA": "N", "BRANDPROGRAMMA_GROEP": "N" }, "geometry": { "type": "Point", "coordinates": [ 193863.393000000010943, 194604.082 ] } },
{ "type": "Feature", "properties": { "LOCATIENUMMER": "1682", "STATUS": "In dienst", "INTERACTIVITEIT": "Interactief", "LICHTBRON_GROEP": "LED", "BRANDPROGRAMMA": "BPIV UNI 20-22-23/DIM/4-5-6 VRZA50", "BRANDPROGRAMMA_GROEP": "BPIV DIM" }, "geometry": { "type": "Point", "coordinates": [ 193640.234, 195096.871000000013737 ] } },
{ "type": "Feature", "properties": { "LOCATIENUMMER": "1903", "STATUS": "In dienst", "INTERACTIVITEIT": "Niet interactief", "LICHTBRON_GROEP": "NALP", "BRANDPROGRAMMA": "N", "BRANDPROGRAMMA_GROEP": "N" }, "geometry": { "type": "Point", "coordinates": [ 193877.209, 194573.88200000001234 ] } },
{ "type": "Feature", "properties": { "LOCATIENUMMER": "1683", "STATUS": "In dienst", "INTERACTIVITEIT": "Niet interactief", "LICHTBRON_GROEP": "NAHP", "BRANDPROGRAMMA": "D22H6.30 (Doven)", "BRANDPROGRAMMA_GROEP": "DxxHyy DOV" }, "geometry": { "type": "Point", "coordinates": [ 193654.769999999989523, 195065.616 ] } },
{ "type": "Feature", "properties": { "LOCATIENUMMER": "1906", "STATUS": "In dienst", "INTERACTIVITEIT": "Niet interactief", "LICHTBRON_GROEP": "NALP", "BRANDPROGRAMMA": "D22H6.30 (Doven)", "BRANDPROGRAMMA_GROEP": "DxxHyy DOV" }, "geometry": { "type": "Point", "coordinates": [ 193766.473999999987427, 194806.041 ] } },
{ "type": "Feature", "properties": { "LOCATIENUMMER": "1907", "STATUS": "In dienst", "INTERACTIVITEIT": "Niet interactief", "LICHTBRON_GROEP": "NALP", "BRANDPROGRAMMA": "D22H6.30 (Doven)", "BRANDPROGRAMMA_GROEP": "DxxHyy DOV" }, "geometry": { "type": "Point", "coordinates": [ 193732.85999999998603, 194877.315 ] } },
{ "type": "Feature", "properties": { "LOCATIENUMMER": "1909", "STATUS": "In dienst", "INTERACTIVITEIT": "Niet interactief", "LICHTBRON_GROEP": "NAHP", "BRANDPROGRAMMA": "N", "BRANDPROGRAMMA_GROEP": "N" }, "geometry": { "type": "Point", "coordinates": [ 193927.203, 194501.703 ] } },
{ "type": "Feature", "properties": { "LOCATIENUMMER": "1912", "STATUS": "In dienst", "INTERACTIVITEIT": "Niet interactief", "LICHTBRON_GROEP": "NAHP", "BRANDPROGRAMMA": "N", "BRANDPROGRAMMA_GROEP": "N" }, "geometry": { "type": "Point", "coordinates": [ 193969.492, 194405.516 ] } },
{ "type": "Feature", "properties": { "LOCATIENUMMER": "4503", "STATUS": "In dienst", "INTERACTIVITEIT": "Niet interactief", "LICHTBRON_GROEP": "NAHP", "BRANDPROGRAMMA": "N", "BRANDPROGRAMMA_GROEP": "N" }, "geometry": { "type": "Point", "coordinates": [ 194107.548, 193970.905 ] } },
{ "type": "Feature", "properties": { "LOCATIENUMMER": "44", "STATUS": "In dienst", "INTERACTIVITEIT": "Interactief", "LICHTBRON_GROEP": "LED", "BRANDPROGRAMMA": "BPIV UNI 20-22-23/DIM/4-5-6 VRZA50", "BRANDPROGRAMMA_GROEP": "BPIV DIM" }, "geometry": { "type": "Point", "coordinates": [ 199097.545000000012806, 197757.477000000013504 ] } },
{ "type": "Feature", "properties": { "LOCATIENUMMER": "43", "STATUS": "In dienst", "INTERACTIVITEIT": "Interactief", "LICHTBRON_GROEP": "LED", "BRANDPROGRAMMA": "BPIV UNI 20-22-23/DIM/4-5-6 VRZA50", "BRANDPROGRAMMA_GROEP": "BPIV DIM" }, "geometry": { "type": "Point", "coordinates": [ 199130.81, 197775.739 ] } },
{ "type": "Feature", "properties": { "LOCATIENUMMER": "42", "STATUS": "In dienst", "INTERACTIVITEIT": "Interactief", "LICHTBRON_GROEP": "LED", "BRANDPROGRAMMA": "BPIV UNI 20-22-23/DIM/4-5-6 VRZA50", "BRANDPROGRAMMA_GROEP": "BPIV DIM" }, "geometry": { "type": "Point", "coordinates": [ 199160.328, 197792.037000000011176 ] } },
{ "type": "Feature", "properties": { "LOCATIENUMMER": "22", "STATUS": "In dienst", "INTERACTIVITEIT": "Interactief-ready", "LICHTBRON_GROEP": "LED", "BRANDPROGRAMMA": "N", "BRANDPROGRAMMA_GROEP": "N" }, "geometry": { "type": "Point", "coordinates": [ 199272.424999999988358, 197830.314000000013039 ] } },
{ "type": "Feature", "properties": { "LOCATIENUMMER": "41", "STATUS": "In dienst", "INTERACTIVITEIT": "Interactief", "LICHTBRON_GROEP": "LED", "BRANDPROGRAMMA": "BPIV UNI 20-22-23/DIM/4-5-6 VRZA50", "BRANDPROGRAMMA_GROEP": "BPIV DIM" }, "geometry": { "type": "Point", "coordinates": [ 199188.519, 197807.161 ] } },
{ "type": "Feature", "properties": { "LOCATIENUMMER": "2995", "STATUS": "In dienst", "INTERACTIVITEIT": "Niet interactief", "LICHTBRON_GROEP": "NAHP", "BRANDPROGRAMMA": "N", "BRANDPROGRAMMA_GROEP": "N" }, "geometry": { "type": "Point", "coordinates": [ 199048.919, 197721.206 ] } },
{ "type": "Feature", "properties": { "LOCATIENUMMER": "2995", "STATUS": "In dienst", "INTERACTIVITEIT": "Niet interactief", "LICHTBRON_GROEP": "NAHP", "BRANDPROGRAMMA": "N", "BRANDPROGRAMMA_GROEP": "N" }, "geometry": { "type": "Point", "coordinates": [ 199048.919, 197721.206 ] } },
{ "type": "Feature", "properties": { "LOCATIENUMMER": "2996", "STATUS": "In dienst", "INTERACTIVITEIT": "Niet interactief", "LICHTBRON_GROEP": "NAHP", "BRANDPROGRAMMA": "D22H6.30 (Doven)", "BRANDPROGRAMMA_GROEP": "DxxHyy DOV" }, "geometry": { "type": "Point", "coordinates": [ 199029.855000000010477, 197746.019 ] } },
{ "type": "Feature", "properties": { "LOCATIENUMMER": "40", "STATUS": "In dienst", "INTERACTIVITEIT": "Interactief", "LICHTBRON_GROEP": "LED", "BRANDPROGRAMMA": "BPIV UNI 20-22-23/DIM/4-5-6 VRZA50", "BRANDPROGRAMMA_GROEP": "BPIV DIM" }, "geometry": { "type": "Point", "coordinates": [ 199223.527, 197826.594000000011874 ] } },
{ "type": "Feature", "properties": { "LOCATIENUMMER": "39", "STATUS": "In dienst", "INTERACTIVITEIT": "Interactief", "LICHTBRON_GROEP": "LED", "BRANDPROGRAMMA": "BPIV UNI 20-22-23/DIM/4-5-6 VRZA50", "BRANDPROGRAMMA_GROEP": "BPIV DIM" }, "geometry": { "type": "Point", "coordinates": [ 199245.817000000010012, 197838.74299999998766 ] } },
{ "type": "Feature", "properties": { "LOCATIENUMMER": "38", "STATUS": "In dienst", "INTERACTIVITEIT": "Interactief", "LICHTBRON_GROEP": "LED", "BRANDPROGRAMMA": "BPIV UNI 20-22-23/DIM/4-5-6 VRZA50", "BRANDPROGRAMMA_GROEP": "BPIV DIM" }, "geometry": { "type": "Point", "coordinates": [ 199281.545000000012806, 197858.627 ] } },
{ "type": "Feature", "properties": { "LOCATIENUMMER": "37", "STATUS": "In dienst", "INTERACTIVITEIT": "Interactief", "LICHTBRON_GROEP": "LED", "BRANDPROGRAMMA": "BPIV UNI 20-22-23/DIM/4-5-6 VRZA50", "BRANDPROGRAMMA_GROEP": "BPIV DIM" }, "geometry": { "type": "Point", "coordinates": [ 199311.192000000010012, 197875.017 ] } },
{ "type": "Feature", "properties": { "LOCATIENUMMER": "36", "STATUS": "In dienst", "INTERACTIVITEIT": "Interactief", "LICHTBRON_GROEP": "LED", "BRANDPROGRAMMA": "BPIV UNI 20-22-23/DIM/4-5-6 VRZA50", "BRANDPROGRAMMA_GROEP": "BPIV DIM" }, "geometry": { "type": "Point", "coordinates": [ 199340.76, 197891.274 ] } },
{ "type": "Feature", "properties": { "LOCATIENUMMER": "45", "STATUS": "In dienst", "INTERACTIVITEIT": "Interactief", "LICHTBRON_GROEP": "LED", "BRANDPROGRAMMA": "BPIV UNI 20-22-23/DIM/4-5-6 VRZA50", "BRANDPROGRAMMA_GROEP": "BPIV DIM" }, "geometry": { "type": "Point", "coordinates": [ 199066.782, 197740.622 ] } },
{ "type": "Feature", "properties": { "LOCATIENUMMER": "46", "STATUS": "In dienst", "INTERACTIVITEIT": "Interactief", "LICHTBRON_GROEP": "LED", "BRANDPROGRAMMA": "BPIV UNI 20-22-23/DIM/4-5-6 VRZA50", "BRANDPROGRAMMA_GROEP": "BPIV DIM" }, "geometry": { "type": "Point", "coordinates": [ 199334.316, 197912.554 ] } },
{ "type": "Feature", "properties": { "LOCATIENUMMER": "2266", "STATUS": "In dienst", "INTERACTIVITEIT": "Niet interactief", "LICHTBRON_GROEP": "MHHP-QZ", "BRANDPROGRAMMA": "D22H6.30 (Doven)", "BRANDPROGRAMMA_GROEP": "DxxHyy DOV" }, "geometry": { "type": "Point", "coordinates": [ 192980.927, 195913.633 ] } },
{ "type": "Feature", "properties": { "LOCATIENUMMER": "2269", "STATUS": "In dienst", "INTERACTIVITEIT": "Niet interactief", "LICHTBRON_GROEP": "MHHP-QZ", "BRANDPROGRAMMA": "D22H6.30 (Doven)", "BRANDPROGRAMMA_GROEP": "DxxHyy DOV" }, "geometry": { "type": "Point", "coordinates": [ 192974.14000000001397, 195948.497 ] } },
{ "type": "Feature", "properties": { "LOCATIENUMMER": "2268", "STATUS": "In dienst", "INTERACTIVITEIT": "Niet interactief", "LICHTBRON_GROEP": "MHHP-QZ", "BRANDPROGRAMMA": "N", "BRANDPROGRAMMA_GROEP": "N" }, "geometry": { "type": "Point", "coordinates": [ 192967.361, 195983.541999999986729 ] } },
{ "type": "Feature", "properties": { "LOCATIENUMMER": "2260", "STATUS": "In dienst", "INTERACTIVITEIT": "Niet interactief", "LICHTBRON_GROEP": "MHHP-QZ", "BRANDPROGRAMMA": "D22H6.30 (Doven)", "BRANDPROGRAMMA_GROEP": "DxxHyy DOV" }, "geometry": { "type": "Point", "coordinates": [ 192927.386999999987893, 195990.333000000013271 ] } },
{ "type": "Feature", "properties": { "LOCATIENUMMER": "2259", "STATUS": "In dienst", "INTERACTIVITEIT": "Niet interactief", "LICHTBRON_GROEP": "MHHP-QZ", "BRANDPROGRAMMA": "N", "BRANDPROGRAMMA_GROEP": "N" }, "geometry": { "type": "Point", "coordinates": [ 192879.693, 195976.372 ] } },
{ "type": "Feature", "properties": { "LOCATIENUMMER": "2257", "STATUS": "In dienst", "INTERACTIVITEIT": "Niet interactief", "LICHTBRON_GROEP": "MHHP-QZ", "BRANDPROGRAMMA": "N", "BRANDPROGRAMMA_GROEP": "N" }, "geometry": { "type": "Point", "coordinates": [ 192882.101, 195921.13 ] } },
{ "type": "Feature", "properties": { "LOCATIENUMMER": "2258", "STATUS": "In dienst", "INTERACTIVITEIT": "Niet interactief", "LICHTBRON_GROEP": "MHHP-QZ", "BRANDPROGRAMMA": "D22H6.30 (Doven)", "BRANDPROGRAMMA_GROEP": "DxxHyy DOV" }, "geometry": { "type": "Point", "coordinates": [ 192837.494, 195954.74299999998766 ] } },
{ "type": "Feature", "properties": { "LOCATIENUMMER": "2235", "STATUS": "In dienst", "INTERACTIVITEIT": "Niet interactief", "LICHTBRON_GROEP": "MHHP-QZ", "BRANDPROGRAMMA": "D22H6.30 (Doven)", "BRANDPROGRAMMA_GROEP": "DxxHyy DOV" }, "geometry": { "type": "Point", "coordinates": [ 192794.252, 195940.048 ] } },
{ "type": "Feature", "properties": { "LOCATIENUMMER": "2270", "STATUS": "In dienst", "INTERACTIVITEIT": "Niet interactief", "LICHTBRON_GROEP": "MHHP-QZ", "BRANDPROGRAMMA": "D22H6.30 (Doven)", "BRANDPROGRAMMA_GROEP": "DxxHyy DOV" }, "geometry": { "type": "Point", "coordinates": [ 193037.528, 195850.921 ] } },
{ "type": "Feature", "properties": { "LOCATIENUMMER": "2265", "STATUS": "In dienst", "INTERACTIVITEIT": "Niet interactief", "LICHTBRON_GROEP": "MHHP-QZ", "BRANDPROGRAMMA": "D22H6.30 (Doven)", "BRANDPROGRAMMA_GROEP": "DxxHyy DOV" }, "geometry": { "type": "Point", "coordinates": [ 192997.641, 195850.11799999998766 ] } },
{ "type": "Feature", "properties": { "LOCATIENUMMER": "2267", "STATUS": "In dienst", "INTERACTIVITEIT": "Niet interactief", "LICHTBRON_GROEP": "MHHP-QZ", "BRANDPROGRAMMA": "D22H6.30 (Doven)", "BRANDPROGRAMMA_GROEP": "DxxHyy DOV" }, "geometry": { "type": "Point", "coordinates": [ 192987.949, 195878.307999999989988 ] } },
{ "type": "Feature", "properties": { "LOCATIENUMMER": "548", "STATUS": "In dienst", "INTERACTIVITEIT": "Interactief", "LICHTBRON_GROEP": "LED", "BRANDPROGRAMMA": "BPIV UNI 20-22-23/DIM/4-5-6 VRZA50", "BRANDPROGRAMMA_GROEP": "BPIV DIM" }, "geometry": { "type": "Point", "coordinates": [ 198946.483, 198979.711000000010245 ] } },
{ "type": "Feature", "properties": { "LOCATIENUMMER": "549", "STATUS": "In dienst", "INTERACTIVITEIT": "Interactief", "LICHTBRON_GROEP": "LED", "BRANDPROGRAMMA": "BPIV UNI 20-22-23/DIM/4-5-6 VRZA50", "BRANDPROGRAMMA_GROEP": "BPIV DIM" }, "geometry": { "type": "Point", "coordinates": [ 198908.864, 198988.269 ] } },
{ "type": "Feature", "properties": { "LOCATIENUMMER": "550", "STATUS": "In dienst", "INTERACTIVITEIT": "Interactief", "LICHTBRON_GROEP": "LED", "BRANDPROGRAMMA": "BPIV UNI 20-22-23/DIM/4-5-6 VRZA50", "BRANDPROGRAMMA_GROEP": "BPIV DIM" }, "geometry": { "type": "Point", "coordinates": [ 198870.381, 198996.989 ] } },
{ "type": "Feature", "properties": { "LOCATIENUMMER": "551", "STATUS": "In dienst", "INTERACTIVITEIT": "Interactief", "LICHTBRON_GROEP": "LED", "BRANDPROGRAMMA": "BPIV UNI 20-22-23/DIM/4-5-6 VRZA50", "BRANDPROGRAMMA_GROEP": "BPIV DIM" }, "geometry": { "type": "Point", "coordinates": [ 198832.446, 199005.627 ] } },
{ "type": "Feature", "properties": { "LOCATIENUMMER": "552", "STATUS": "In dienst", "INTERACTIVITEIT": "Interactief", "LICHTBRON_GROEP": "LED", "BRANDPROGRAMMA": "BPIV UNI 20-22-23/DIM/4-5-6 VRZA50", "BRANDPROGRAMMA_GROEP": "BPIV DIM" }, "geometry": { "type": "Point", "coordinates": [ 198794.87400000001071, 199014.179 ] } },
{ "type": "Feature", "properties": { "LOCATIENUMMER": "553", "STATUS": "In dienst", "INTERACTIVITEIT": "Interactief", "LICHTBRON_GROEP": "LED", "BRANDPROGRAMMA": "BPIV UNI 20-22-23/DIM/4-5-6 VRZA50", "BRANDPROGRAMMA_GROEP": "BPIV DIM" }, "geometry": { "type": "Point", "coordinates": [ 198756.564000000013039, 199022.904 ] } },
{ "type": "Feature", "properties": { "LOCATIENUMMER": "554", "STATUS": "In dienst", "INTERACTIVITEIT": "Interactief", "LICHTBRON_GROEP": "LED", "BRANDPROGRAMMA": "BPIV UNI 20-22-23/DIM/4-5-6 VRZA50", "BRANDPROGRAMMA_GROEP": "BPIV DIM" }, "geometry": { "type": "Point", "coordinates": [ 198718.818, 199031.481 ] } },
{ "type": "Feature", "properties": { "LOCATIENUMMER": "555", "STATUS": "In dienst", "INTERACTIVITEIT": "Interactief", "LICHTBRON_GROEP": "LED", "BRANDPROGRAMMA": "BPIV UNI 20-22-23/DIM/4-5-6 VRZA50", "BRANDPROGRAMMA_GROEP": "BPIV DIM" }, "geometry": { "type": "Point", "coordinates": [ 198680.729, 199040.191 ] } },
{ "type": "Feature", "properties": { "LOCATIENUMMER": "556", "STATUS": "In dienst", "INTERACTIVITEIT": "Interactief", "LICHTBRON_GROEP": "LED", "BRANDPROGRAMMA": "BPIV UNI 20-22-23/DIM/4-5-6 VRZA50", "BRANDPROGRAMMA_GROEP": "BPIV DIM" }, "geometry": { "type": "Point", "coordinates": [ 198642.99299999998766, 199048.653 ] } },
{ "type": "Feature", "properties": { "LOCATIENUMMER": "557", "STATUS": "In dienst", "INTERACTIVITEIT": "Interactief", "LICHTBRON_GROEP": "LED", "BRANDPROGRAMMA": "BPIV UNI 20-22-23/DIM/4-5-6 VRZA50", "BRANDPROGRAMMA_GROEP": "BPIV DIM" }, "geometry": { "type": "Point", "coordinates": [ 198604.62400000001071, 199057.465 ] } },
{ "type": "Feature", "properties": { "LOCATIENUMMER": "558", "STATUS": "In dienst", "INTERACTIVITEIT": "Interactief", "LICHTBRON_GROEP": "LED", "BRANDPROGRAMMA": "BPIV UNI 20-22-23/DIM/4-5-6 VRZA50", "BRANDPROGRAMMA_GROEP": "BPIV DIM" }, "geometry": { "type": "Point", "coordinates": [ 198566.528, 199066.152 ] } },
{ "type": "Feature", "properties": { "LOCATIENUMMER": "559", "STATUS": "In dienst", "INTERACTIVITEIT": "Interactief", "LICHTBRON_GROEP": "LED", "BRANDPROGRAMMA": "BPIV UNI 20-22-23/DIM/4-5-6 VRZA50", "BRANDPROGRAMMA_GROEP": "BPIV DIM" }, "geometry": { "type": "Point", "coordinates": [ 198528.583000000013271, 199074.872 ] } },
{ "type": "Feature", "properties": { "LOCATIENUMMER": "569", "STATUS": "In dienst", "INTERACTIVITEIT": "Interactief", "LICHTBRON_GROEP": "LED", "BRANDPROGRAMMA": "BPIV UNI 20-22-23/DIM/4-5-6 VRZA50", "BRANDPROGRAMMA_GROEP": "BPIV DIM" }, "geometry": { "type": "Point", "coordinates": [ 198793.766, 199047.835 ] } },
{ "type": "Feature", "properties": { "LOCATIENUMMER": "570", "STATUS": "In dienst", "INTERACTIVITEIT": "Interactief", "LICHTBRON_GROEP": "LED", "BRANDPROGRAMMA": "BPIV UNI 20-22-23/DIM/4-5-6 VRZA50", "BRANDPROGRAMMA_GROEP": "BPIV DIM" }, "geometry": { "type": "Point", "coordinates": [ 198815.866, 199132.422 ] } },
{ "type": "Feature", "properties": { "LOCATIENUMMER": "571", "STATUS": "In dienst", "INTERACTIVITEIT": "Interactief", "LICHTBRON_GROEP": "LED", "BRANDPROGRAMMA": "BPIV UNI 20-22-23/DIM/4-5-6 VRZA50", "BRANDPROGRAMMA_GROEP": "BPIV DIM" }, "geometry": { "type": "Point", "coordinates": [ 198837.901000000012573, 199216.748 ] } },
{ "type": "Feature", "properties": { "LOCATIENUMMER": "572", "STATUS": "In dienst", "INTERACTIVITEIT": "Interactief", "LICHTBRON_GROEP": "LED", "BRANDPROGRAMMA": "BPIV UNI 20-22-23/DIM/4-5-6 VRZA50", "BRANDPROGRAMMA_GROEP": "BPIV DIM" }, "geometry": { "type": "Point", "coordinates": [ 198860.62599999998929, 199297.448 ] } },
{ "type": "Feature", "properties": { "LOCATIENUMMER": "159", "STATUS": "In dienst", "INTERACTIVITEIT": "Interactief", "LICHTBRON_GROEP": "LED", "BRANDPROGRAMMA": "BPIV UNI 20-22-23/DIM/4-5-6 VRZA50", "BRANDPROGRAMMA_GROEP": "BPIV DIM" }, "geometry": { "type": "Point", "coordinates": [ 198851.36799999998766, 197233.659000000014203 ] } },
{ "type": "Feature", "properties": { "LOCATIENUMMER": "160", "STATUS": "In dienst", "INTERACTIVITEIT": "Interactief", "LICHTBRON_GROEP": "LED", "BRANDPROGRAMMA": "BPIV UNI 20-22-23/DIM/4-5-6 VRZA50", "BRANDPROGRAMMA_GROEP": "BPIV DIM" }, "geometry": { "type": "Point", "coordinates": [ 198858.533, 197191.998 ] } },
{ "type": "Feature", "properties": { "LOCATIENUMMER": "161", "STATUS": "In dienst", "INTERACTIVITEIT": "Interactief", "LICHTBRON_GROEP": "LED", "BRANDPROGRAMMA": "BPIV UNI 20-22-23/DIM/4-5-6 VRZA50", "BRANDPROGRAMMA_GROEP": "BPIV DIM" }, "geometry": { "type": "Point", "coordinates": [ 198867.726, 197151.844000000011874 ] } },
{ "type": "Feature", "properties": { "LOCATIENUMMER": "156", "STATUS": "In dienst", "INTERACTIVITEIT": "Niet interactief", "LICHTBRON_GROEP": "HGHP", "BRANDPROGRAMMA": "D22H6.30 (Doven)", "BRANDPROGRAMMA_GROEP": "DxxHyy DOV" }, "geometry": { "type": "Point", "coordinates": [ 198832.022999999986496, 197381.086000000010245 ] } },
{ "type": "Feature", "properties": { "LOCATIENUMMER": "157", "STATUS": "In dienst", "INTERACTIVITEIT": "Niet interactief", "LICHTBRON_GROEP": "HGHP", "BRANDPROGRAMMA": "D22H6.30 (Doven)", "BRANDPROGRAMMA_GROEP": "DxxHyy DOV" }, "geometry": { "type": "Point", "coordinates": [ 198837.405999999988126, 197333.601 ] } },
{ "type": "Feature", "properties": { "LOCATIENUMMER": "158", "STATUS": "In dienst", "INTERACTIVITEIT": "Interactief", "LICHTBRON_GROEP": "LED", "BRANDPROGRAMMA": "BPIV UNI 20-22-23/DIM/4-5-6 VRZA50", "BRANDPROGRAMMA_GROEP": "BPIV DIM" }, "geometry": { "type": "Point", "coordinates": [ 198842.201, 197296.038 ] } },
{ "type": "Feature", "properties": { "LOCATIENUMMER": "1100", "STATUS": "In dienst", "INTERACTIVITEIT": "Interactief", "LICHTBRON_GROEP": "LED", "BRANDPROGRAMMA": "BPIV UNI 20-22-23/DIM/4-5-6 VRZA50", "BRANDPROGRAMMA_GROEP": "BPIV DIM" }, "geometry": { "type": "Point", "coordinates": [ 194540.715, 199721.832 ] } },
{ "type": "Feature", "properties": { "LOCATIENUMMER": "890", "STATUS": "In dienst", "INTERACTIVITEIT": "Interactief", "LICHTBRON_GROEP": "LED", "BRANDPROGRAMMA": "BPIV UNI 20-22-23/DIM/4-5-6 VRZA50", "BRANDPROGRAMMA_GROEP": "BPIV DIM" }, "geometry": { "type": "Point", "coordinates": [ 194431.859, 199672.497 ] } },
{ "type": "Feature", "properties": { "LOCATIENUMMER": "891", "STATUS": "In dienst", "INTERACTIVITEIT": "Interactief", "LICHTBRON_GROEP": "LED", "BRANDPROGRAMMA": "BPIV UNI 20-22-23/DIM/4-5-6 VRZA50", "BRANDPROGRAMMA_GROEP": "BPIV DIM" }, "geometry": { "type": "Point", "coordinates": [ 194442.256, 199675.532 ] } },
{ "type": "Feature", "properties": { "LOCATIENUMMER": "889", "STATUS": "In dienst", "INTERACTIVITEIT": "Interactief", "LICHTBRON_GROEP": "LED", "BRANDPROGRAMMA": "BPIV LR 19-22-23/DIM/5-6-7 VRZA50", "BRANDPROGRAMMA_GROEP": "BPIV DIM" }, "geometry": { "type": "Point", "coordinates": [ 194431.652, 199652.612 ] } },
{ "type": "Feature", "properties": { "LOCATIENUMMER": "889", "STATUS": "In dienst", "INTERACTIVITEIT": "Interactief", "LICHTBRON_GROEP": "LED", "BRANDPROGRAMMA": "BPIV UNI 20-22-23/DIM/4-5-6 VRZA50", "BRANDPROGRAMMA_GROEP": "BPIV DIM" }, "geometry": { "type": "Point", "coordinates": [ 194431.652, 199652.612 ] } },
{ "type": "Feature", "properties": { "LOCATIENUMMER": "874", "STATUS": "In dienst", "INTERACTIVITEIT": "Interactief", "LICHTBRON_GROEP": "LED", "BRANDPROGRAMMA": "BPIV UNI 20-22-23/DIM/4-5-6 VRZA50", "BRANDPROGRAMMA_GROEP": "BPIV DIM" }, "geometry": { "type": "Point", "coordinates": [ 194481.426, 199660.134 ] } },
{ "type": "Feature", "properties": { "LOCATIENUMMER": "4670", "STATUS": "In dienst", "INTERACTIVITEIT": "Niet interactief", "LICHTBRON_GROEP": "GLOEI", "BRANDPROGRAMMA": "D22H6.30 (Doven)", "BRANDPROGRAMMA_GROEP": "DxxHyy DOV" }, "geometry": { "type": "Point", "coordinates": [ 194464.881, 199642.021 ] } },
{ "type": "Feature", "properties": { "LOCATIENUMMER": "4671", "STATUS": "In dienst", "INTERACTIVITEIT": "Niet interactief", "LICHTBRON_GROEP": "GLOEI", "BRANDPROGRAMMA": "D22H6.30 (Doven)", "BRANDPROGRAMMA_GROEP": "DxxHyy DOV" }, "geometry": { "type": "Point", "coordinates": [ 194466.434, 199637.367 ] } },
{ "type": "Feature", "properties": { "LOCATIENUMMER": "888", "STATUS": "In dienst", "INTERACTIVITEIT": "Interactief", "LICHTBRON_GROEP": "LED", "BRANDPROGRAMMA": "BPIV UNI 20-22-23/DIM/4-5-6 VRZA50", "BRANDPROGRAMMA_GROEP": "BPIV DIM" }, "geometry": { "type": "Point", "coordinates": [ 194417.701, 199640.644 ] } },
{ "type": "Feature", "properties": { "LOCATIENUMMER": "888", "STATUS": "In dienst", "INTERACTIVITEIT": "Interactief", "LICHTBRON_GROEP": "LED", "BRANDPROGRAMMA": "BPIV UNI 20-22-23/DIM/4-5-6 VRZA50", "BRANDPROGRAMMA_GROEP": "BPIV DIM" }, "geometry": { "type": "Point", "coordinates": [ 194417.701, 199640.644 ] } },
{ "type": "Feature", "properties": { "LOCATIENUMMER": "875", "STATUS": "In dienst", "INTERACTIVITEIT": "Interactief", "LICHTBRON_GROEP": "LED", "BRANDPROGRAMMA": "BPIV UNI 20-22-23/DIM/4-5-6 VRZA50", "BRANDPROGRAMMA_GROEP": "BPIV DIM" }, "geometry": { "type": "Point", "coordinates": [ 194458.903, 199644.24900000001071 ] } },
{ "type": "Feature", "properties": { "LOCATIENUMMER": "878", "STATUS": "In dienst", "INTERACTIVITEIT": "Interactief", "LICHTBRON_GROEP": "LED", "BRANDPROGRAMMA": "BPIV UNI 20-22-23/DIM/4-5-6 VRZA50", "BRANDPROGRAMMA_GROEP": "BPIV DIM" }, "geometry": { "type": "Point", "coordinates": [ 194441.200000000011642, 199639.643000000010943 ] } },
{ "type": "Feature", "properties": { "LOCATIENUMMER": "4669", "STATUS": "In dienst", "INTERACTIVITEIT": "Niet interactief", "LICHTBRON_GROEP": "GLOEI", "BRANDPROGRAMMA": "D22H6.30 (Doven)", "BRANDPROGRAMMA_GROEP": "DxxHyy DOV" }, "geometry": { "type": "Point", "coordinates": [ 194461.840999999985797, 199639.516 ] } },
{ "type": "Feature", "properties": { "LOCATIENUMMER": "4672", "STATUS": "In dienst", "INTERACTIVITEIT": "Niet interactief", "LICHTBRON_GROEP": "GLOEI", "BRANDPROGRAMMA": "D22H6.30 (Doven)", "BRANDPROGRAMMA_GROEP": "DxxHyy DOV" }, "geometry": { "type": "Point", "coordinates": [ 194464.046, 199635.524 ] } },
{ "type": "Feature", "properties": { "LOCATIENUMMER": "887", "STATUS": "In dienst", "INTERACTIVITEIT": "Interactief", "LICHTBRON_GROEP": "LED", "BRANDPROGRAMMA": "BPIV LR 19-22-23/DIM/5-6-7 VRZA50", "BRANDPROGRAMMA_GROEP": "BPIV DIM" }, "geometry": { "type": "Point", "coordinates": [ 194402.514, 199627.227000000013504 ] } },
{ "type": "Feature", "properties": { "LOCATIENUMMER": "887", "STATUS": "In dienst", "INTERACTIVITEIT": "Interactief", "LICHTBRON_GROEP": "LED", "BRANDPROGRAMMA": "BPIV UNI 20-22-23/DIM/4-5-6 VRZA50", "BRANDPROGRAMMA_GROEP": "BPIV DIM" }, "geometry": { "type": "Point", "coordinates": [ 194402.514, 199627.227000000013504 ] } },
{ "type": "Feature", "properties": { "LOCATIENUMMER": "881", "STATUS": "In dienst", "INTERACTIVITEIT": "Interactief", "LICHTBRON_GROEP": "LED", "BRANDPROGRAMMA": "BPIV UNI 20-22-23/DIM/4-5-6 VRZA50", "BRANDPROGRAMMA_GROEP": "BPIV DIM" }, "geometry": { "type": "Point", "coordinates": [ 194380.358, 199617.794 ] } },
{ "type": "Feature", "properties": { "LOCATIENUMMER": "879", "STATUS": "In dienst", "INTERACTIVITEIT": "Interactief", "LICHTBRON_GROEP": "LED", "BRANDPROGRAMMA": "BPIV UNI 20-22-23/DIM/4-5-6 VRZA50", "BRANDPROGRAMMA_GROEP": "BPIV DIM" }, "geometry": { "type": "Point", "coordinates": [ 194421.182, 199625.509 ] } },
{ "type": "Feature", "properties": { "LOCATIENUMMER": "880", "STATUS": "In dienst", "INTERACTIVITEIT": "Interactief", "LICHTBRON_GROEP": "LED", "BRANDPROGRAMMA": "BPIV LR 19-22-23/DIM/5-6-7 VRZA50", "BRANDPROGRAMMA_GROEP": "BPIV DIM" }, "geometry": { "type": "Point", "coordinates": [ 194395.755, 199614.188 ] } },
{ "type": "Feature", "properties": { "LOCATIENUMMER": "880", "STATUS": "In dienst", "INTERACTIVITEIT": "Interactief", "LICHTBRON_GROEP": "LED", "BRANDPROGRAMMA": "BPIV UNI 20-22-23/DIM/4-5-6 VRZA50", "BRANDPROGRAMMA_GROEP": "BPIV DIM" }, "geometry": { "type": "Point", "coordinates": [ 194395.755, 199614.188 ] } },
{ "type": "Feature", "properties": { "LOCATIENUMMER": "882", "STATUS": "In dienst", "INTERACTIVITEIT": "Interactief", "LICHTBRON_GROEP": "LED", "BRANDPROGRAMMA": "BPIV UNI 20-22-23/DIM/4-5-6 VRZA50", "BRANDPROGRAMMA_GROEP": "BPIV DIM" }, "geometry": { "type": "Point", "coordinates": [ 194353.647, 199594.719000000011874 ] } },
{ "type": "Feature", "properties": { "LOCATIENUMMER": "883", "STATUS": "In dienst", "INTERACTIVITEIT": "Interactief", "LICHTBRON_GROEP": "LED", "BRANDPROGRAMMA": "BPIV UNI 20-22-23/DIM/4-5-6 VRZA50", "BRANDPROGRAMMA_GROEP": "BPIV DIM" }, "geometry": { "type": "Point", "coordinates": [ 194332.163, 199576.246000000013737 ] } },
{ "type": "Feature", "properties": { "LOCATIENUMMER": "624", "STATUS": "In dienst", "INTERACTIVITEIT": "Interactief-ready", "LICHTBRON_GROEP": "LED", "BRANDPROGRAMMA": "D22H6.30 (Doven)", "BRANDPROGRAMMA_GROEP": "DxxHyy DOV" }, "geometry": { "type": "Point", "coordinates": [ 194299.905, 199568.299999999988358 ] } },
{ "type": "Feature", "properties": { "LOCATIENUMMER": "884", "STATUS": "In dienst", "INTERACTIVITEIT": "Interactief", "LICHTBRON_GROEP": "LED", "BRANDPROGRAMMA": "BPIV UNI 20-22-23/DIM/4-5-6 VRZA50", "BRANDPROGRAMMA_GROEP": "BPIV DIM" }, "geometry": { "type": "Point", "coordinates": [ 194315.801, 199562.253999999986263 ] } },
{ "type": "Feature", "properties": { "LOCATIENUMMER": "1422", "STATUS": "In dienst", "INTERACTIVITEIT": "Interactief", "LICHTBRON_GROEP": "LED", "BRANDPROGRAMMA": "BPIV UNI 20-22-23/DIM/4-5-6 VRZA50", "BRANDPROGRAMMA_GROEP": "BPIV DIM" }, "geometry": { "type": "Point", "coordinates": [ 194325.231, 199549.702 ] } },
{ "type": "Feature", "properties": { "LOCATIENUMMER": "885", "STATUS": "In dienst", "INTERACTIVITEIT": "Interactief", "LICHTBRON_GROEP": "LED", "BRANDPROGRAMMA": "BPIV UNI 20-22-23/DIM/4-5-6 VRZA50", "BRANDPROGRAMMA_GROEP": "BPIV DIM" }, "geometry": { "type": "Point", "coordinates": [ 194292.441, 199542.147999999986496 ] } },
{ "type": "Feature", "properties": { "LOCATIENUMMER": "886", "STATUS": "In dienst", "INTERACTIVITEIT": "Interactief", "LICHTBRON_GROEP": "LED", "BRANDPROGRAMMA": "BPIV UNI 20-22-23/DIM/4-5-6 VRZA50", "BRANDPROGRAMMA_GROEP": "BPIV DIM" }, "geometry": { "type": "Point", "coordinates": [ 194259.761, 199513.801 ] } },
{ "type": "Feature", "properties": { "LOCATIENUMMER": "972", "STATUS": "In dienst", "INTERACTIVITEIT": "Interactief", "LICHTBRON_GROEP": "LED", "BRANDPROGRAMMA": "BPIV UNI 20-22-23/DIM/4-5-6 VRZA50", "BRANDPROGRAMMA_GROEP": "BPIV DIM" }, "geometry": { "type": "Point", "coordinates": [ 194232.738000000012107, 199490.437 ] } },
{ "type": "Feature", "properties": { "LOCATIENUMMER": "971", "STATUS": "In dienst", "INTERACTIVITEIT": "Interactief", "LICHTBRON_GROEP": "LED", "BRANDPROGRAMMA": "BPIV UNI 20-22-23/DIM/4-5-6 VRZA50", "BRANDPROGRAMMA_GROEP": "BPIV DIM" }, "geometry": { "type": "Point", "coordinates": [ 194209.579, 199468.658 ] } },
{ "type": "Feature", "properties": { "LOCATIENUMMER": "1108", "STATUS": "In dienst", "INTERACTIVITEIT": "Interactief", "LICHTBRON_GROEP": "LED", "BRANDPROGRAMMA": "BPIV UNI 20-22-23/DIM/4-5-6 VRZA50", "BRANDPROGRAMMA_GROEP": "BPIV DIM" }, "geometry": { "type": "Point", "coordinates": [ 194517.045000000012806, 199701.136 ] } },
{ "type": "Feature", "properties": { "LOCATIENUMMER": "1109", "STATUS": "In dienst", "INTERACTIVITEIT": "Interactief", "LICHTBRON_GROEP": "LED", "BRANDPROGRAMMA": "BPIV UNI 20-22-23/DIM/4-5-6 VRZA50", "BRANDPROGRAMMA_GROEP": "BPIV DIM" }, "geometry": { "type": "Point", "coordinates": [ 194493.014, 199679.601 ] } },
{ "type": "Feature", "properties": { "LOCATIENUMMER": "892", "STATUS": "In dienst", "INTERACTIVITEIT": "Interactief", "LICHTBRON_GROEP": "LED", "BRANDPROGRAMMA": "BPIV UNI 20-22-23/DIM/4-5-6 VRZA50", "BRANDPROGRAMMA_GROEP": "BPIV DIM" }, "geometry": { "type": "Point", "coordinates": [ 194451.547, 199662.854 ] } },
{ "type": "Feature", "properties": { "LOCATIENUMMER": "893", "STATUS": "In dienst", "INTERACTIVITEIT": "Interactief", "LICHTBRON_GROEP": "LED", "BRANDPROGRAMMA": "BPIV UNI 20-22-23/DIM/4-5-6 VRZA50", "BRANDPROGRAMMA_GROEP": "BPIV DIM" }, "geometry": { "type": "Point", "coordinates": [ 194473.555, 199672.821999999985565 ] } },
{ "type": "Feature", "properties": { "LOCATIENUMMER": "895", "STATUS": "In dienst", "INTERACTIVITEIT": "Interactief", "LICHTBRON_GROEP": "LED", "BRANDPROGRAMMA": "BPIV LR 19-22-23/DIM/5-6-7 VRZA50", "BRANDPROGRAMMA_GROEP": "BPIV DIM" }, "geometry": { "type": "Point", "coordinates": [ 194468.946, 199702.851 ] } },
{ "type": "Feature", "properties": { "LOCATIENUMMER": "99100", "STATUS": "In dienst", "INTERACTIVITEIT": "Niet interactief", "LICHTBRON_GROEP": "MHHP-QZ", "BRANDPROGRAMMA": "D22H6.30 (Doven)", "BRANDPROGRAMMA_GROEP": "DxxHyy DOV" }, "geometry": { "type": "Point", "coordinates": [ 194446.488000000012107, 199671.437 ] } },
{ "type": "Feature", "properties": { "LOCATIENUMMER": "99101", "STATUS": "In dienst", "INTERACTIVITEIT": "Niet interactief", "LICHTBRON_GROEP": "MHHP-QZ", "BRANDPROGRAMMA": "D22H6.30 (Doven)", "BRANDPROGRAMMA_GROEP": "DxxHyy DOV" }, "geometry": { "type": "Point", "coordinates": [ 194447.053000000014435, 199667.579999999987194 ] } },
{ "type": "Feature", "properties": { "LOCATIENUMMER": "1748", "STATUS": "In dienst", "INTERACTIVITEIT": "Interactief", "LICHTBRON_GROEP": "LED", "BRANDPROGRAMMA": "BPIV UNI 20-22-23/DIM/4-5-6 VRZA50", "BRANDPROGRAMMA_GROEP": "BPIV DIM" }, "geometry": { "type": "Point", "coordinates": [ 193361.503999999986263, 196081.88 ] } },
{ "type": "Feature", "properties": { "LOCATIENUMMER": "1758", "STATUS": "In dienst", "INTERACTIVITEIT": "Interactief", "LICHTBRON_GROEP": "LED", "BRANDPROGRAMMA": "BPIV UNI 20-22-23/DIM/4-5-6 VRZA50", "BRANDPROGRAMMA_GROEP": "BPIV DIM" }, "geometry": { "type": "Point", "coordinates": [ 193323.497, 196167.733 ] } },
{ "type": "Feature", "properties": { "LOCATIENUMMER": "1759", "STATUS": "In dienst", "INTERACTIVITEIT": "Interactief", "LICHTBRON_GROEP": "LED", "BRANDPROGRAMMA": "BPIV UNI 20-22-23/DIM/4-5-6 VRZA50", "BRANDPROGRAMMA_GROEP": "BPIV DIM" }, "geometry": { "type": "Point", "coordinates": [ 193316.566, 196212.437 ] } },
{ "type": "Feature", "properties": { "LOCATIENUMMER": "1760", "STATUS": "In dienst", "INTERACTIVITEIT": "Interactief", "LICHTBRON_GROEP": "LED", "BRANDPROGRAMMA": "BPIV UNI 20-22-23/DIM/4-5-6 VRZA50", "BRANDPROGRAMMA_GROEP": "BPIV DIM" }, "geometry": { "type": "Point", "coordinates": [ 193314.641, 196247.622 ] } },
{ "type": "Feature", "properties": { "LOCATIENUMMER": "1761", "STATUS": "In dienst", "INTERACTIVITEIT": "Interactief", "LICHTBRON_GROEP": "LED", "BRANDPROGRAMMA": "BPIV UNI 20-22-23/DIM/4-5-6 VRZA50", "BRANDPROGRAMMA_GROEP": "BPIV DIM" }, "geometry": { "type": "Point", "coordinates": [ 193311.964, 196287.045000000012806 ] } },
{ "type": "Feature", "properties": { "LOCATIENUMMER": "1762", "STATUS": "In dienst", "INTERACTIVITEIT": "Interactief", "LICHTBRON_GROEP": "LED", "BRANDPROGRAMMA": "BPIV UNI 20-22-23/DIM/4-5-6 VRZA50", "BRANDPROGRAMMA_GROEP": "BPIV DIM" }, "geometry": { "type": "Point", "coordinates": [ 193307.934, 196323.263 ] } },
{ "type": "Feature", "properties": { "LOCATIENUMMER": "1763", "STATUS": "In dienst", "INTERACTIVITEIT": "Interactief", "LICHTBRON_GROEP": "LED", "BRANDPROGRAMMA": "BPIV UNI 20-22-23/DIM/4-5-6 VRZA50", "BRANDPROGRAMMA_GROEP": "BPIV DIM" }, "geometry": { "type": "Point", "coordinates": [ 193303.549999999988358, 196363.62 ] } },
{ "type": "Feature", "properties": { "LOCATIENUMMER": "1747", "STATUS": "In dienst", "INTERACTIVITEIT": "Interactief", "LICHTBRON_GROEP": "LED", "BRANDPROGRAMMA": "BPIV UNI 20-22-23/DIM/4-5-6 VRZA50", "BRANDPROGRAMMA_GROEP": "BPIV DIM" }, "geometry": { "type": "Point", "coordinates": [ 193348.88200000001234, 196108.85999999998603 ] } },
{ "type": "Feature", "properties": { "LOCATIENUMMER": "1771", "STATUS": "In dienst", "INTERACTIVITEIT": "Interactief-ready", "LICHTBRON_GROEP": "LED", "BRANDPROGRAMMA": "N", "BRANDPROGRAMMA_GROEP": "N" }, "geometry": { "type": "Point", "coordinates": [ 193269.971, 196689.723 ] } },
{ "type": "Feature", "properties": { "LOCATIENUMMER": "1764", "STATUS": "In dienst", "INTERACTIVITEIT": "Interactief-ready", "LICHTBRON_GROEP": "LED", "BRANDPROGRAMMA": "D22H6.30 (Doven)", "BRANDPROGRAMMA_GROEP": "DxxHyy DOV" }, "geometry": { "type": "Point", "coordinates": [ 193301.154, 196402.01500000001397 ] } },
{ "type": "Feature", "properties": { "LOCATIENUMMER": "1765", "STATUS": "In dienst", "INTERACTIVITEIT": "Interactief-ready", "LICHTBRON_GROEP": "LED", "BRANDPROGRAMMA": "N", "BRANDPROGRAMMA_GROEP": "N" }, "geometry": { "type": "Point", "coordinates": [ 193296.431000000011409, 196440.567000000010012 ] } },
{ "type": "Feature", "properties": { "LOCATIENUMMER": "1766", "STATUS": "In dienst", "INTERACTIVITEIT": "Interactief-ready", "LICHTBRON_GROEP": "LED", "BRANDPROGRAMMA": "D22H6.30 (Doven)", "BRANDPROGRAMMA_GROEP": "DxxHyy DOV" }, "geometry": { "type": "Point", "coordinates": [ 193292.23499999998603, 196479.647 ] } },
{ "type": "Feature", "properties": { "LOCATIENUMMER": "1767", "STATUS": "In dienst", "INTERACTIVITEIT": "Interactief-ready", "LICHTBRON_GROEP": "LED", "BRANDPROGRAMMA": "D22H6.30 (Doven)", "BRANDPROGRAMMA_GROEP": "DxxHyy DOV" }, "geometry": { "type": "Point", "coordinates": [ 193287.711000000010245, 196521.99900000001071 ] } },
{ "type": "Feature", "properties": { "LOCATIENUMMER": "1768", "STATUS": "In dienst", "INTERACTIVITEIT": "Interactief-ready", "LICHTBRON_GROEP": "LED", "BRANDPROGRAMMA": "N", "BRANDPROGRAMMA_GROEP": "N" }, "geometry": { "type": "Point", "coordinates": [ 193283.142, 196564.413999999989755 ] } },
{ "type": "Feature", "properties": { "LOCATIENUMMER": "1769", "STATUS": "In dienst", "INTERACTIVITEIT": "Interactief-ready", "LICHTBRON_GROEP": "LED", "BRANDPROGRAMMA": "D22H6.30 (Doven)", "BRANDPROGRAMMA_GROEP": "DxxHyy DOV" }, "geometry": { "type": "Point", "coordinates": [ 193278.87, 196606.462 ] } },
{ "type": "Feature", "properties": { "LOCATIENUMMER": "1770", "STATUS": "In dienst", "INTERACTIVITEIT": "Interactief-ready", "LICHTBRON_GROEP": "LED", "BRANDPROGRAMMA": "D22H6.30 (Doven)", "BRANDPROGRAMMA_GROEP": "DxxHyy DOV" }, "geometry": { "type": "Point", "coordinates": [ 193274.172, 196650.74900000001071 ] } },
{ "type": "Feature", "properties": { "LOCATIENUMMER": "1772", "STATUS": "In dienst", "INTERACTIVITEIT": "Interactief-ready", "LICHTBRON_GROEP": "LED", "BRANDPROGRAMMA": "D22H6.30 (Doven)", "BRANDPROGRAMMA_GROEP": "DxxHyy DOV" }, "geometry": { "type": "Point", "coordinates": [ 193264.581, 196731.782 ] } },
{ "type": "Feature", "properties": { "LOCATIENUMMER": "1773", "STATUS": "In dienst", "INTERACTIVITEIT": "Interactief-ready", "LICHTBRON_GROEP": "LED", "BRANDPROGRAMMA": "D22H6.30 (Doven)", "BRANDPROGRAMMA_GROEP": "DxxHyy DOV" }, "geometry": { "type": "Point", "coordinates": [ 193258.952, 196771.991 ] } },
{ "type": "Feature", "properties": { "LOCATIENUMMER": "1528", "STATUS": "In dienst", "INTERACTIVITEIT": "Interactief-ready", "LICHTBRON_GROEP": "LED", "BRANDPROGRAMMA": "N", "BRANDPROGRAMMA_GROEP": "N" }, "geometry": { "type": "Point", "coordinates": [ 193237.181000000011409, 196930.853 ] } },
{ "type": "Feature", "properties": { "LOCATIENUMMER": "1529", "STATUS": "In dienst", "INTERACTIVITEIT": "Interactief-ready", "LICHTBRON_GROEP": "LED", "BRANDPROGRAMMA": "D22H6.30 (Doven)", "BRANDPROGRAMMA_GROEP": "DxxHyy DOV" }, "geometry": { "type": "Point", "coordinates": [ 193237.932999999989988, 196971.949 ] } },
{ "type": "Feature", "properties": { "LOCATIENUMMER": "1774", "STATUS": "In dienst", "INTERACTIVITEIT": "Interactief-ready", "LICHTBRON_GROEP": "LED", "BRANDPROGRAMMA": "N", "BRANDPROGRAMMA_GROEP": "N" }, "geometry": { "type": "Point", "coordinates": [ 193252.962999999988824, 196812.594000000011874 ] } },
{ "type": "Feature", "properties": { "LOCATIENUMMER": "1775", "STATUS": "In dienst", "INTERACTIVITEIT": "Interactief-ready", "LICHTBRON_GROEP": "LED", "BRANDPROGRAMMA": "D22H6.30 (Doven)", "BRANDPROGRAMMA_GROEP": "DxxHyy DOV" }, "geometry": { "type": "Point", "coordinates": [ 193246.704, 196854.845 ] } },
{ "type": "Feature", "properties": { "LOCATIENUMMER": "1479", "STATUS": "In dienst", "INTERACTIVITEIT": "Interactief", "LICHTBRON_GROEP": "LED", "BRANDPROGRAMMA": "BPIV UNI 20-22-23/DIM/4-5-6 VRZA50", "BRANDPROGRAMMA_GROEP": "BPIV DIM" }, "geometry": { "type": "Point", "coordinates": [ 193336.647, 197007.522 ] } },
{ "type": "Feature", "properties": { "LOCATIENUMMER": "1480", "STATUS": "In dienst", "INTERACTIVITEIT": "Interactief", "LICHTBRON_GROEP": "LED", "BRANDPROGRAMMA": "BPIV UNI 20-22-23/DIM/4-5-6 VRZA50", "BRANDPROGRAMMA_GROEP": "BPIV DIM" }, "geometry": { "type": "Point", "coordinates": [ 193201.787000000011176, 196889.722 ] } },
{ "type": "Feature", "properties": { "LOCATIENUMMER": "1776", "STATUS": "In dienst", "INTERACTIVITEIT": "Interactief-ready", "LICHTBRON_GROEP": "LED", "BRANDPROGRAMMA": "D22H6.30 (Doven)", "BRANDPROGRAMMA_GROEP": "DxxHyy DOV" }, "geometry": { "type": "Point", "coordinates": [ 193241.318, 196892.413999999989755 ] } },
{ "type": "Feature", "properties": { "LOCATIENUMMER": "1530", "STATUS": "In dienst", "INTERACTIVITEIT": "Interactief-ready", "LICHTBRON_GROEP": "LED", "BRANDPROGRAMMA": "N", "BRANDPROGRAMMA_GROEP": "N" }, "geometry": { "type": "Point", "coordinates": [ 193243.092, 197014.913999999989755 ] } },
{ "type": "Feature", "properties": { "LOCATIENUMMER": "1531", "STATUS": "In dienst", "INTERACTIVITEIT": "Interactief-ready", "LICHTBRON_GROEP": "LED", "BRANDPROGRAMMA": "D22H6.30 (Doven)", "BRANDPROGRAMMA_GROEP": "DxxHyy DOV" }, "geometry": { "type": "Point", "coordinates": [ 193252.237, 197056.225 ] } },
{ "type": "Feature", "properties": { "LOCATIENUMMER": "1532", "STATUS": "In dienst", "INTERACTIVITEIT": "Interactief-ready", "LICHTBRON_GROEP": "LED", "BRANDPROGRAMMA": "N", "BRANDPROGRAMMA_GROEP": "N" }, "geometry": { "type": "Point", "coordinates": [ 193265.845, 197095.651000000012573 ] } },
{ "type": "Feature", "properties": { "LOCATIENUMMER": "1533", "STATUS": "In dienst", "INTERACTIVITEIT": "Interactief-ready", "LICHTBRON_GROEP": "LED", "BRANDPROGRAMMA": "D22H6.30 (Doven)", "BRANDPROGRAMMA_GROEP": "DxxHyy DOV" }, "geometry": { "type": "Point", "coordinates": [ 193280.508, 197136.304 ] } },
{ "type": "Feature", "properties": { "LOCATIENUMMER": "1746", "STATUS": "In dienst", "INTERACTIVITEIT": "Interactief", "LICHTBRON_GROEP": "LED", "BRANDPROGRAMMA": "BPIV UNI 20-22-23/DIM/4-5-6 VRZA50", "BRANDPROGRAMMA_GROEP": "BPIV DIM" }, "geometry": { "type": "Point", "coordinates": [ 193336.818, 196134.65 ] } },
{ "type": "Feature", "properties": { "LOCATIENUMMER": "1752", "STATUS": "In dienst", "INTERACTIVITEIT": "Interactief", "LICHTBRON_GROEP": "LED", "BRANDPROGRAMMA": "BPIV UNI 20-22-23/DIM/4-5-6 VRZA50", "BRANDPROGRAMMA_GROEP": "BPIV DIM" }, "geometry": { "type": "Point", "coordinates": [ 193313.568, 196155.962 ] } },
{ "type": "Feature", "properties": { "LOCATIENUMMER": "2963", "STATUS": "In dienst", "INTERACTIVITEIT": "Interactief", "LICHTBRON_GROEP": "LED", "BRANDPROGRAMMA": "BPIV UNI 20-22-23/DIM/4-5-6 VRZA50", "BRANDPROGRAMMA_GROEP": "BPIV DIM" }, "geometry": { "type": "Point", "coordinates": [ 193827.959, 195660.603 ] } },
{ "type": "Feature", "properties": { "LOCATIENUMMER": "2962", "STATUS": "In dienst", "INTERACTIVITEIT": "Interactief", "LICHTBRON_GROEP": "LED", "BRANDPROGRAMMA": "BPIV UNI 20-22-23/DIM/4-5-6 VRZA50", "BRANDPROGRAMMA_GROEP": "BPIV DIM" }, "geometry": { "type": "Point", "coordinates": [ 193835.833000000013271, 195694.598 ] } },
{ "type": "Feature", "properties": { "LOCATIENUMMER": "4014", "STATUS": "In dienst", "INTERACTIVITEIT": "Interactief", "LICHTBRON_GROEP": "LED", "BRANDPROGRAMMA": "BPIV UNI 20-22-23/DIM/4-5-6 VRZA50", "BRANDPROGRAMMA_GROEP": "BPIV DIM" }, "geometry": { "type": "Point", "coordinates": [ 196091.980000000010477, 196689.858 ] } },
{ "type": "Feature", "properties": { "LOCATIENUMMER": "4015", "STATUS": "In dienst", "INTERACTIVITEIT": "Interactief", "LICHTBRON_GROEP": "LED", "BRANDPROGRAMMA": "BPIV UNI 20-22-23/DIM/4-5-6 VRZA50", "BRANDPROGRAMMA_GROEP": "BPIV DIM" }, "geometry": { "type": "Point", "coordinates": [ 196126.924, 196703.138 ] } },
{ "type": "Feature", "properties": { "LOCATIENUMMER": "4010", "STATUS": "In dienst", "INTERACTIVITEIT": "Interactief", "LICHTBRON_GROEP": "LED", "BRANDPROGRAMMA": "BPIV UNI 20-22-23/DIM/4-5-6 VRZA50", "BRANDPROGRAMMA_GROEP": "BPIV DIM" }, "geometry": { "type": "Point", "coordinates": [ 195996.867, 196670.12599999998929 ] } },
{ "type": "Feature", "properties": { "LOCATIENUMMER": "4012", "STATUS": "In dienst", "INTERACTIVITEIT": "Interactief", "LICHTBRON_GROEP": "LED", "BRANDPROGRAMMA": "BPIV UNI 20-22-23/DIM/4-5-6 VRZA50", "BRANDPROGRAMMA_GROEP": "BPIV DIM" }, "geometry": { "type": "Point", "coordinates": [ 196011.452, 196686.614 ] } },
{ "type": "Feature", "properties": { "LOCATIENUMMER": "4016", "STATUS": "In dienst", "INTERACTIVITEIT": "Interactief", "LICHTBRON_GROEP": "LED", "BRANDPROGRAMMA": "BPIV UNI 20-22-23/DIM/4-5-6 VRZA50", "BRANDPROGRAMMA_GROEP": "BPIV DIM" }, "geometry": { "type": "Point", "coordinates": [ 196127.856, 196737.013 ] } },
{ "type": "Feature", "properties": { "LOCATIENUMMER": "4013", "STATUS": "In dienst", "INTERACTIVITEIT": "Interactief", "LICHTBRON_GROEP": "LED", "BRANDPROGRAMMA": "BPIV UNI 20-22-23/DIM/4-5-6 VRZA50", "BRANDPROGRAMMA_GROEP": "BPIV DIM" }, "geometry": { "type": "Point", "coordinates": [ 196045.335, 196687.991 ] } },
{ "type": "Feature", "properties": { "LOCATIENUMMER": "2980", "STATUS": "In dienst", "INTERACTIVITEIT": "Niet interactief", "LICHTBRON_GROEP": "NAHP", "BRANDPROGRAMMA": "D22H6.30 (Doven)", "BRANDPROGRAMMA_GROEP": "DxxHyy DOV" }, "geometry": { "type": "Point", "coordinates": [ 199270.634, 197191.391 ] } },
{ "type": "Feature", "properties": { "LOCATIENUMMER": "3230", "STATUS": "In dienst", "INTERACTIVITEIT": "Niet interactief", "LICHTBRON_GROEP": "NAHP", "BRANDPROGRAMMA": "D22H6.30 (Doven)", "BRANDPROGRAMMA_GROEP": "DxxHyy DOV" }, "geometry": { "type": "Point", "coordinates": [ 198538.170000000012806, 198306.886 ] } },
{ "type": "Feature", "properties": { "LOCATIENUMMER": "3228", "STATUS": "In dienst", "INTERACTIVITEIT": "Niet interactief", "LICHTBRON_GROEP": "NAHP", "BRANDPROGRAMMA": "N", "BRANDPROGRAMMA_GROEP": "N" }, "geometry": { "type": "Point", "coordinates": [ 198518.66, 198333.323 ] } },
{ "type": "Feature", "properties": { "LOCATIENUMMER": "3238", "STATUS": "In dienst", "INTERACTIVITEIT": "Interactief", "LICHTBRON_GROEP": "LED", "BRANDPROGRAMMA": "BPIV UNI 20-22-23/DIM/4-5-6 VRZA50", "BRANDPROGRAMMA_GROEP": "BPIV DIM" }, "geometry": { "type": "Point", "coordinates": [ 198493.073, 198329.981999999989057 ] } },
{ "type": "Feature", "properties": { "LOCATIENUMMER": "3220", "STATUS": "In dienst", "INTERACTIVITEIT": "Interactief", "LICHTBRON_GROEP": "LED", "BRANDPROGRAMMA": "BPIV UNI 20-22-23/DIM/4-5-6 VRZA50", "BRANDPROGRAMMA_GROEP": "BPIV DIM" }, "geometry": { "type": "Point", "coordinates": [ 198527.299, 198351.230000000010477 ] } },
{ "type": "Feature", "properties": { "LOCATIENUMMER": "3583", "STATUS": "In dienst", "INTERACTIVITEIT": "Niet interactief", "LICHTBRON_GROEP": "NALP", "BRANDPROGRAMMA": "N", "BRANDPROGRAMMA_GROEP": "N" }, "geometry": { "type": "Point", "coordinates": [ 198497.267, 198362.313 ] } },
{ "type": "Feature", "properties": { "LOCATIENUMMER": "3582", "STATUS": "In dienst", "INTERACTIVITEIT": "Niet interactief", "LICHTBRON_GROEP": "NALP", "BRANDPROGRAMMA": "D22H6.30 (Doven)", "BRANDPROGRAMMA_GROEP": "DxxHyy DOV" }, "geometry": { "type": "Point", "coordinates": [ 198464.063, 198406.030999999988126 ] } },
{ "type": "Feature", "properties": { "LOCATIENUMMER": "3581", "STATUS": "In dienst", "INTERACTIVITEIT": "Niet interactief", "LICHTBRON_GROEP": "NALP", "BRANDPROGRAMMA": "N", "BRANDPROGRAMMA_GROEP": "N" }, "geometry": { "type": "Point", "coordinates": [ 198433.37400000001071, 198447.678000000014435 ] } },
{ "type": "Feature", "properties": { "LOCATIENUMMER": "3580", "STATUS": "In dienst", "INTERACTIVITEIT": "Niet interactief", "LICHTBRON_GROEP": "NALP", "BRANDPROGRAMMA": "D22H6.30 (Doven)", "BRANDPROGRAMMA_GROEP": "DxxHyy DOV" }, "geometry": { "type": "Point", "coordinates": [ 198414.508, 198473.498 ] } },
{ "type": "Feature", "properties": { "LOCATIENUMMER": "3579", "STATUS": "In dienst", "INTERACTIVITEIT": "Niet interactief", "LICHTBRON_GROEP": "NALP", "BRANDPROGRAMMA": "D22H6.30 (Doven)", "BRANDPROGRAMMA_GROEP": "DxxHyy DOV" }, "geometry": { "type": "Point", "coordinates": [ 198387.787000000011176, 198509.575000000011642 ] } },
{ "type": "Feature", "properties": { "LOCATIENUMMER": "3578", "STATUS": "In dienst", "INTERACTIVITEIT": "Niet interactief", "LICHTBRON_GROEP": "NALP", "BRANDPROGRAMMA": "N", "BRANDPROGRAMMA_GROEP": "N" }, "geometry": { "type": "Point", "coordinates": [ 198367.574, 198536.832 ] } },
{ "type": "Feature", "properties": { "LOCATIENUMMER": "3577", "STATUS": "In dienst", "INTERACTIVITEIT": "Niet interactief", "LICHTBRON_GROEP": "NALP", "BRANDPROGRAMMA": "D22H6.30 (Doven)", "BRANDPROGRAMMA_GROEP": "DxxHyy DOV" }, "geometry": { "type": "Point", "coordinates": [ 198331.37599999998929, 198585.087999999988824 ] } },
{ "type": "Feature", "properties": { "LOCATIENUMMER": "2974", "STATUS": "In dienst", "INTERACTIVITEIT": "Interactief", "LICHTBRON_GROEP": "LED", "BRANDPROGRAMMA": "BPIV UNI 20-22-23/DIM/4-5-6 VRZA50", "BRANDPROGRAMMA_GROEP": "BPIV DIM" }, "geometry": { "type": "Point", "coordinates": [ 199163.009, 197384.977000000013504 ] } },
{ "type": "Feature", "properties": { "LOCATIENUMMER": "3576", "STATUS": "In dienst", "INTERACTIVITEIT": "Niet interactief", "LICHTBRON_GROEP": "NALP", "BRANDPROGRAMMA": "N", "BRANDPROGRAMMA_GROEP": "N" }, "geometry": { "type": "Point", "coordinates": [ 198298.592, 198629.916999999986729 ] } },
{ "type": "Feature", "properties": { "LOCATIENUMMER": "3575", "STATUS": "In dienst", "INTERACTIVITEIT": "Niet interactief", "LICHTBRON_GROEP": "NALP", "BRANDPROGRAMMA": "D22H6.30 (Doven)", "BRANDPROGRAMMA_GROEP": "DxxHyy DOV" }, "geometry": { "type": "Point", "coordinates": [ 198277.35, 198658.759 ] } },
{ "type": "Feature", "properties": { "LOCATIENUMMER": "3574", "STATUS": "In dienst", "INTERACTIVITEIT": "Niet interactief", "LICHTBRON_GROEP": "NALP", "BRANDPROGRAMMA": "N", "BRANDPROGRAMMA_GROEP": "N" }, "geometry": { "type": "Point", "coordinates": [ 198251.452, 198693.638 ] } },
{ "type": "Feature", "properties": { "LOCATIENUMMER": "3573", "STATUS": "In dienst", "INTERACTIVITEIT": "Niet interactief", "LICHTBRON_GROEP": "NALP", "BRANDPROGRAMMA": "D22H6.30 (Doven)", "BRANDPROGRAMMA_GROEP": "DxxHyy DOV" }, "geometry": { "type": "Point", "coordinates": [ 198223.571, 198726.585 ] } },
{ "type": "Feature", "properties": { "LOCATIENUMMER": "3565", "STATUS": "In dienst", "INTERACTIVITEIT": "Niet interactief", "LICHTBRON_GROEP": "NALP", "BRANDPROGRAMMA": "N", "BRANDPROGRAMMA_GROEP": "N" }, "geometry": { "type": "Point", "coordinates": [ 198193.74900000001071, 198755.605000000010477 ] } },
{ "type": "Feature", "properties": { "LOCATIENUMMER": "2972", "STATUS": "In dienst", "INTERACTIVITEIT": "Interactief", "LICHTBRON_GROEP": "LED", "BRANDPROGRAMMA": "BPIV UNI 20-22-23/DIM/4-5-6 VRZA50", "BRANDPROGRAMMA_GROEP": "BPIV DIM" }, "geometry": { "type": "Point", "coordinates": [ 199146.772999999986496, 197417.538 ] } },
{ "type": "Feature", "properties": { "LOCATIENUMMER": "3566", "STATUS": "In dienst", "INTERACTIVITEIT": "Niet interactief", "LICHTBRON_GROEP": "NALP", "BRANDPROGRAMMA": "N", "BRANDPROGRAMMA_GROEP": "N" }, "geometry": { "type": "Point", "coordinates": [ 198159.657, 198763.50700000001234 ] } },
{ "type": "Feature", "properties": { "LOCATIENUMMER": "3567", "STATUS": "In dienst", "INTERACTIVITEIT": "Niet interactief", "LICHTBRON_GROEP": "NALP", "BRANDPROGRAMMA": "D22H6.30 (Doven)", "BRANDPROGRAMMA_GROEP": "DxxHyy DOV" }, "geometry": { "type": "Point", "coordinates": [ 198113.062, 198789.602000000013504 ] } },
{ "type": "Feature", "properties": { "LOCATIENUMMER": "3568", "STATUS": "In dienst", "INTERACTIVITEIT": "Niet interactief", "LICHTBRON_GROEP": "NALP", "BRANDPROGRAMMA": "D22H6.30 (Doven)", "BRANDPROGRAMMA_GROEP": "DxxHyy DOV" }, "geometry": { "type": "Point", "coordinates": [ 198069.458000000013271, 198813.211000000010245 ] } },
{ "type": "Feature", "properties": { "LOCATIENUMMER": "3569", "STATUS": "In dienst", "INTERACTIVITEIT": "Niet interactief", "LICHTBRON_GROEP": "NALP", "BRANDPROGRAMMA": "D22H6.30 (Doven)", "BRANDPROGRAMMA_GROEP": "DxxHyy DOV" }, "geometry": { "type": "Point", "coordinates": [ 198039.057999999989988, 198829.593 ] } },
{ "type": "Feature", "properties": { "LOCATIENUMMER": "3570", "STATUS": "In dienst", "INTERACTIVITEIT": "Niet interactief", "LICHTBRON_GROEP": "NALP", "BRANDPROGRAMMA": "N", "BRANDPROGRAMMA_GROEP": "N" }, "geometry": { "type": "Point", "coordinates": [ 197996.897999999986496, 198859.377 ] } },
{ "type": "Feature", "properties": { "LOCATIENUMMER": "3571", "STATUS": "In dienst", "INTERACTIVITEIT": "Niet interactief", "LICHTBRON_GROEP": "NALP", "BRANDPROGRAMMA": "D22H6.30 (Doven)", "BRANDPROGRAMMA_GROEP": "DxxHyy DOV" }, "geometry": { "type": "Point", "coordinates": [ 197969.489, 198885.166999999986729 ] } },
{ "type": "Feature", "properties": { "LOCATIENUMMER": "3572", "STATUS": "In dienst", "INTERACTIVITEIT": "Niet interactief", "LICHTBRON_GROEP": "NALP", "BRANDPROGRAMMA": "D22H6.30 (Doven)", "BRANDPROGRAMMA_GROEP": "DxxHyy DOV" }, "geometry": { "type": "Point", "coordinates": [ 197941.288999999989755, 198922.076 ] } },
{ "type": "Feature", "properties": { "LOCATIENUMMER": "253", "STATUS": "In dienst", "INTERACTIVITEIT": "Niet interactief", "LICHTBRON_GROEP": "NAHP", "BRANDPROGRAMMA": "D22H6.30 (Doven)", "BRANDPROGRAMMA_GROEP": "DxxHyy DOV" }, "geometry": { "type": "Point", "coordinates": [ 199144.585, 197536.310999999986961 ] } },
{ "type": "Feature", "properties": { "LOCATIENUMMER": "253", "STATUS": "In dienst", "INTERACTIVITEIT": "Niet interactief", "LICHTBRON_GROEP": "NAHP", "BRANDPROGRAMMA": "D22H6.30 (Doven)", "BRANDPROGRAMMA_GROEP": "DxxHyy DOV" }, "geometry": { "type": "Point", "coordinates": [ 199144.585, 197536.310999999986961 ] } },
{ "type": "Feature", "properties": { "LOCATIENUMMER": "2989", "STATUS": "In dienst", "INTERACTIVITEIT": "Niet interactief", "LICHTBRON_GROEP": "NAHP", "BRANDPROGRAMMA": "N", "BRANDPROGRAMMA_GROEP": "N" }, "geometry": { "type": "Point", "coordinates": [ 199106.534000000014203, 197539.817000000010012 ] } },
{ "type": "Feature", "properties": { "LOCATIENUMMER": "2990", "STATUS": "In dienst", "INTERACTIVITEIT": "Niet interactief", "LICHTBRON_GROEP": "NAHP", "BRANDPROGRAMMA": "D22H6.30 (Doven)", "BRANDPROGRAMMA_GROEP": "DxxHyy DOV" }, "geometry": { "type": "Point", "coordinates": [ 199099.574, 197560.008 ] } },
{ "type": "Feature", "properties": { "LOCATIENUMMER": "2991", "STATUS": "In dienst", "INTERACTIVITEIT": "Niet interactief", "LICHTBRON_GROEP": "NAHP", "BRANDPROGRAMMA": "D22H6.30 (Doven)", "BRANDPROGRAMMA_GROEP": "DxxHyy DOV" }, "geometry": { "type": "Point", "coordinates": [ 199086.284000000014203, 197591.63200000001234 ] } },
{ "type": "Feature", "properties": { "LOCATIENUMMER": "2992", "STATUS": "In dienst", "INTERACTIVITEIT": "Niet interactief", "LICHTBRON_GROEP": "NAHP", "BRANDPROGRAMMA": "N", "BRANDPROGRAMMA_GROEP": "N" }, "geometry": { "type": "Point", "coordinates": [ 199077.034000000014203, 197623.842 ] } },
{ "type": "Feature", "properties": { "LOCATIENUMMER": "2993", "STATUS": "In dienst", "INTERACTIVITEIT": "Niet interactief", "LICHTBRON_GROEP": "NAHP", "BRANDPROGRAMMA": "D22H6.30 (Doven)", "BRANDPROGRAMMA_GROEP": "DxxHyy DOV" }, "geometry": { "type": "Point", "coordinates": [ 199067.831, 197656.252 ] } },
{ "type": "Feature", "properties": { "LOCATIENUMMER": "4501", "STATUS": "In dienst", "INTERACTIVITEIT": "Niet interactief", "LICHTBRON_GROEP": "NALP", "BRANDPROGRAMMA": "D22H6.30 (Doven)", "BRANDPROGRAMMA_GROEP": "DxxHyy DOV" }, "geometry": { "type": "Point", "coordinates": [ 199321.498, 197122.818 ] } },
{ "type": "Feature", "properties": { "LOCATIENUMMER": "2994", "STATUS": "In dienst", "INTERACTIVITEIT": "Niet interactief", "LICHTBRON_GROEP": "NAHP", "BRANDPROGRAMMA": "D22H6.30 (Doven)", "BRANDPROGRAMMA_GROEP": "DxxHyy DOV" }, "geometry": { "type": "Point", "coordinates": [ 199058.456, 197688.829999999987194 ] } },
{ "type": "Feature", "properties": { "LOCATIENUMMER": "2997", "STATUS": "In dienst", "INTERACTIVITEIT": "Niet interactief", "LICHTBRON_GROEP": "NAHP", "BRANDPROGRAMMA": "N", "BRANDPROGRAMMA_GROEP": "N" }, "geometry": { "type": "Point", "coordinates": [ 199003.606, 197776.030999999988126 ] } },
{ "type": "Feature", "properties": { "LOCATIENUMMER": "2998", "STATUS": "In dienst", "INTERACTIVITEIT": "Niet interactief", "LICHTBRON_GROEP": "NAHP", "BRANDPROGRAMMA": "D22H6.30 (Doven)", "BRANDPROGRAMMA_GROEP": "DxxHyy DOV" }, "geometry": { "type": "Point", "coordinates": [ 198976.878999999986263, 197806.635 ] } },
{ "type": "Feature", "properties": { "LOCATIENUMMER": "2999", "STATUS": "In dienst", "INTERACTIVITEIT": "Niet interactief", "LICHTBRON_GROEP": "NAHP", "BRANDPROGRAMMA": "D22H6.30 (Doven)", "BRANDPROGRAMMA_GROEP": "DxxHyy DOV" }, "geometry": { "type": "Point", "coordinates": [ 198950.711000000010245, 197836.443999999988591 ] } },
{ "type": "Feature", "properties": { "LOCATIENUMMER": "3000", "STATUS": "In dienst", "INTERACTIVITEIT": "Niet interactief", "LICHTBRON_GROEP": "NAHP", "BRANDPROGRAMMA": "N", "BRANDPROGRAMMA_GROEP": "N" }, "geometry": { "type": "Point", "coordinates": [ 198921.63200000001234, 197868.16 ] } },
{ "type": "Feature", "properties": { "LOCATIENUMMER": "3001", "STATUS": "In dienst", "INTERACTIVITEIT": "Niet interactief", "LICHTBRON_GROEP": "NAHP", "BRANDPROGRAMMA": "D22H6.30 (Doven)", "BRANDPROGRAMMA_GROEP": "DxxHyy DOV" }, "geometry": { "type": "Point", "coordinates": [ 198873.725, 197924.534000000014203 ] } },
{ "type": "Feature", "properties": { "LOCATIENUMMER": "3002", "STATUS": "In dienst", "INTERACTIVITEIT": "Niet interactief", "LICHTBRON_GROEP": "NAHP", "BRANDPROGRAMMA": "N", "BRANDPROGRAMMA_GROEP": "N" }, "geometry": { "type": "Point", "coordinates": [ 198842.085, 197960.556000000011409 ] } },
{ "type": "Feature", "properties": { "LOCATIENUMMER": "3003", "STATUS": "In dienst", "INTERACTIVITEIT": "Niet interactief", "LICHTBRON_GROEP": "NAHP", "BRANDPROGRAMMA": "N", "BRANDPROGRAMMA_GROEP": "N" }, "geometry": { "type": "Point", "coordinates": [ 198812.76, 197993.037000000011176 ] } },
{ "type": "Feature", "properties": { "LOCATIENUMMER": "3237", "STATUS": "In dienst", "INTERACTIVITEIT": "Niet interactief", "LICHTBRON_GROEP": "NAHP", "BRANDPROGRAMMA": "N", "BRANDPROGRAMMA_GROEP": "N" }, "geometry": { "type": "Point", "coordinates": [ 198729.72, 198088.486 ] } },
{ "type": "Feature", "properties": { "LOCATIENUMMER": "2979", "STATUS": "In dienst", "INTERACTIVITEIT": "Niet interactief", "LICHTBRON_GROEP": "NALP", "BRANDPROGRAMMA": "D22H6.30 (Doven)", "BRANDPROGRAMMA_GROEP": "DxxHyy DOV" }, "geometry": { "type": "Point", "coordinates": [ 199247.722, 197222.117 ] } },
{ "type": "Feature", "properties": { "LOCATIENUMMER": "3236", "STATUS": "In dienst", "INTERACTIVITEIT": "Niet interactief", "LICHTBRON_GROEP": "NAHP", "BRANDPROGRAMMA": "D22H6.30 (Doven)", "BRANDPROGRAMMA_GROEP": "DxxHyy DOV" }, "geometry": { "type": "Point", "coordinates": [ 198699.958000000013271, 198121.742 ] } },
{ "type": "Feature", "properties": { "LOCATIENUMMER": "3005", "STATUS": "In dienst", "INTERACTIVITEIT": "Niet interactief", "LICHTBRON_GROEP": "NAHP", "BRANDPROGRAMMA": "D22H6.30 (Doven)", "BRANDPROGRAMMA_GROEP": "DxxHyy DOV" }, "geometry": { "type": "Point", "coordinates": [ 198759.362, 198054.346 ] } },
{ "type": "Feature", "properties": { "LOCATIENUMMER": "3229", "STATUS": "In dienst", "INTERACTIVITEIT": "Niet interactief", "LICHTBRON_GROEP": "NAHP", "BRANDPROGRAMMA": "N", "BRANDPROGRAMMA_GROEP": "N" }, "geometry": { "type": "Point", "coordinates": [ 198680.903, 198141.13 ] } },
{ "type": "Feature", "properties": { "LOCATIENUMMER": "3235", "STATUS": "In dienst", "INTERACTIVITEIT": "Niet interactief", "LICHTBRON_GROEP": "NAHP", "BRANDPROGRAMMA": "D22H6.30 (Doven)", "BRANDPROGRAMMA_GROEP": "DxxHyy DOV" }, "geometry": { "type": "Point", "coordinates": [ 198664.623, 198161.778 ] } },
{ "type": "Feature", "properties": { "LOCATIENUMMER": "2977", "STATUS": "In dienst", "INTERACTIVITEIT": "Interactief", "LICHTBRON_GROEP": "LED", "BRANDPROGRAMMA": "BPIV UNI 20-22-23/DIM/4-5-6 VRZA50", "BRANDPROGRAMMA_GROEP": "BPIV DIM" }, "geometry": { "type": "Point", "coordinates": [ 199211.25, 197278.731999999989057 ] } },
{ "type": "Feature", "properties": { "LOCATIENUMMER": "2976", "STATUS": "In dienst", "INTERACTIVITEIT": "Interactief", "LICHTBRON_GROEP": "LED", "BRANDPROGRAMMA": "BPIV UNI 20-22-23/DIM/4-5-6 VRZA50", "BRANDPROGRAMMA_GROEP": "BPIV DIM" }, "geometry": { "type": "Point", "coordinates": [ 199196.655, 197311.717 ] } },
{ "type": "Feature", "properties": { "LOCATIENUMMER": "3234", "STATUS": "In dienst", "INTERACTIVITEIT": "Niet interactief", "LICHTBRON_GROEP": "NAHP", "BRANDPROGRAMMA": "D22H6.30 (Doven)", "BRANDPROGRAMMA_GROEP": "DxxHyy DOV" }, "geometry": { "type": "Point", "coordinates": [ 198641.681000000011409, 198188.201 ] } },
{ "type": "Feature", "properties": { "LOCATIENUMMER": "3233", "STATUS": "In dienst", "INTERACTIVITEIT": "Niet interactief", "LICHTBRON_GROEP": "NAHP", "BRANDPROGRAMMA": "N", "BRANDPROGRAMMA_GROEP": "N" }, "geometry": { "type": "Point", "coordinates": [ 198614.333000000013271, 198218.865 ] } },
{ "type": "Feature", "properties": { "LOCATIENUMMER": "2975", "STATUS": "In dienst", "INTERACTIVITEIT": "Interactief", "LICHTBRON_GROEP": "LED", "BRANDPROGRAMMA": "BPIV UNI 20-22-23/DIM/4-5-6 VRZA50", "BRANDPROGRAMMA_GROEP": "BPIV DIM" }, "geometry": { "type": "Point", "coordinates": [ 199179.821999999985565, 197349.631 ] } },
{ "type": "Feature", "properties": { "LOCATIENUMMER": "3232", "STATUS": "In dienst", "INTERACTIVITEIT": "Niet interactief", "LICHTBRON_GROEP": "NAHP", "BRANDPROGRAMMA": "D22H6.30 (Doven)", "BRANDPROGRAMMA_GROEP": "DxxHyy DOV" }, "geometry": { "type": "Point", "coordinates": [ 198589.291, 198246.897999999986496 ] } },
{ "type": "Feature", "properties": { "LOCATIENUMMER": "3231", "STATUS": "In dienst", "INTERACTIVITEIT": "Niet interactief", "LICHTBRON_GROEP": "NAHP", "BRANDPROGRAMMA": "N", "BRANDPROGRAMMA_GROEP": "N" }, "geometry": { "type": "Point", "coordinates": [ 198562.483, 198277.769999999989523 ] } },
{ "type": "Feature", "properties": { "LOCATIENUMMER": "4222", "STATUS": "In dienst", "INTERACTIVITEIT": "Niet interactief", "LICHTBRON_GROEP": "NAHP", "BRANDPROGRAMMA": "D22H6.30 (Doven)", "BRANDPROGRAMMA_GROEP": "DxxHyy DOV" }, "geometry": { "type": "Point", "coordinates": [ 193888.267, 199111.878 ] } },
{ "type": "Feature", "properties": { "LOCATIENUMMER": "4271", "STATUS": "In dienst", "INTERACTIVITEIT": "Niet interactief", "LICHTBRON_GROEP": "NAHP", "BRANDPROGRAMMA": "N", "BRANDPROGRAMMA_GROEP": "N" }, "geometry": { "type": "Point", "coordinates": [ 193759.133, 199107.723 ] } },
{ "type": "Feature", "properties": { "LOCATIENUMMER": "4229", "STATUS": "In dienst", "INTERACTIVITEIT": "Niet interactief", "LICHTBRON_GROEP": "NAHP", "BRANDPROGRAMMA": "N", "BRANDPROGRAMMA_GROEP": "N" }, "geometry": { "type": "Point", "coordinates": [ 193613.021, 199046.283 ] } },
{ "type": "Feature", "properties": { "LOCATIENUMMER": "4224", "STATUS": "In dienst", "INTERACTIVITEIT": "Niet interactief", "LICHTBRON_GROEP": "NAHP", "BRANDPROGRAMMA": "D22H6.30 (Doven)", "BRANDPROGRAMMA_GROEP": "DxxHyy DOV" }, "geometry": { "type": "Point", "coordinates": [ 193809.475, 199093.112 ] } },
{ "type": "Feature", "properties": { "LOCATIENUMMER": "4226", "STATUS": "In dienst", "INTERACTIVITEIT": "Niet interactief", "LICHTBRON_GROEP": "NAHP", "BRANDPROGRAMMA": "D22H6.30 (Doven)", "BRANDPROGRAMMA_GROEP": "DxxHyy DOV" }, "geometry": { "type": "Point", "coordinates": [ 193723.093, 199072.821999999985565 ] } },
{ "type": "Feature", "properties": { "LOCATIENUMMER": "4228", "STATUS": "In dienst", "INTERACTIVITEIT": "Niet interactief", "LICHTBRON_GROEP": "NAHP", "BRANDPROGRAMMA": "D22H6.30 (Doven)", "BRANDPROGRAMMA_GROEP": "DxxHyy DOV" }, "geometry": { "type": "Point", "coordinates": [ 193644.23499999998603, 199053.893000000010943 ] } },
{ "type": "Feature", "properties": { "LOCATIENUMMER": "3897", "STATUS": "In dienst", "INTERACTIVITEIT": "Interactief", "LICHTBRON_GROEP": "LED", "BRANDPROGRAMMA": "BPIV UNI 20-22-23/DIM/4-5-6 VRZA50", "BRANDPROGRAMMA_GROEP": "BPIV DIM" }, "geometry": { "type": "Point", "coordinates": [ 193131.495, 195744.576 ] } },
{ "type": "Feature", "properties": { "LOCATIENUMMER": "3905", "STATUS": "In dienst", "INTERACTIVITEIT": "Interactief", "LICHTBRON_GROEP": "LED", "BRANDPROGRAMMA": "BPIV UNI 20-22-23/DIM/4-5-6 VRZA50", "BRANDPROGRAMMA_GROEP": "BPIV DIM" }, "geometry": { "type": "Point", "coordinates": [ 193085.481999999989057, 195643.492 ] } },
{ "type": "Feature", "properties": { "LOCATIENUMMER": "3900", "STATUS": "In dienst", "INTERACTIVITEIT": "Interactief", "LICHTBRON_GROEP": "LED", "BRANDPROGRAMMA": "BPIV UNI 20-22-23/DIM/4-5-6 VRZA50", "BRANDPROGRAMMA_GROEP": "BPIV DIM" }, "geometry": { "type": "Point", "coordinates": [ 193111.326, 195727.875 ] } },
{ "type": "Feature", "properties": { "LOCATIENUMMER": "3908", "STATUS": "In dienst", "INTERACTIVITEIT": "Interactief", "LICHTBRON_GROEP": "LED", "BRANDPROGRAMMA": "BPIV UNI 20-22-23/DIM/4-5-6 VRZA50", "BRANDPROGRAMMA_GROEP": "BPIV DIM" }, "geometry": { "type": "Point", "coordinates": [ 193149.241, 195733.225 ] } },
{ "type": "Feature", "properties": { "LOCATIENUMMER": "3901", "STATUS": "In dienst", "INTERACTIVITEIT": "Interactief", "LICHTBRON_GROEP": "LED", "BRANDPROGRAMMA": "BPIV UNI 20-22-23/DIM/4-5-6 VRZA50", "BRANDPROGRAMMA_GROEP": "BPIV DIM" }, "geometry": { "type": "Point", "coordinates": [ 193076.814000000013039, 195723.32 ] } },
{ "type": "Feature", "properties": { "LOCATIENUMMER": "3898", "STATUS": "In dienst", "INTERACTIVITEIT": "Interactief", "LICHTBRON_GROEP": "LED", "BRANDPROGRAMMA": "BPIV UNI 20-22-23/DIM/4-5-6 VRZA50", "BRANDPROGRAMMA_GROEP": "BPIV DIM" }, "geometry": { "type": "Point", "coordinates": [ 192961.573, 195705.193999999988591 ] } },
{ "type": "Feature", "properties": { "LOCATIENUMMER": "3899", "STATUS": "In dienst", "INTERACTIVITEIT": "Interactief", "LICHTBRON_GROEP": "LED", "BRANDPROGRAMMA": "BPIV UNI 20-22-23/DIM/4-5-6 VRZA50", "BRANDPROGRAMMA_GROEP": "BPIV DIM" }, "geometry": { "type": "Point", "coordinates": [ 192960.435999999986961, 195654.829 ] } },
{ "type": "Feature", "properties": { "LOCATIENUMMER": "3906", "STATUS": "In dienst", "INTERACTIVITEIT": "Interactief", "LICHTBRON_GROEP": "LED", "BRANDPROGRAMMA": "BPIV UNI 20-22-23/DIM/4-5-6 VRZA50", "BRANDPROGRAMMA_GROEP": "BPIV DIM" }, "geometry": { "type": "Point", "coordinates": [ 193209.946, 195761.63 ] } },
{ "type": "Feature", "properties": { "LOCATIENUMMER": "3902", "STATUS": "In dienst", "INTERACTIVITEIT": "Interactief", "LICHTBRON_GROEP": "LED", "BRANDPROGRAMMA": "BPIV UNI 20-22-23/DIM/4-5-6 VRZA50", "BRANDPROGRAMMA_GROEP": "BPIV DIM" }, "geometry": { "type": "Point", "coordinates": [ 193021.847, 195716.787000000011176 ] } },
{ "type": "Feature", "properties": { "LOCATIENUMMER": "3903", "STATUS": "In dienst", "INTERACTIVITEIT": "Interactief", "LICHTBRON_GROEP": "LED", "BRANDPROGRAMMA": "BPIV UNI 20-22-23/DIM/4-5-6 VRZA50", "BRANDPROGRAMMA_GROEP": "BPIV DIM" }, "geometry": { "type": "Point", "coordinates": [ 192984.013, 195710.427 ] } },
{ "type": "Feature", "properties": { "LOCATIENUMMER": "3904", "STATUS": "In dienst", "INTERACTIVITEIT": "Interactief", "LICHTBRON_GROEP": "LED", "BRANDPROGRAMMA": "BPIV UNI 20-22-23/DIM/4-5-6 VRZA50", "BRANDPROGRAMMA_GROEP": "BPIV DIM" }, "geometry": { "type": "Point", "coordinates": [ 193085.547, 195682.185 ] } },
{ "type": "Feature", "properties": { "LOCATIENUMMER": "3907", "STATUS": "In dienst", "INTERACTIVITEIT": "Interactief", "LICHTBRON_GROEP": "LED", "BRANDPROGRAMMA": "BPIV UNI 20-22-23/DIM/4-5-6 VRZA50", "BRANDPROGRAMMA_GROEP": "BPIV DIM" }, "geometry": { "type": "Point", "coordinates": [ 193183.448, 195752.932 ] } },
{ "type": "Feature", "properties": { "LOCATIENUMMER": "3130", "STATUS": "In dienst", "INTERACTIVITEIT": "Niet interactief", "LICHTBRON_GROEP": "NAHP", "BRANDPROGRAMMA": "N", "BRANDPROGRAMMA_GROEP": "N" }, "geometry": { "type": "Point", "coordinates": [ 197732.567000000010012, 198026.158 ] } },
{ "type": "Feature", "properties": { "LOCATIENUMMER": "3113", "STATUS": "In dienst", "INTERACTIVITEIT": "Niet interactief", "LICHTBRON_GROEP": "NAHP", "BRANDPROGRAMMA": "N", "BRANDPROGRAMMA_GROEP": "N" }, "geometry": { "type": "Point", "coordinates": [ 197637.263, 198019.509 ] } },
{ "type": "Feature", "properties": { "LOCATIENUMMER": "3117", "STATUS": "In dienst", "INTERACTIVITEIT": "Niet interactief", "LICHTBRON_GROEP": "NAHP", "BRANDPROGRAMMA": "D22H6.30 (Doven)", "BRANDPROGRAMMA_GROEP": "DxxHyy DOV" }, "geometry": { "type": "Point", "coordinates": [ 197556.748, 198167.344000000011874 ] } },
{ "type": "Feature", "properties": { "LOCATIENUMMER": "3115", "STATUS": "In dienst", "INTERACTIVITEIT": "Niet interactief", "LICHTBRON_GROEP": "NAHP", "BRANDPROGRAMMA": "D22H6.30 (Doven)", "BRANDPROGRAMMA_GROEP": "DxxHyy DOV" }, "geometry": { "type": "Point", "coordinates": [ 197594.465, 198097.554 ] } },
{ "type": "Feature", "properties": { "LOCATIENUMMER": "3118", "STATUS": "In dienst", "INTERACTIVITEIT": "Niet interactief", "LICHTBRON_GROEP": "NAHP", "BRANDPROGRAMMA": "D22H6.30 (Doven)", "BRANDPROGRAMMA_GROEP": "DxxHyy DOV" }, "geometry": { "type": "Point", "coordinates": [ 197539.943, 198198.03 ] } },
{ "type": "Feature", "properties": { "LOCATIENUMMER": "3120", "STATUS": "In dienst", "INTERACTIVITEIT": "Niet interactief", "LICHTBRON_GROEP": "NAHP", "BRANDPROGRAMMA": "N", "BRANDPROGRAMMA_GROEP": "N" }, "geometry": { "type": "Point", "coordinates": [ 197502.144, 198263.513 ] } },
{ "type": "Feature", "properties": { "LOCATIENUMMER": "3111", "STATUS": "In dienst", "INTERACTIVITEIT": "Niet interactief", "LICHTBRON_GROEP": "NAHP", "BRANDPROGRAMMA": "D22H6.30 (Doven)", "BRANDPROGRAMMA_GROEP": "DxxHyy DOV" }, "geometry": { "type": "Point", "coordinates": [ 197679.473999999987427, 197943.016 ] } },
{ "type": "Feature", "properties": { "LOCATIENUMMER": "4104", "STATUS": "In dienst", "INTERACTIVITEIT": "Interactief", "LICHTBRON_GROEP": "LED", "BRANDPROGRAMMA": "BPIV UNI 20-22-23/DIM/4-5-6 VRZA50", "BRANDPROGRAMMA_GROEP": "BPIV DIM" }, "geometry": { "type": "Point", "coordinates": [ 193929.465, 198515.083000000013271 ] } },
{ "type": "Feature", "properties": { "LOCATIENUMMER": "1858", "STATUS": "In dienst", "INTERACTIVITEIT": "Interactief", "LICHTBRON_GROEP": "LED", "BRANDPROGRAMMA": "BPIV UNI 20-22-23/DIM/4-5-6 VRZA50", "BRANDPROGRAMMA_GROEP": "BPIV DIM" }, "geometry": { "type": "Point", "coordinates": [ 192021.288999999989755, 193743.875 ] } },
{ "type": "Feature", "properties": { "LOCATIENUMMER": "1861", "STATUS": "In dienst", "INTERACTIVITEIT": "Niet interactief", "LICHTBRON_GROEP": "NAHP", "BRANDPROGRAMMA": "D22H6.30 (Doven)", "BRANDPROGRAMMA_GROEP": "DxxHyy DOV" }, "geometry": { "type": "Point", "coordinates": [ 192056.416999999986729, 193666.138 ] } },
{ "type": "Feature", "properties": { "LOCATIENUMMER": "1864", "STATUS": "In dienst", "INTERACTIVITEIT": "Interactief", "LICHTBRON_GROEP": "LED", "BRANDPROGRAMMA": "BPIV UNI 20-22-23/DIM/4-5-6 VRZA50", "BRANDPROGRAMMA_GROEP": "BPIV DIM" }, "geometry": { "type": "Point", "coordinates": [ 192164.837999999988824, 193681.13200000001234 ] } },
{ "type": "Feature", "properties": { "LOCATIENUMMER": "1815", "STATUS": "In dienst", "INTERACTIVITEIT": "Niet interactief", "LICHTBRON_GROEP": "NAHP", "BRANDPROGRAMMA": "N", "BRANDPROGRAMMA_GROEP": "N" }, "geometry": { "type": "Point", "coordinates": [ 191932.28, 193901.945 ] } },
{ "type": "Feature", "properties": { "LOCATIENUMMER": "1875", "STATUS": "In dienst", "INTERACTIVITEIT": "Interactief", "LICHTBRON_GROEP": "LED", "BRANDPROGRAMMA": "BPIV UNI 20-22-23/DIM/4-5-6 VRZA50", "BRANDPROGRAMMA_GROEP": "BPIV DIM" }, "geometry": { "type": "Point", "coordinates": [ 192078.616, 193543.797 ] } },
{ "type": "Feature", "properties": { "LOCATIENUMMER": "1877", "STATUS": "In dienst", "INTERACTIVITEIT": "Interactief", "LICHTBRON_GROEP": "LED", "BRANDPROGRAMMA": "BPIV UNI 20-22-23/DIM/4-5-6 VRZA50", "BRANDPROGRAMMA_GROEP": "BPIV DIM" }, "geometry": { "type": "Point", "coordinates": [ 192082.927, 193466.017 ] } },
{ "type": "Feature", "properties": { "LOCATIENUMMER": "1879", "STATUS": "In dienst", "INTERACTIVITEIT": "Interactief", "LICHTBRON_GROEP": "LED", "BRANDPROGRAMMA": "BPIV UNI 20-22-23/DIM/4-5-6 VRZA50", "BRANDPROGRAMMA_GROEP": "BPIV DIM" }, "geometry": { "type": "Point", "coordinates": [ 192079.805, 193387.842 ] } },
{ "type": "Feature", "properties": { "LOCATIENUMMER": "1852", "STATUS": "In dienst", "INTERACTIVITEIT": "Niet interactief", "LICHTBRON_GROEP": "NAHP", "BRANDPROGRAMMA": "D22H6.30 (Doven)", "BRANDPROGRAMMA_GROEP": "DxxHyy DOV" }, "geometry": { "type": "Point", "coordinates": [ 191972.0, 193846.328 ] } },
{ "type": "Feature", "properties": { "LOCATIENUMMER": "1881", "STATUS": "In dienst", "INTERACTIVITEIT": "Interactief", "LICHTBRON_GROEP": "LED", "BRANDPROGRAMMA": "BPIV UNI 20-22-23/DIM/4-5-6 VRZA50", "BRANDPROGRAMMA_GROEP": "BPIV DIM" }, "geometry": { "type": "Point", "coordinates": [ 192076.47, 193304.481 ] } },
{ "type": "Feature", "properties": { "LOCATIENUMMER": "1883", "STATUS": "In dienst", "INTERACTIVITEIT": "Interactief", "LICHTBRON_GROEP": "LED", "BRANDPROGRAMMA": "BPIV UNI 20-22-23/DIM/4-5-6 VRZA50", "BRANDPROGRAMMA_GROEP": "BPIV DIM" }, "geometry": { "type": "Point", "coordinates": [ 192079.446, 193232.174999999988358 ] } },
{ "type": "Feature", "properties": { "LOCATIENUMMER": "1884", "STATUS": "In dienst", "INTERACTIVITEIT": "Interactief", "LICHTBRON_GROEP": "LED", "BRANDPROGRAMMA": "BPIV UNI 20-22-23/DIM/4-5-6 VRZA50", "BRANDPROGRAMMA_GROEP": "BPIV DIM" }, "geometry": { "type": "Point", "coordinates": [ 192089.611, 193184.545000000012806 ] } },
{ "type": "Feature", "properties": { "LOCATIENUMMER": "1889", "STATUS": "In dienst", "INTERACTIVITEIT": "Interactief", "LICHTBRON_GROEP": "LED", "BRANDPROGRAMMA": "BPIV UNI 20-22-23/DIM/4-5-6 VRZA50", "BRANDPROGRAMMA_GROEP": "BPIV DIM" }, "geometry": { "type": "Point", "coordinates": [ 191948.946999999985565, 193071.199 ] } },
{ "type": "Feature", "properties": { "LOCATIENUMMER": "1854", "STATUS": "In dienst", "INTERACTIVITEIT": "Interactief", "LICHTBRON_GROEP": "LED", "BRANDPROGRAMMA": "BPIV UNI 20-22-23/DIM/4-5-6 VRZA50", "BRANDPROGRAMMA_GROEP": "BPIV DIM" }, "geometry": { "type": "Point", "coordinates": [ 191896.665, 193809.954999999987194 ] } },
{ "type": "Feature", "properties": { "LOCATIENUMMER": "575", "STATUS": "In dienst", "INTERACTIVITEIT": "Interactief", "LICHTBRON_GROEP": "LED", "BRANDPROGRAMMA": "BPIV UNI 20-22-23/DIM/4-5-6 VRZA50", "BRANDPROGRAMMA_GROEP": "BPIV DIM" }, "geometry": { "type": "Point", "coordinates": [ 199343.986, 199019.711000000010245 ] } },
{ "type": "Feature", "properties": { "LOCATIENUMMER": "527", "STATUS": "In dienst", "INTERACTIVITEIT": "Interactief", "LICHTBRON_GROEP": "LED", "BRANDPROGRAMMA": "BPIV UNI 20-22-23/DIM/4-5-6 VRZA50", "BRANDPROGRAMMA_GROEP": "BPIV DIM" }, "geometry": { "type": "Point", "coordinates": [ 199349.467, 199346.207 ] } },
{ "type": "Feature", "properties": { "LOCATIENUMMER": "4542", "STATUS": "In dienst", "INTERACTIVITEIT": "Interactief", "LICHTBRON_GROEP": "LED", "BRANDPROGRAMMA": "BPIV UNI 20-22-23/DIM/4-5-6 VRZA50", "BRANDPROGRAMMA_GROEP": "BPIV DIM" }, "geometry": { "type": "Point", "coordinates": [ 199341.337999999988824, 199358.86799999998766 ] } },
{ "type": "Feature", "properties": { "LOCATIENUMMER": "4544", "STATUS": "In dienst", "INTERACTIVITEIT": "Interactief", "LICHTBRON_GROEP": "LED", "BRANDPROGRAMMA": "BPIV UNI 20-22-23/DIM/4-5-6 VRZA50", "BRANDPROGRAMMA_GROEP": "BPIV DIM" }, "geometry": { "type": "Point", "coordinates": [ 199355.954999999987194, 199411.747 ] } },
{ "type": "Feature", "properties": { "LOCATIENUMMER": "602", "STATUS": "In dienst", "INTERACTIVITEIT": "Interactief", "LICHTBRON_GROEP": "LED", "BRANDPROGRAMMA": "BPIV UNI 20-22-23/DIM/4-5-6 VRZA50", "BRANDPROGRAMMA_GROEP": "BPIV DIM" }, "geometry": { "type": "Point", "coordinates": [ 199552.318, 199322.795000000012806 ] } },
{ "type": "Feature", "properties": { "LOCATIENUMMER": "607", "STATUS": "In dienst", "INTERACTIVITEIT": "Interactief", "LICHTBRON_GROEP": "LED", "BRANDPROGRAMMA": "BPIV UNI 20-22-23/DIM/4-5-6 VRZA50", "BRANDPROGRAMMA_GROEP": "BPIV DIM" }, "geometry": { "type": "Point", "coordinates": [ 199600.127, 199395.612 ] } },
{ "type": "Feature", "properties": { "LOCATIENUMMER": "609", "STATUS": "In dienst", "INTERACTIVITEIT": "Interactief", "LICHTBRON_GROEP": "LED", "BRANDPROGRAMMA": "BPIV UNI 20-22-23/DIM/4-5-6 VRZA50", "BRANDPROGRAMMA_GROEP": "BPIV DIM" }, "geometry": { "type": "Point", "coordinates": [ 199668.848999999987427, 199357.11799999998766 ] } },
{ "type": "Feature", "properties": { "LOCATIENUMMER": "599", "STATUS": "In dienst", "INTERACTIVITEIT": "Interactief", "LICHTBRON_GROEP": "LED", "BRANDPROGRAMMA": "BPIV UNI 20-22-23/DIM/4-5-6 VRZA50", "BRANDPROGRAMMA_GROEP": "BPIV DIM" }, "geometry": { "type": "Point", "coordinates": [ 199615.458000000013271, 199257.39000000001397 ] } },
{ "type": "Feature", "properties": { "LOCATIENUMMER": "594", "STATUS": "In dienst", "INTERACTIVITEIT": "Interactief", "LICHTBRON_GROEP": "LED", "BRANDPROGRAMMA": "BPIV UNI 20-22-23/DIM/4-5-6 VRZA50", "BRANDPROGRAMMA_GROEP": "BPIV DIM" }, "geometry": { "type": "Point", "coordinates": [ 199448.661, 199127.424999999988358 ] } },
{ "type": "Feature", "properties": { "LOCATIENUMMER": "529", "STATUS": "In dienst", "INTERACTIVITEIT": "Interactief", "LICHTBRON_GROEP": "LED", "BRANDPROGRAMMA": "BPIV UNI 20-22-23/DIM/4-5-6 VRZA50", "BRANDPROGRAMMA_GROEP": "BPIV DIM" }, "geometry": { "type": "Point", "coordinates": [ 199377.182999999989988, 199428.99900000001071 ] } },
{ "type": "Feature", "properties": { "LOCATIENUMMER": "4546", "STATUS": "In dienst", "INTERACTIVITEIT": "Interactief", "LICHTBRON_GROEP": "LED", "BRANDPROGRAMMA": "BPIV UNI 20-22-23/DIM/4-5-6 VRZA50", "BRANDPROGRAMMA_GROEP": "BPIV DIM" }, "geometry": { "type": "Point", "coordinates": [ 199372.036, 199464.07 ] } },
{ "type": "Feature", "properties": { "LOCATIENUMMER": "540", "STATUS": "In dienst", "INTERACTIVITEIT": "Interactief", "LICHTBRON_GROEP": "LED", "BRANDPROGRAMMA": "BPIV UNI 20-22-23/DIM/4-5-6 VRZA50", "BRANDPROGRAMMA_GROEP": "BPIV DIM" }, "geometry": { "type": "Point", "coordinates": [ 199393.579999999987194, 199467.775 ] } },
{ "type": "Feature", "properties": { "LOCATIENUMMER": "531", "STATUS": "In dienst", "INTERACTIVITEIT": "Interactief", "LICHTBRON_GROEP": "LED", "BRANDPROGRAMMA": "BPIV UNI 20-22-23/DIM/4-5-6 VRZA50", "BRANDPROGRAMMA_GROEP": "BPIV DIM" }, "geometry": { "type": "Point", "coordinates": [ 199347.459, 199174.549 ] } },
{ "type": "Feature", "properties": { "LOCATIENUMMER": "523", "STATUS": "In dienst", "INTERACTIVITEIT": "Interactief", "LICHTBRON_GROEP": "LED", "BRANDPROGRAMMA": "BPIV UNI 20-22-23/DIM/4-5-6 VRZA50", "BRANDPROGRAMMA_GROEP": "BPIV DIM" }, "geometry": { "type": "Point", "coordinates": [ 199271.384, 199208.354 ] } },
{ "type": "Feature", "properties": { "LOCATIENUMMER": "4536", "STATUS": "In dienst", "INTERACTIVITEIT": "Interactief", "LICHTBRON_GROEP": "LED", "BRANDPROGRAMMA": "BPIV UNI 20-22-23/DIM/4-5-6 VRZA50", "BRANDPROGRAMMA_GROEP": "BPIV DIM" }, "geometry": { "type": "Point", "coordinates": [ 199254.538999999989755, 199219.738000000012107 ] } },
{ "type": "Feature", "properties": { "LOCATIENUMMER": "4538", "STATUS": "In dienst", "INTERACTIVITEIT": "Interactief", "LICHTBRON_GROEP": "LED", "BRANDPROGRAMMA": "BPIV UNI 20-22-23/DIM/4-5-6 VRZA50", "BRANDPROGRAMMA_GROEP": "BPIV DIM" }, "geometry": { "type": "Point", "coordinates": [ 199290.706, 199259.72 ] } },
{ "type": "Feature", "properties": { "LOCATIENUMMER": "525", "STATUS": "In dienst", "INTERACTIVITEIT": "Interactief", "LICHTBRON_GROEP": "LED", "BRANDPROGRAMMA": "BPIV UNI 20-22-23/DIM/4-5-6 VRZA50", "BRANDPROGRAMMA_GROEP": "BPIV DIM" }, "geometry": { "type": "Point", "coordinates": [ 199313.943999999988591, 199280.352000000013504 ] } },
{ "type": "Feature", "properties": { "LOCATIENUMMER": "4540", "STATUS": "In dienst", "INTERACTIVITEIT": "Interactief", "LICHTBRON_GROEP": "LED", "BRANDPROGRAMMA": "BPIV UNI 20-22-23/DIM/4-5-6 VRZA50", "BRANDPROGRAMMA_GROEP": "BPIV DIM" }, "geometry": { "type": "Point", "coordinates": [ 199318.929, 199307.185 ] } },
{ "type": "Feature", "properties": { "LOCATIENUMMER": "2903", "STATUS": "In dienst", "INTERACTIVITEIT": "Niet interactief", "LICHTBRON_GROEP": "LED", "BRANDPROGRAMMA": "N", "BRANDPROGRAMMA_GROEP": "N" }, "geometry": { "type": "Point", "coordinates": [ 191637.943, 196072.741 ] } },
{ "type": "Feature", "properties": { "LOCATIENUMMER": "2904", "STATUS": "In dienst", "INTERACTIVITEIT": "Niet interactief", "LICHTBRON_GROEP": "LED", "BRANDPROGRAMMA": "D22H6.30 (Doven)", "BRANDPROGRAMMA_GROEP": "DxxHyy DOV" }, "geometry": { "type": "Point", "coordinates": [ 191613.394999999989523, 196099.984 ] } },
{ "type": "Feature", "properties": { "LOCATIENUMMER": "2905", "STATUS": "In dienst", "INTERACTIVITEIT": "Niet interactief", "LICHTBRON_GROEP": "LED", "BRANDPROGRAMMA": "D22H6.30 (Doven)", "BRANDPROGRAMMA_GROEP": "DxxHyy DOV" }, "geometry": { "type": "Point", "coordinates": [ 191576.867, 196140.059 ] } },
{ "type": "Feature", "properties": { "LOCATIENUMMER": "2914", "STATUS": "In dienst", "INTERACTIVITEIT": "Niet interactief", "LICHTBRON_GROEP": "LED", "BRANDPROGRAMMA": "D22H6.30 (Doven)", "BRANDPROGRAMMA_GROEP": "DxxHyy DOV" }, "geometry": { "type": "Point", "coordinates": [ 191299.647, 196446.185999999986961 ] } },
{ "type": "Feature", "properties": { "LOCATIENUMMER": "2915", "STATUS": "In dienst", "INTERACTIVITEIT": "Niet interactief", "LICHTBRON_GROEP": "LED", "BRANDPROGRAMMA": "N", "BRANDPROGRAMMA_GROEP": "N" }, "geometry": { "type": "Point", "coordinates": [ 191269.524, 196479.60999999998603 ] } },
{ "type": "Feature", "properties": { "LOCATIENUMMER": "2916", "STATUS": "In dienst", "INTERACTIVITEIT": "Niet interactief", "LICHTBRON_GROEP": "LED", "BRANDPROGRAMMA": "D22H6.30 (Doven)", "BRANDPROGRAMMA_GROEP": "DxxHyy DOV" }, "geometry": { "type": "Point", "coordinates": [ 191239.597, 196512.840999999985797 ] } },
{ "type": "Feature", "properties": { "LOCATIENUMMER": "2917", "STATUS": "In dienst", "INTERACTIVITEIT": "Niet interactief", "LICHTBRON_GROEP": "LED", "BRANDPROGRAMMA": "D22H6.30 (Doven)", "BRANDPROGRAMMA_GROEP": "DxxHyy DOV" }, "geometry": { "type": "Point", "coordinates": [ 191209.443999999988591, 196546.371000000013737 ] } },
{ "type": "Feature", "properties": { "LOCATIENUMMER": "3915", "STATUS": "In dienst", "INTERACTIVITEIT": "Interactief", "LICHTBRON_GROEP": "LED", "BRANDPROGRAMMA": "BPIV UNI 20-22-23/DIM/4-5-6 VRZA50", "BRANDPROGRAMMA_GROEP": "BPIV DIM" }, "geometry": { "type": "Point", "coordinates": [ 190894.918, 197124.755 ] } },
{ "type": "Feature", "properties": { "LOCATIENUMMER": "3917", "STATUS": "In dienst", "INTERACTIVITEIT": "Interactief", "LICHTBRON_GROEP": "LED", "BRANDPROGRAMMA": "BPIV UNI 20-22-23/DIM/4-5-6 VRZA50", "BRANDPROGRAMMA_GROEP": "BPIV DIM" }, "geometry": { "type": "Point", "coordinates": [ 190935.527, 197194.730000000010477 ] } },
{ "type": "Feature", "properties": { "LOCATIENUMMER": "3973", "STATUS": "In dienst", "INTERACTIVITEIT": "Niet interactief", "LICHTBRON_GROEP": "NAHP", "BRANDPROGRAMMA": "D22H6.30 (Doven)", "BRANDPROGRAMMA_GROEP": "DxxHyy DOV" }, "geometry": { "type": "Point", "coordinates": [ 190872.0, 197105.904 ] } },
{ "type": "Feature", "properties": { "LOCATIENUMMER": "3974", "STATUS": "In dienst", "INTERACTIVITEIT": "Niet interactief", "LICHTBRON_GROEP": "MHHP-TC", "BRANDPROGRAMMA": "D22H6.30 (Doven)", "BRANDPROGRAMMA_GROEP": "DxxHyy DOV" }, "geometry": { "type": "Point", "coordinates": [ 190890.837, 197097.00099999998929 ] } },
{ "type": "Feature", "properties": { "LOCATIENUMMER": "3976", "STATUS": "In dienst", "INTERACTIVITEIT": "Niet interactief", "LICHTBRON_GROEP": "LED", "BRANDPROGRAMMA": "D22H6.30 (Doven)", "BRANDPROGRAMMA_GROEP": "DxxHyy DOV" }, "geometry": { "type": "Point", "coordinates": [ 190891.96, 197054.923 ] } },
{ "type": "Feature", "properties": { "LOCATIENUMMER": "3977", "STATUS": "In dienst", "INTERACTIVITEIT": "Niet interactief", "LICHTBRON_GROEP": "LED", "BRANDPROGRAMMA": "N", "BRANDPROGRAMMA_GROEP": "N" }, "geometry": { "type": "Point", "coordinates": [ 190875.323, 197095.573 ] } },
{ "type": "Feature", "properties": { "LOCATIENUMMER": "2545", "STATUS": "In dienst", "INTERACTIVITEIT": "Niet interactief", "LICHTBRON_GROEP": "LED", "BRANDPROGRAMMA": "N", "BRANDPROGRAMMA_GROEP": "N" }, "geometry": { "type": "Point", "coordinates": [ 191061.176, 196710.408 ] } },
{ "type": "Feature", "properties": { "LOCATIENUMMER": "2546", "STATUS": "In dienst", "INTERACTIVITEIT": "Niet interactief", "LICHTBRON_GROEP": "LED", "BRANDPROGRAMMA": "D22H6.30 (Doven)", "BRANDPROGRAMMA_GROEP": "DxxHyy DOV" }, "geometry": { "type": "Point", "coordinates": [ 191033.916, 196746.094000000011874 ] } },
{ "type": "Feature", "properties": { "LOCATIENUMMER": "3970", "STATUS": "In dienst", "INTERACTIVITEIT": "Niet interactief", "LICHTBRON_GROEP": "LED", "BRANDPROGRAMMA": "D22H6.30 (Doven)", "BRANDPROGRAMMA_GROEP": "DxxHyy DOV" }, "geometry": { "type": "Point", "coordinates": [ 190858.397, 197137.268000000010943 ] } },
{ "type": "Feature", "properties": { "LOCATIENUMMER": "2548", "STATUS": "In dienst", "INTERACTIVITEIT": "Niet interactief", "LICHTBRON_GROEP": "LED", "BRANDPROGRAMMA": "D22H6.30 (Doven)", "BRANDPROGRAMMA_GROEP": "DxxHyy DOV" }, "geometry": { "type": "Point", "coordinates": [ 191001.950000000011642, 196796.941 ] } },
{ "type": "Feature", "properties": { "LOCATIENUMMER": "2523", "STATUS": "In dienst", "INTERACTIVITEIT": "Interactief", "LICHTBRON_GROEP": "LED", "BRANDPROGRAMMA": "BPIV UNI 20-22-23/DOV/4-5-6 VRZA50", "BRANDPROGRAMMA_GROEP": "BPIV DOV WEEKEND" }, "geometry": { "type": "Point", "coordinates": [ 190880.775, 196855.24900000001071 ] } },
{ "type": "Feature", "properties": { "LOCATIENUMMER": "2547", "STATUS": "In dienst", "INTERACTIVITEIT": "Niet interactief", "LICHTBRON_GROEP": "LED", "BRANDPROGRAMMA": "N", "BRANDPROGRAMMA_GROEP": "N" }, "geometry": { "type": "Point", "coordinates": [ 190981.578, 196836.971 ] } },
{ "type": "Feature", "properties": { "LOCATIENUMMER": "2549", "STATUS": "In dienst", "INTERACTIVITEIT": "Niet interactief", "LICHTBRON_GROEP": "LED", "BRANDPROGRAMMA": "D22H6.30 (Doven)", "BRANDPROGRAMMA_GROEP": "DxxHyy DOV" }, "geometry": { "type": "Point", "coordinates": [ 190963.862, 196878.256 ] } },
{ "type": "Feature", "properties": { "LOCATIENUMMER": "2550", "STATUS": "In dienst", "INTERACTIVITEIT": "Niet interactief", "LICHTBRON_GROEP": "LED", "BRANDPROGRAMMA": "N", "BRANDPROGRAMMA_GROEP": "N" }, "geometry": { "type": "Point", "coordinates": [ 190946.894, 196919.986 ] } },
{ "type": "Feature", "properties": { "LOCATIENUMMER": "3986", "STATUS": "In dienst", "INTERACTIVITEIT": "Niet interactief", "LICHTBRON_GROEP": "LED", "BRANDPROGRAMMA": "D22H6.30 (Doven)", "BRANDPROGRAMMA_GROEP": "DxxHyy DOV" }, "geometry": { "type": "Point", "coordinates": [ 190841.432, 197178.948 ] } },
{ "type": "Feature", "properties": { "LOCATIENUMMER": "2901", "STATUS": "In dienst", "INTERACTIVITEIT": "Niet interactief", "LICHTBRON_GROEP": "LED", "BRANDPROGRAMMA": "D22H6.30 (Doven)", "BRANDPROGRAMMA_GROEP": "DxxHyy DOV" }, "geometry": { "type": "Point", "coordinates": [ 191693.793, 196010.315 ] } },
{ "type": "Feature", "properties": { "LOCATIENUMMER": "2902", "STATUS": "In dienst", "INTERACTIVITEIT": "Niet interactief", "LICHTBRON_GROEP": "LED", "BRANDPROGRAMMA": "D22H6.30 (Doven)", "BRANDPROGRAMMA_GROEP": "DxxHyy DOV" }, "geometry": { "type": "Point", "coordinates": [ 191672.109, 196034.815 ] } },
{ "type": "Feature", "properties": { "LOCATIENUMMER": "3987", "STATUS": "In dienst", "INTERACTIVITEIT": "Niet interactief", "LICHTBRON_GROEP": "LED", "BRANDPROGRAMMA": "N", "BRANDPROGRAMMA_GROEP": "N" }, "geometry": { "type": "Point", "coordinates": [ 190824.449, 197220.62400000001071 ] } },
{ "type": "Feature", "properties": { "LOCATIENUMMER": "2551", "STATUS": "In dienst", "INTERACTIVITEIT": "Niet interactief", "LICHTBRON_GROEP": "LED", "BRANDPROGRAMMA": "N", "BRANDPROGRAMMA_GROEP": "N" }, "geometry": { "type": "Point", "coordinates": [ 190930.412000000011176, 196960.152 ] } },
{ "type": "Feature", "properties": { "LOCATIENUMMER": "3975", "STATUS": "In dienst", "INTERACTIVITEIT": "Niet interactief", "LICHTBRON_GROEP": "LED", "BRANDPROGRAMMA": "D22H6.30 (Doven)", "BRANDPROGRAMMA_GROEP": "DxxHyy DOV" }, "geometry": { "type": "Point", "coordinates": [ 190908.84, 197013.37 ] } },
{ "type": "Feature", "properties": { "LOCATIENUMMER": "3988", "STATUS": "In dienst", "INTERACTIVITEIT": "Niet interactief", "LICHTBRON_GROEP": "LED", "BRANDPROGRAMMA": "D22H6.30 (Doven)", "BRANDPROGRAMMA_GROEP": "DxxHyy DOV" }, "geometry": { "type": "Point", "coordinates": [ 190807.446999999985565, 197262.285 ] } },
{ "type": "Feature", "properties": { "LOCATIENUMMER": "2906", "STATUS": "In dienst", "INTERACTIVITEIT": "Niet interactief", "LICHTBRON_GROEP": "LED", "BRANDPROGRAMMA": "N", "BRANDPROGRAMMA_GROEP": "N" }, "geometry": { "type": "Point", "coordinates": [ 191548.019999999989523, 196171.954 ] } },
{ "type": "Feature", "properties": { "LOCATIENUMMER": "2907", "STATUS": "In dienst", "INTERACTIVITEIT": "Niet interactief", "LICHTBRON_GROEP": "LED", "BRANDPROGRAMMA": "D22H6.30 (Doven)", "BRANDPROGRAMMA_GROEP": "DxxHyy DOV" }, "geometry": { "type": "Point", "coordinates": [ 191519.818, 196203.144999999989523 ] } },
{ "type": "Feature", "properties": { "LOCATIENUMMER": "2530", "STATUS": "In dienst", "INTERACTIVITEIT": "Interactief", "LICHTBRON_GROEP": "LED", "BRANDPROGRAMMA": "BPIV UNI 20-22-23/DIM/4-5-6 VRZA50", "BRANDPROGRAMMA_GROEP": "BPIV DIM" }, "geometry": { "type": "Point", "coordinates": [ 190849.343, 197054.269999999989523 ] } },
{ "type": "Feature", "properties": { "LOCATIENUMMER": "3939", "STATUS": "In dienst", "INTERACTIVITEIT": "Interactief", "LICHTBRON_GROEP": "LED", "BRANDPROGRAMMA": "BPIV UNI 20-22-23/DIM/4-5-6 VRZA50", "BRANDPROGRAMMA_GROEP": "BPIV DIM" }, "geometry": { "type": "Point", "coordinates": [ 190819.385, 197080.954999999987194 ] } },
{ "type": "Feature", "properties": { "LOCATIENUMMER": "3989", "STATUS": "In dienst", "INTERACTIVITEIT": "Niet interactief", "LICHTBRON_GROEP": "LED", "BRANDPROGRAMMA": "D22H6.30 (Doven)", "BRANDPROGRAMMA_GROEP": "DxxHyy DOV" }, "geometry": { "type": "Point", "coordinates": [ 190790.517, 197303.981999999989057 ] } },
{ "type": "Feature", "properties": { "LOCATIENUMMER": "3937", "STATUS": "In dienst", "INTERACTIVITEIT": "Interactief", "LICHTBRON_GROEP": "LED", "BRANDPROGRAMMA": "BPIV UNI 20-22-23/DIM/4-5-6 VRZA50", "BRANDPROGRAMMA_GROEP": "BPIV DIM" }, "geometry": { "type": "Point", "coordinates": [ 190745.480000000010477, 197128.729 ] } },
{ "type": "Feature", "properties": { "LOCATIENUMMER": "3990", "STATUS": "In dienst", "INTERACTIVITEIT": "Niet interactief", "LICHTBRON_GROEP": "LED", "BRANDPROGRAMMA": "N", "BRANDPROGRAMMA_GROEP": "N" }, "geometry": { "type": "Point", "coordinates": [ 190773.51500000001397, 197345.647 ] } },
{ "type": "Feature", "properties": { "LOCATIENUMMER": "3964", "STATUS": "In dienst", "INTERACTIVITEIT": "Niet interactief", "LICHTBRON_GROEP": "LED", "BRANDPROGRAMMA": "N", "BRANDPROGRAMMA_GROEP": "N" }, "geometry": { "type": "Point", "coordinates": [ 190756.577, 197387.334 ] } },
{ "type": "Feature", "properties": { "LOCATIENUMMER": "3969", "STATUS": "In dienst", "INTERACTIVITEIT": "Niet interactief", "LICHTBRON_GROEP": "LED", "BRANDPROGRAMMA": "D22H6.30 (Doven)", "BRANDPROGRAMMA_GROEP": "DxxHyy DOV" }, "geometry": { "type": "Point", "coordinates": [ 190739.693, 197429.049999999988358 ] } },
{ "type": "Feature", "properties": { "LOCATIENUMMER": "3984", "STATUS": "In dienst", "INTERACTIVITEIT": "Niet interactief", "LICHTBRON_GROEP": "LED", "BRANDPROGRAMMA": "D22H6.30 (Doven)", "BRANDPROGRAMMA_GROEP": "DxxHyy DOV" }, "geometry": { "type": "Point", "coordinates": [ 190705.568999999988591, 197512.329999999987194 ] } },
{ "type": "Feature", "properties": { "LOCATIENUMMER": "3985", "STATUS": "In dienst", "INTERACTIVITEIT": "Niet interactief", "LICHTBRON_GROEP": "LED", "BRANDPROGRAMMA": "N", "BRANDPROGRAMMA_GROEP": "N" }, "geometry": { "type": "Point", "coordinates": [ 190722.559, 197470.666 ] } },
{ "type": "Feature", "properties": { "LOCATIENUMMER": "3941", "STATUS": "In dienst", "INTERACTIVITEIT": "Interactief", "LICHTBRON_GROEP": "LED", "BRANDPROGRAMMA": "BPIV UNI 20-22-23/DIM/4-5-6 VRZA50", "BRANDPROGRAMMA_GROEP": "BPIV DIM" }, "geometry": { "type": "Point", "coordinates": [ 190640.434, 197360.29 ] } },
{ "type": "Feature", "properties": { "LOCATIENUMMER": "2910", "STATUS": "In dienst", "INTERACTIVITEIT": "Niet interactief", "LICHTBRON_GROEP": "LED", "BRANDPROGRAMMA": "D22H6.30 (Doven)", "BRANDPROGRAMMA_GROEP": "DxxHyy DOV" }, "geometry": { "type": "Point", "coordinates": [ 191390.24900000001071, 196346.095 ] } },
{ "type": "Feature", "properties": { "LOCATIENUMMER": "2912", "STATUS": "In dienst", "INTERACTIVITEIT": "Niet interactief", "LICHTBRON_GROEP": "LED", "BRANDPROGRAMMA": "N", "BRANDPROGRAMMA_GROEP": "N" }, "geometry": { "type": "Point", "coordinates": [ 191359.984, 196379.422 ] } },
{ "type": "Feature", "properties": { "LOCATIENUMMER": "2913", "STATUS": "In dienst", "INTERACTIVITEIT": "Niet interactief", "LICHTBRON_GROEP": "LED", "BRANDPROGRAMMA": "D22H6.30 (Doven)", "BRANDPROGRAMMA_GROEP": "DxxHyy DOV" }, "geometry": { "type": "Point", "coordinates": [ 191329.703, 196412.712999999988824 ] } },
{ "type": "Feature", "properties": { "LOCATIENUMMER": "2911", "STATUS": "In dienst", "INTERACTIVITEIT": "Niet interactief", "LICHTBRON_GROEP": "LED", "BRANDPROGRAMMA": "D22H6.30 (Doven)", "BRANDPROGRAMMA_GROEP": "DxxHyy DOV" }, "geometry": { "type": "Point", "coordinates": [ 191420.407, 196312.752 ] } },
{ "type": "Feature", "properties": { "LOCATIENUMMER": "3982", "STATUS": "In dienst", "INTERACTIVITEIT": "Niet interactief", "LICHTBRON_GROEP": "LED", "BRANDPROGRAMMA": "N", "BRANDPROGRAMMA_GROEP": "N" }, "geometry": { "type": "Point", "coordinates": [ 190671.401000000012573, 197595.602000000013504 ] } },
{ "type": "Feature", "properties": { "LOCATIENUMMER": "3983", "STATUS": "In dienst", "INTERACTIVITEIT": "Niet interactief", "LICHTBRON_GROEP": "LED", "BRANDPROGRAMMA": "D22H6.30 (Doven)", "BRANDPROGRAMMA_GROEP": "DxxHyy DOV" }, "geometry": { "type": "Point", "coordinates": [ 190688.566, 197553.994 ] } },
{ "type": "Feature", "properties": { "LOCATIENUMMER": "3962", "STATUS": "In dienst", "INTERACTIVITEIT": "Interactief", "LICHTBRON_GROEP": "LED", "BRANDPROGRAMMA": "BPIV UNI 20-22-23/DIM/4-5-6 VRZA50", "BRANDPROGRAMMA_GROEP": "BPIV DIM" }, "geometry": { "type": "Point", "coordinates": [ 190631.829999999987194, 197481.721 ] } },
{ "type": "Feature", "properties": { "LOCATIENUMMER": "2908", "STATUS": "In dienst", "INTERACTIVITEIT": "Niet interactief", "LICHTBRON_GROEP": "LED", "BRANDPROGRAMMA": "D22H6.30 (Doven)", "BRANDPROGRAMMA_GROEP": "DxxHyy DOV" }, "geometry": { "type": "Point", "coordinates": [ 191490.321, 196235.700000000011642 ] } },
{ "type": "Feature", "properties": { "LOCATIENUMMER": "3963", "STATUS": "In dienst", "INTERACTIVITEIT": "Interactief", "LICHTBRON_GROEP": "LED", "BRANDPROGRAMMA": "BPIV UNI 20-22-23/DIM/4-5-6 VRZA50", "BRANDPROGRAMMA_GROEP": "BPIV DIM" }, "geometry": { "type": "Point", "coordinates": [ 190618.478, 197610.552 ] } },
{ "type": "Feature", "properties": { "LOCATIENUMMER": "3981", "STATUS": "In dienst", "INTERACTIVITEIT": "Niet interactief", "LICHTBRON_GROEP": "LED", "BRANDPROGRAMMA": "D22H6.30 (Doven)", "BRANDPROGRAMMA_GROEP": "DxxHyy DOV" }, "geometry": { "type": "Point", "coordinates": [ 190653.742, 197637.028 ] } },
{ "type": "Feature", "properties": { "LOCATIENUMMER": "2542", "STATUS": "In dienst", "INTERACTIVITEIT": "Niet interactief", "LICHTBRON_GROEP": "LED", "BRANDPROGRAMMA": "D22H6.30 (Doven)", "BRANDPROGRAMMA_GROEP": "DxxHyy DOV" }, "geometry": { "type": "Point", "coordinates": [ 191150.086000000010245, 196611.389 ] } },
{ "type": "Feature", "properties": { "LOCATIENUMMER": "2543", "STATUS": "In dienst", "INTERACTIVITEIT": "Niet interactief", "LICHTBRON_GROEP": "LED", "BRANDPROGRAMMA": "D22H6.30 (Doven)", "BRANDPROGRAMMA_GROEP": "DxxHyy DOV" }, "geometry": { "type": "Point", "coordinates": [ 191120.154, 196645.022 ] } },
{ "type": "Feature", "properties": { "LOCATIENUMMER": "2544", "STATUS": "In dienst", "INTERACTIVITEIT": "Niet interactief", "LICHTBRON_GROEP": "LED", "BRANDPROGRAMMA": "N", "BRANDPROGRAMMA_GROEP": "N" }, "geometry": { "type": "Point", "coordinates": [ 191089.707, 196678.208000000013271 ] } },
{ "type": "Feature", "properties": { "LOCATIENUMMER": "3980", "STATUS": "In dienst", "INTERACTIVITEIT": "Niet interactief", "LICHTBRON_GROEP": "LED", "BRANDPROGRAMMA": "D22H6.30 (Doven)", "BRANDPROGRAMMA_GROEP": "DxxHyy DOV" }, "geometry": { "type": "Point", "coordinates": [ 190633.753, 197681.046 ] } },
{ "type": "Feature", "properties": { "LOCATIENUMMER": "3979", "STATUS": "In dienst", "INTERACTIVITEIT": "Niet interactief", "LICHTBRON_GROEP": "LED", "BRANDPROGRAMMA": "N", "BRANDPROGRAMMA_GROEP": "N" }, "geometry": { "type": "Point", "coordinates": [ 190614.592, 197721.788999999989755 ] } },
{ "type": "Feature", "properties": { "LOCATIENUMMER": "3978", "STATUS": "In dienst", "INTERACTIVITEIT": "Niet interactief", "LICHTBRON_GROEP": "LED", "BRANDPROGRAMMA": "D22H6.30 (Doven)", "BRANDPROGRAMMA_GROEP": "DxxHyy DOV" }, "geometry": { "type": "Point", "coordinates": [ 190594.177, 197761.921 ] } },
{ "type": "Feature", "properties": { "LOCATIENUMMER": "2909", "STATUS": "In dienst", "INTERACTIVITEIT": "Niet interactief", "LICHTBRON_GROEP": "LED", "BRANDPROGRAMMA": "N", "BRANDPROGRAMMA_GROEP": "N" }, "geometry": { "type": "Point", "coordinates": [ 191459.589, 196269.617 ] } },
{ "type": "Feature", "properties": { "LOCATIENUMMER": "3965", "STATUS": "In dienst", "INTERACTIVITEIT": "Niet interactief", "LICHTBRON_GROEP": "LED", "BRANDPROGRAMMA": "N", "BRANDPROGRAMMA_GROEP": "N" }, "geometry": { "type": "Point", "coordinates": [ 190571.38200000001234, 197805.865 ] } },
{ "type": "Feature", "properties": { "LOCATIENUMMER": "2582", "STATUS": "In dienst", "INTERACTIVITEIT": "Interactief", "LICHTBRON_GROEP": "LED", "BRANDPROGRAMMA": "BPIV UNI 20-22-23/DIM/4-5-6 VRZA50", "BRANDPROGRAMMA_GROEP": "BPIV DIM" }, "geometry": { "type": "Point", "coordinates": [ 191474.244, 195586.59 ] } },
{ "type": "Feature", "properties": { "LOCATIENUMMER": "2577", "STATUS": "In dienst", "INTERACTIVITEIT": "Interactief", "LICHTBRON_GROEP": "LED", "BRANDPROGRAMMA": "BPIV UNI 20-22-23/DIM/4-5-6 VRZA50", "BRANDPROGRAMMA_GROEP": "BPIV DIM" }, "geometry": { "type": "Point", "coordinates": [ 191364.954999999987194, 195463.12400000001071 ] } },
{ "type": "Feature", "properties": { "LOCATIENUMMER": "2887", "STATUS": "In dienst", "INTERACTIVITEIT": "Interactief", "LICHTBRON_GROEP": "LED", "BRANDPROGRAMMA": "BPIV UNI 20-22-23/DOV/4-5-6 VRZA50", "BRANDPROGRAMMA_GROEP": "BPIV DOV WEEKEND" }, "geometry": { "type": "Point", "coordinates": [ 190969.99, 195702.071999999985565 ] } },
{ "type": "Feature", "properties": { "LOCATIENUMMER": "4200", "STATUS": "In dienst", "INTERACTIVITEIT": "Interactief", "LICHTBRON_GROEP": "LED", "BRANDPROGRAMMA": "BPIV UNI 20-22-23/DIM/4-5-6 VRZA50", "BRANDPROGRAMMA_GROEP": "BPIV DIM" }, "geometry": { "type": "Point", "coordinates": [ 191746.810999999986961, 195707.634 ] } },
{ "type": "Feature", "properties": { "LOCATIENUMMER": "2878", "STATUS": "In dienst", "INTERACTIVITEIT": "Interactief", "LICHTBRON_GROEP": "LED", "BRANDPROGRAMMA": "BPIV UNI 20-22-23/DIM/4-5-6 VRZA50", "BRANDPROGRAMMA_GROEP": "BPIV DIM" }, "geometry": { "type": "Point", "coordinates": [ 191196.327, 195923.238000000012107 ] } },
{ "type": "Feature", "properties": { "LOCATIENUMMER": "2881", "STATUS": "In dienst", "INTERACTIVITEIT": "Interactief", "LICHTBRON_GROEP": "LED", "BRANDPROGRAMMA": "BPIV UNI 20-22-23/DIM/4-5-6 VRZA50", "BRANDPROGRAMMA_GROEP": "BPIV DIM" }, "geometry": { "type": "Point", "coordinates": [ 191244.73499999998603, 195798.318999999988591 ] } },
{ "type": "Feature", "properties": { "LOCATIENUMMER": "2874", "STATUS": "In dienst", "INTERACTIVITEIT": "Interactief", "LICHTBRON_GROEP": "LED", "BRANDPROGRAMMA": "BPIV UNI 20-22-23/DIM/4-5-6 VRZA50", "BRANDPROGRAMMA_GROEP": "BPIV DIM" }, "geometry": { "type": "Point", "coordinates": [ 191226.166999999986729, 196082.361 ] } },
{ "type": "Feature", "properties": { "LOCATIENUMMER": "4202", "STATUS": "In dienst", "INTERACTIVITEIT": "Interactief", "LICHTBRON_GROEP": "LED", "BRANDPROGRAMMA": "BPIV UNI 20-22-23/DIM/4-5-6 VRZA50", "BRANDPROGRAMMA_GROEP": "BPIV DIM" }, "geometry": { "type": "Point", "coordinates": [ 191665.902, 195685.266 ] } },
{ "type": "Feature", "properties": { "LOCATIENUMMER": "2579", "STATUS": "In dienst", "INTERACTIVITEIT": "Interactief", "LICHTBRON_GROEP": "LED", "BRANDPROGRAMMA": "BPIV UNI 20-22-23/DIM/4-5-6 VRZA50", "BRANDPROGRAMMA_GROEP": "BPIV DIM" }, "geometry": { "type": "Point", "coordinates": [ 191406.693, 195545.131 ] } },
{ "type": "Feature", "properties": { "LOCATIENUMMER": "4102", "STATUS": "In dienst", "INTERACTIVITEIT": "Interactief", "LICHTBRON_GROEP": "LED", "BRANDPROGRAMMA": "BPIV UNI 20-22-23/DIM/4-5-6 VRZA50", "BRANDPROGRAMMA_GROEP": "BPIV DIM" }, "geometry": { "type": "Point", "coordinates": [ 193940.435, 198978.18 ] } },
{ "type": "Feature", "properties": { "LOCATIENUMMER": "4057", "STATUS": "In dienst", "INTERACTIVITEIT": "Interactief", "LICHTBRON_GROEP": "LED", "BRANDPROGRAMMA": "BPIV UNI 20-22-23/DIM/4-5-6 VRZA50", "BRANDPROGRAMMA_GROEP": "BPIV DIM" }, "geometry": { "type": "Point", "coordinates": [ 193977.411, 198915.028 ] } },
{ "type": "Feature", "properties": { "LOCATIENUMMER": "4101", "STATUS": "In dienst", "INTERACTIVITEIT": "Interactief", "LICHTBRON_GROEP": "LED", "BRANDPROGRAMMA": "BPIV UNI 20-22-23/DIM/4-5-6 VRZA50", "BRANDPROGRAMMA_GROEP": "BPIV DIM" }, "geometry": { "type": "Point", "coordinates": [ 193929.827, 198937.807 ] } },
{ "type": "Feature", "properties": { "LOCATIENUMMER": "4115", "STATUS": "In dienst", "INTERACTIVITEIT": "Interactief", "LICHTBRON_GROEP": "LED", "BRANDPROGRAMMA": "BPIV UNI 20-22-23/DIM/4-5-6 VRZA50", "BRANDPROGRAMMA_GROEP": "BPIV DIM" }, "geometry": { "type": "Point", "coordinates": [ 194030.557999999989988, 198762.024 ] } },
{ "type": "Feature", "properties": { "LOCATIENUMMER": "4055", "STATUS": "In dienst", "INTERACTIVITEIT": "Interactief", "LICHTBRON_GROEP": "LED", "BRANDPROGRAMMA": "BPIV UNI 20-22-23/DIM/4-5-6 VRZA50", "BRANDPROGRAMMA_GROEP": "BPIV DIM" }, "geometry": { "type": "Point", "coordinates": [ 194004.06, 198839.318 ] } },
{ "type": "Feature", "properties": { "LOCATIENUMMER": "4061", "STATUS": "In dienst", "INTERACTIVITEIT": "Interactief", "LICHTBRON_GROEP": "LED", "BRANDPROGRAMMA": "BPIV UNI 20-22-23/DIM/4-5-6 VRZA50", "BRANDPROGRAMMA_GROEP": "BPIV DIM" }, "geometry": { "type": "Point", "coordinates": [ 193961.413999999989755, 198655.894999999989523 ] } },
{ "type": "Feature", "properties": { "LOCATIENUMMER": "4059", "STATUS": "In dienst", "INTERACTIVITEIT": "Interactief", "LICHTBRON_GROEP": "LED", "BRANDPROGRAMMA": "BPIV UNI 20-22-23/DIM/4-5-6 VRZA50", "BRANDPROGRAMMA_GROEP": "BPIV DIM" }, "geometry": { "type": "Point", "coordinates": [ 194003.231, 198721.639 ] } },
{ "type": "Feature", "properties": { "LOCATIENUMMER": "4089", "STATUS": "In dienst", "INTERACTIVITEIT": "Interactief", "LICHTBRON_GROEP": "LED", "BRANDPROGRAMMA": "BPIV UNI 20-22-23/DIM/4-5-6 VRZA50", "BRANDPROGRAMMA_GROEP": "BPIV DIM" }, "geometry": { "type": "Point", "coordinates": [ 193955.26, 198975.753999999986263 ] } },
{ "type": "Feature", "properties": { "LOCATIENUMMER": "4070", "STATUS": "In dienst", "INTERACTIVITEIT": "Interactief", "LICHTBRON_GROEP": "LED", "BRANDPROGRAMMA": "BPIV UNI 20-22-23/DIM/4-5-6 VRZA50", "BRANDPROGRAMMA_GROEP": "BPIV DIM" }, "geometry": { "type": "Point", "coordinates": [ 194014.166, 198609.37599999998929 ] } },
{ "type": "Feature", "properties": { "LOCATIENUMMER": "4108", "STATUS": "In dienst", "INTERACTIVITEIT": "Interactief", "LICHTBRON_GROEP": "LED", "BRANDPROGRAMMA": "BPIV UNI 20-22-23/DIM/4-5-6 VRZA50", "BRANDPROGRAMMA_GROEP": "BPIV DIM" }, "geometry": { "type": "Point", "coordinates": [ 193892.73499999998603, 198578.481 ] } },
{ "type": "Feature", "properties": { "LOCATIENUMMER": "4105", "STATUS": "In dienst", "INTERACTIVITEIT": "Interactief", "LICHTBRON_GROEP": "LED", "BRANDPROGRAMMA": "BPIV UNI 20-22-23/DIM/4-5-6 VRZA50", "BRANDPROGRAMMA_GROEP": "BPIV DIM" }, "geometry": { "type": "Point", "coordinates": [ 193880.11799999998766, 198528.606 ] } },
{ "type": "Feature", "properties": { "LOCATIENUMMER": "4090", "STATUS": "In dienst", "INTERACTIVITEIT": "Interactief", "LICHTBRON_GROEP": "LED", "BRANDPROGRAMMA": "BPIV UNI 20-22-23/DIM/4-5-6 VRZA50", "BRANDPROGRAMMA_GROEP": "BPIV DIM" }, "geometry": { "type": "Point", "coordinates": [ 193853.525, 198511.465 ] } },
{ "type": "Feature", "properties": { "LOCATIENUMMER": "4090", "STATUS": "In dienst", "INTERACTIVITEIT": "Interactief", "LICHTBRON_GROEP": "LED", "BRANDPROGRAMMA": "BPIV UNI 20-22-23/DIM/4-5-6 VRZA50", "BRANDPROGRAMMA_GROEP": "BPIV DIM" }, "geometry": { "type": "Point", "coordinates": [ 193853.525, 198511.465 ] } },
{ "type": "Feature", "properties": { "LOCATIENUMMER": "4065", "STATUS": "In dienst", "INTERACTIVITEIT": "Interactief", "LICHTBRON_GROEP": "LED", "BRANDPROGRAMMA": "BPIV UNI 20-22-23/DIM/4-5-6 VRZA50", "BRANDPROGRAMMA_GROEP": "BPIV DIM" }, "geometry": { "type": "Point", "coordinates": [ 193831.131, 198733.636 ] } },
{ "type": "Feature", "properties": { "LOCATIENUMMER": "4067", "STATUS": "In dienst", "INTERACTIVITEIT": "Interactief", "LICHTBRON_GROEP": "LED", "BRANDPROGRAMMA": "BPIV UNI 20-22-23/DIM/4-5-6 VRZA50", "BRANDPROGRAMMA_GROEP": "BPIV DIM" }, "geometry": { "type": "Point", "coordinates": [ 193799.761999999987893, 198818.643000000010943 ] } },
{ "type": "Feature", "properties": { "LOCATIENUMMER": "4254", "STATUS": "In dienst", "INTERACTIVITEIT": "Niet interactief", "LICHTBRON_GROEP": "NAHP", "BRANDPROGRAMMA": "N", "BRANDPROGRAMMA_GROEP": "N" }, "geometry": { "type": "Point", "coordinates": [ 193723.506, 198915.932999999989988 ] } },
{ "type": "Feature", "properties": { "LOCATIENUMMER": "4252", "STATUS": "In dienst", "INTERACTIVITEIT": "Niet interactief", "LICHTBRON_GROEP": "NAHP", "BRANDPROGRAMMA": "D22H6.30 (Doven)", "BRANDPROGRAMMA_GROEP": "DxxHyy DOV" }, "geometry": { "type": "Point", "coordinates": [ 193681.723, 198985.24299999998766 ] } },
{ "type": "Feature", "properties": { "LOCATIENUMMER": "3461", "STATUS": "In dienst", "INTERACTIVITEIT": "Niet interactief", "LICHTBRON_GROEP": "NALP", "BRANDPROGRAMMA": "D22H6.30 (Doven)", "BRANDPROGRAMMA_GROEP": "DxxHyy DOV" }, "geometry": { "type": "Point", "coordinates": [ 196117.633, 197263.560999999986961 ] } },
{ "type": "Feature", "properties": { "LOCATIENUMMER": "3464", "STATUS": "In dienst", "INTERACTIVITEIT": "Interactief", "LICHTBRON_GROEP": "LED", "BRANDPROGRAMMA": "BPIV UNI 20-22-23/DIM/4-5-6 VRZA50", "BRANDPROGRAMMA_GROEP": "BPIV DIM" }, "geometry": { "type": "Point", "coordinates": [ 196169.298, 197302.636999999987893 ] } },
{ "type": "Feature", "properties": { "LOCATIENUMMER": "3465", "STATUS": "In dienst", "INTERACTIVITEIT": "Interactief", "LICHTBRON_GROEP": "LED", "BRANDPROGRAMMA": "BPIV UNI 20-22-23/DIM/4-5-6 VRZA50", "BRANDPROGRAMMA_GROEP": "BPIV DIM" }, "geometry": { "type": "Point", "coordinates": [ 196204.423, 197307.604 ] } },
{ "type": "Feature", "properties": { "LOCATIENUMMER": "3784", "STATUS": "In dienst", "INTERACTIVITEIT": "Niet interactief", "LICHTBRON_GROEP": "NAHP", "BRANDPROGRAMMA": "D22H6.30 (Doven)", "BRANDPROGRAMMA_GROEP": "DxxHyy DOV" }, "geometry": { "type": "Point", "coordinates": [ 196248.585, 197313.386999999987893 ] } },
{ "type": "Feature", "properties": { "LOCATIENUMMER": "3783", "STATUS": "In dienst", "INTERACTIVITEIT": "Niet interactief", "LICHTBRON_GROEP": "NAHP", "BRANDPROGRAMMA": "D22H6.30 (Doven)", "BRANDPROGRAMMA_GROEP": "DxxHyy DOV" }, "geometry": { "type": "Point", "coordinates": [ 196292.568, 197316.755 ] } },
{ "type": "Feature", "properties": { "LOCATIENUMMER": "3782", "STATUS": "In dienst", "INTERACTIVITEIT": "Niet interactief", "LICHTBRON_GROEP": "NAHP", "BRANDPROGRAMMA": "N", "BRANDPROGRAMMA_GROEP": "N" }, "geometry": { "type": "Point", "coordinates": [ 196318.627, 197320.038999999989755 ] } },
{ "type": "Feature", "properties": { "LOCATIENUMMER": "3781", "STATUS": "In dienst", "INTERACTIVITEIT": "Niet interactief", "LICHTBRON_GROEP": "NAHP", "BRANDPROGRAMMA": "D22H6.30 (Doven)", "BRANDPROGRAMMA_GROEP": "DxxHyy DOV" }, "geometry": { "type": "Point", "coordinates": [ 196349.538999999989755, 197335.214 ] } },
{ "type": "Feature", "properties": { "LOCATIENUMMER": "3463", "STATUS": "In dienst", "INTERACTIVITEIT": "Interactief", "LICHTBRON_GROEP": "LED", "BRANDPROGRAMMA": "BPIV UNI 20-22-23/DIM/4-5-6 VRZA50", "BRANDPROGRAMMA_GROEP": "BPIV DIM" }, "geometry": { "type": "Point", "coordinates": [ 196132.313, 197295.272 ] } },
{ "type": "Feature", "properties": { "LOCATIENUMMER": "3466", "STATUS": "In dienst", "INTERACTIVITEIT": "Interactief", "LICHTBRON_GROEP": "LED", "BRANDPROGRAMMA": "BPIV UNI 20-22-23/DIM/4-5-6 VRZA50", "BRANDPROGRAMMA_GROEP": "BPIV DIM" }, "geometry": { "type": "Point", "coordinates": [ 196147.913999999989755, 197313.443 ] } },
{ "type": "Feature", "properties": { "LOCATIENUMMER": "2307", "STATUS": "In dienst", "INTERACTIVITEIT": "Interactief-ready", "LICHTBRON_GROEP": "LED", "BRANDPROGRAMMA": "D22H6.30 (Doven)", "BRANDPROGRAMMA_GROEP": "DxxHyy DOV" }, "geometry": { "type": "Point", "coordinates": [ 193010.601, 194239.272999999986496 ] } },
{ "type": "Feature", "properties": { "LOCATIENUMMER": "1585", "STATUS": "In dienst", "INTERACTIVITEIT": "Interactief", "LICHTBRON_GROEP": "LED", "BRANDPROGRAMMA": "BPIV UNI 20-22-23/DIM/4-5-6 VRZA50", "BRANDPROGRAMMA_GROEP": "BPIV DIM" }, "geometry": { "type": "Point", "coordinates": [ 192774.736, 194011.244 ] } },
{ "type": "Feature", "properties": { "LOCATIENUMMER": "1584", "STATUS": "In dienst", "INTERACTIVITEIT": "Interactief", "LICHTBRON_GROEP": "LED", "BRANDPROGRAMMA": "BPIV UNI 20-22-23/DIM/4-5-6 VRZA50", "BRANDPROGRAMMA_GROEP": "BPIV DIM" }, "geometry": { "type": "Point", "coordinates": [ 192738.644, 193999.549999999988358 ] } },
{ "type": "Feature", "properties": { "LOCATIENUMMER": "2282", "STATUS": "In dienst", "INTERACTIVITEIT": "Niet interactief", "LICHTBRON_GROEP": "NALP", "BRANDPROGRAMMA": "D22H6.30 (Doven)", "BRANDPROGRAMMA_GROEP": "DxxHyy DOV" }, "geometry": { "type": "Point", "coordinates": [ 192838.590999999985797, 194213.85 ] } },
{ "type": "Feature", "properties": { "LOCATIENUMMER": "2284", "STATUS": "In dienst", "INTERACTIVITEIT": "Niet interactief", "LICHTBRON_GROEP": "NAHP", "BRANDPROGRAMMA": "N", "BRANDPROGRAMMA_GROEP": "N" }, "geometry": { "type": "Point", "coordinates": [ 192773.636, 194193.439000000013039 ] } },
{ "type": "Feature", "properties": { "LOCATIENUMMER": "2306", "STATUS": "In dienst", "INTERACTIVITEIT": "Interactief-ready", "LICHTBRON_GROEP": "LED", "BRANDPROGRAMMA": "N", "BRANDPROGRAMMA_GROEP": "N" }, "geometry": { "type": "Point", "coordinates": [ 192978.309, 194241.973999999987427 ] } },
{ "type": "Feature", "properties": { "LOCATIENUMMER": "2297", "STATUS": "In dienst", "INTERACTIVITEIT": "Niet interactief", "LICHTBRON_GROEP": "NAHP", "BRANDPROGRAMMA": "D22H6.30 (Doven)", "BRANDPROGRAMMA_GROEP": "DxxHyy DOV" }, "geometry": { "type": "Point", "coordinates": [ 192749.931000000011409, 194210.884 ] } },
{ "type": "Feature", "properties": { "LOCATIENUMMER": "2304", "STATUS": "In dienst", "INTERACTIVITEIT": "Interactief-ready", "LICHTBRON_GROEP": "LED", "BRANDPROGRAMMA": "N", "BRANDPROGRAMMA_GROEP": "N" }, "geometry": { "type": "Point", "coordinates": [ 192920.604, 194242.905 ] } },
{ "type": "Feature", "properties": { "LOCATIENUMMER": "2305", "STATUS": "In dienst", "INTERACTIVITEIT": "Interactief-ready", "LICHTBRON_GROEP": "LED", "BRANDPROGRAMMA": "D22H6.30 (Doven)", "BRANDPROGRAMMA_GROEP": "DxxHyy DOV" }, "geometry": { "type": "Point", "coordinates": [ 192947.134, 194244.844000000011874 ] } },
{ "type": "Feature", "properties": { "LOCATIENUMMER": "2295", "STATUS": "In dienst", "INTERACTIVITEIT": "Niet interactief", "LICHTBRON_GROEP": "NAHP", "BRANDPROGRAMMA": "N", "BRANDPROGRAMMA_GROEP": "N" }, "geometry": { "type": "Point", "coordinates": [ 192677.842, 194213.997 ] } },
{ "type": "Feature", "properties": { "LOCATIENUMMER": "2332", "STATUS": "In dienst", "INTERACTIVITEIT": "Interactief", "LICHTBRON_GROEP": "LED", "BRANDPROGRAMMA": "BPIV UNI 20-22-23/DIM/4-5-6 VRZA50", "BRANDPROGRAMMA_GROEP": "BPIV DIM" }, "geometry": { "type": "Point", "coordinates": [ 192824.038999999989755, 194118.121000000013737 ] } },
{ "type": "Feature", "properties": { "LOCATIENUMMER": "2287", "STATUS": "In dienst", "INTERACTIVITEIT": "Niet interactief", "LICHTBRON_GROEP": "NAHP", "BRANDPROGRAMMA": "N", "BRANDPROGRAMMA_GROEP": "N" }, "geometry": { "type": "Point", "coordinates": [ 192665.842, 194158.215999999985797 ] } },
{ "type": "Feature", "properties": { "LOCATIENUMMER": "2331", "STATUS": "In dienst", "INTERACTIVITEIT": "Interactief", "LICHTBRON_GROEP": "LED", "BRANDPROGRAMMA": "BPIV UNI 20-22-23/DIM/4-5-6 VRZA50", "BRANDPROGRAMMA_GROEP": "BPIV DIM" }, "geometry": { "type": "Point", "coordinates": [ 192791.18, 194107.446 ] } },
{ "type": "Feature", "properties": { "LOCATIENUMMER": "2293", "STATUS": "In dienst", "INTERACTIVITEIT": "Interactief", "LICHTBRON_GROEP": "LED", "BRANDPROGRAMMA": "BPIV UNI 20-22-23/DIM/4-5-6 VRZA50", "BRANDPROGRAMMA_GROEP": "BPIV DIM" }, "geometry": { "type": "Point", "coordinates": [ 192760.655999999988126, 194097.172 ] } },
{ "type": "Feature", "properties": { "LOCATIENUMMER": "2290", "STATUS": "In dienst", "INTERACTIVITEIT": "Niet interactief", "LICHTBRON_GROEP": "NAHP", "BRANDPROGRAMMA": "N", "BRANDPROGRAMMA_GROEP": "N" }, "geometry": { "type": "Point", "coordinates": [ 192675.59, 194064.872 ] } },
{ "type": "Feature", "properties": { "LOCATIENUMMER": "2303", "STATUS": "In dienst", "INTERACTIVITEIT": "Niet interactief", "LICHTBRON_GROEP": "NAHP", "BRANDPROGRAMMA": "N", "BRANDPROGRAMMA_GROEP": "N" }, "geometry": { "type": "Point", "coordinates": [ 192908.325000000011642, 194233.652 ] } },
{ "type": "Feature", "properties": { "LOCATIENUMMER": "2292", "STATUS": "In dienst", "INTERACTIVITEIT": "Interactief", "LICHTBRON_GROEP": "LED", "BRANDPROGRAMMA": "BPIV UNI 20-22-23/DIM/4-5-6 VRZA50", "BRANDPROGRAMMA_GROEP": "BPIV DIM" }, "geometry": { "type": "Point", "coordinates": [ 192716.479, 194082.927 ] } },
{ "type": "Feature", "properties": { "LOCATIENUMMER": "1583", "STATUS": "In dienst", "INTERACTIVITEIT": "Interactief", "LICHTBRON_GROEP": "LED", "BRANDPROGRAMMA": "BPIV UNI 20-22-23/DIM/4-5-6 VRZA50", "BRANDPROGRAMMA_GROEP": "BPIV DIM" }, "geometry": { "type": "Point", "coordinates": [ 192699.744, 193982.524 ] } },
{ "type": "Feature", "properties": { "LOCATIENUMMER": "1587", "STATUS": "In dienst", "INTERACTIVITEIT": "Interactief-ready", "LICHTBRON_GROEP": "LED", "BRANDPROGRAMMA": "N", "BRANDPROGRAMMA_GROEP": "N" }, "geometry": { "type": "Point", "coordinates": [ 192731.685, 193914.269 ] } },
{ "type": "Feature", "properties": { "LOCATIENUMMER": "1603", "STATUS": "In dienst", "INTERACTIVITEIT": "Interactief-ready", "LICHTBRON_GROEP": "LED", "BRANDPROGRAMMA": "N", "BRANDPROGRAMMA_GROEP": "N" }, "geometry": { "type": "Point", "coordinates": [ 192725.761, 193906.87400000001071 ] } },
{ "type": "Feature", "properties": { "LOCATIENUMMER": "1629", "STATUS": "In dienst", "INTERACTIVITEIT": "Interactief", "LICHTBRON_GROEP": "LED", "BRANDPROGRAMMA": "BPIV UNI 20-22-23/DIM/4-5-6 VRZA50", "BRANDPROGRAMMA_GROEP": "BPIV DIM" }, "geometry": { "type": "Point", "coordinates": [ 192819.552, 194026.06 ] } },
{ "type": "Feature", "properties": { "LOCATIENUMMER": "1441", "STATUS": "In dienst", "INTERACTIVITEIT": "Interactief", "LICHTBRON_GROEP": "LED", "BRANDPROGRAMMA": "BPIV UNI 20-22-23/DIM/4-5-6 VRZA50", "BRANDPROGRAMMA_GROEP": "BPIV DIM" }, "geometry": { "type": "Point", "coordinates": [ 194371.128, 200121.157 ] } },
{ "type": "Feature", "properties": { "LOCATIENUMMER": "726", "STATUS": "In dienst", "INTERACTIVITEIT": "Interactief-ready", "LICHTBRON_GROEP": "LED", "BRANDPROGRAMMA": "D22H6.30 (Standaard dimmen)", "BRANDPROGRAMMA_GROEP": "DxxHyy DIM" }, "geometry": { "type": "Point", "coordinates": [ 194619.61799999998766, 200076.378999999986263 ] } },
{ "type": "Feature", "properties": { "LOCATIENUMMER": "727", "STATUS": "In dienst", "INTERACTIVITEIT": "Interactief-ready", "LICHTBRON_GROEP": "LED", "BRANDPROGRAMMA": "D22H6.30 (Standaard dimmen)", "BRANDPROGRAMMA_GROEP": "DxxHyy DIM" }, "geometry": { "type": "Point", "coordinates": [ 194638.288999999989755, 200092.587999999988824 ] } },
{ "type": "Feature", "properties": { "LOCATIENUMMER": "1454", "STATUS": "In dienst", "INTERACTIVITEIT": "Interactief", "LICHTBRON_GROEP": "LED", "BRANDPROGRAMMA": "BPIV UNI 20-22-23/DIM/4-5-6 VRZA50", "BRANDPROGRAMMA_GROEP": "BPIV DIM" }, "geometry": { "type": "Point", "coordinates": [ 194624.587999999988824, 200107.565 ] } },
{ "type": "Feature", "properties": { "LOCATIENUMMER": "1448", "STATUS": "In dienst", "INTERACTIVITEIT": "Interactief", "LICHTBRON_GROEP": "LED", "BRANDPROGRAMMA": "BPIV UNI 20-22-23/DIM/4-5-6 VRZA50", "BRANDPROGRAMMA_GROEP": "BPIV DIM" }, "geometry": { "type": "Point", "coordinates": [ 194457.356999999989057, 200142.837999999988824 ] } },
{ "type": "Feature", "properties": { "LOCATIENUMMER": "1462", "STATUS": "In dienst", "INTERACTIVITEIT": "Interactief", "LICHTBRON_GROEP": "LED", "BRANDPROGRAMMA": "BPIV UNI 20-22-23/DIM/4-5-6 VRZA50", "BRANDPROGRAMMA_GROEP": "BPIV DIM" }, "geometry": { "type": "Point", "coordinates": [ 194660.487, 200089.108 ] } },
{ "type": "Feature", "properties": { "LOCATIENUMMER": "1449", "STATUS": "In dienst", "INTERACTIVITEIT": "Interactief", "LICHTBRON_GROEP": "LED", "BRANDPROGRAMMA": "BPIV UNI 20-22-23/DIM/4-5-6 VRZA50", "BRANDPROGRAMMA_GROEP": "BPIV DIM" }, "geometry": { "type": "Point", "coordinates": [ 194500.24299999998766, 200153.934 ] } },
{ "type": "Feature", "properties": { "LOCATIENUMMER": "1450", "STATUS": "In dienst", "INTERACTIVITEIT": "Interactief", "LICHTBRON_GROEP": "LED", "BRANDPROGRAMMA": "BPIV UNI 20-22-23/DIM/4-5-6 VRZA50", "BRANDPROGRAMMA_GROEP": "BPIV DIM" }, "geometry": { "type": "Point", "coordinates": [ 194538.761, 200167.321999999985565 ] } },
{ "type": "Feature", "properties": { "LOCATIENUMMER": "4568", "STATUS": "In dienst", "INTERACTIVITEIT": "Niet interactief", "LICHTBRON_GROEP": "NALP", "BRANDPROGRAMMA": "D22H6.30 (Doven)", "BRANDPROGRAMMA_GROEP": "DxxHyy DOV" }, "geometry": { "type": "Point", "coordinates": [ 194751.407, 200330.587 ] } },
{ "type": "Feature", "properties": { "LOCATIENUMMER": "4569", "STATUS": "In dienst", "INTERACTIVITEIT": "Niet interactief", "LICHTBRON_GROEP": "NALP", "BRANDPROGRAMMA": "D22H6.30 (Doven)", "BRANDPROGRAMMA_GROEP": "DxxHyy DOV" }, "geometry": { "type": "Point", "coordinates": [ 194783.952, 200319.331 ] } },
{ "type": "Feature", "properties": { "LOCATIENUMMER": "4570", "STATUS": "In dienst", "INTERACTIVITEIT": "Niet interactief", "LICHTBRON_GROEP": "NAHP", "BRANDPROGRAMMA": "N", "BRANDPROGRAMMA_GROEP": "N" }, "geometry": { "type": "Point", "coordinates": [ 194719.049999999988358, 200341.75700000001234 ] } },
{ "type": "Feature", "properties": { "LOCATIENUMMER": "4571", "STATUS": "In dienst", "INTERACTIVITEIT": "Niet interactief", "LICHTBRON_GROEP": "NALP", "BRANDPROGRAMMA": "D22H6.30 (Doven)", "BRANDPROGRAMMA_GROEP": "DxxHyy DOV" }, "geometry": { "type": "Point", "coordinates": [ 194686.51500000001397, 200352.924999999988358 ] } },
{ "type": "Feature", "properties": { "LOCATIENUMMER": "4572", "STATUS": "In dienst", "INTERACTIVITEIT": "Niet interactief", "LICHTBRON_GROEP": "NALP", "BRANDPROGRAMMA": "N", "BRANDPROGRAMMA_GROEP": "N" }, "geometry": { "type": "Point", "coordinates": [ 194622.134, 200375.764 ] } },
{ "type": "Feature", "properties": { "LOCATIENUMMER": "4573", "STATUS": "In dienst", "INTERACTIVITEIT": "Niet interactief", "LICHTBRON_GROEP": "NALP", "BRANDPROGRAMMA": "D22H6.30 (Doven)", "BRANDPROGRAMMA_GROEP": "DxxHyy DOV" }, "geometry": { "type": "Point", "coordinates": [ 194654.353, 200364.297 ] } },
{ "type": "Feature", "properties": { "LOCATIENUMMER": "4574", "STATUS": "In dienst", "INTERACTIVITEIT": "Niet interactief", "LICHTBRON_GROEP": "NALP", "BRANDPROGRAMMA": "D22H6.30 (Doven)", "BRANDPROGRAMMA_GROEP": "DxxHyy DOV" }, "geometry": { "type": "Point", "coordinates": [ 194590.174, 200386.886999999987893 ] } },
{ "type": "Feature", "properties": { "LOCATIENUMMER": "1455", "STATUS": "In dienst", "INTERACTIVITEIT": "Interactief", "LICHTBRON_GROEP": "LED", "BRANDPROGRAMMA": "BPIV UNI 20-22-23/DIM/4-5-6 VRZA50", "BRANDPROGRAMMA_GROEP": "BPIV DIM" }, "geometry": { "type": "Point", "coordinates": [ 194713.644999999989523, 200093.719000000011874 ] } },
{ "type": "Feature", "properties": { "LOCATIENUMMER": "1451", "STATUS": "In dienst", "INTERACTIVITEIT": "Interactief", "LICHTBRON_GROEP": "LED", "BRANDPROGRAMMA": "BPIV UNI 20-22-23/DIM/4-5-6 VRZA50", "BRANDPROGRAMMA_GROEP": "BPIV DIM" }, "geometry": { "type": "Point", "coordinates": [ 194563.714, 200157.621000000013737 ] } },
{ "type": "Feature", "properties": { "LOCATIENUMMER": "1456", "STATUS": "In dienst", "INTERACTIVITEIT": "Interactief", "LICHTBRON_GROEP": "LED", "BRANDPROGRAMMA": "BPIV UNI 20-22-23/DIM/4-5-6 VRZA50", "BRANDPROGRAMMA_GROEP": "BPIV DIM" }, "geometry": { "type": "Point", "coordinates": [ 194750.329, 200097.835 ] } },
{ "type": "Feature", "properties": { "LOCATIENUMMER": "1457", "STATUS": "In dienst", "INTERACTIVITEIT": "Interactief", "LICHTBRON_GROEP": "LED", "BRANDPROGRAMMA": "BPIV UNI 20-22-23/DIM/4-5-6 VRZA50", "BRANDPROGRAMMA_GROEP": "BPIV DIM" }, "geometry": { "type": "Point", "coordinates": [ 194786.316, 200102.112 ] } },
{ "type": "Feature", "properties": { "LOCATIENUMMER": "700", "STATUS": "In dienst", "INTERACTIVITEIT": "Niet interactief", "LICHTBRON_GROEP": "NALP", "BRANDPROGRAMMA": "N", "BRANDPROGRAMMA_GROEP": "N" }, "geometry": { "type": "Point", "coordinates": [ 194830.089, 200054.886 ] } },
{ "type": "Feature", "properties": { "LOCATIENUMMER": "1458", "STATUS": "In dienst", "INTERACTIVITEIT": "Interactief", "LICHTBRON_GROEP": "LED", "BRANDPROGRAMMA": "BPIV UNI 20-22-23/DIM/4-5-6 VRZA50", "BRANDPROGRAMMA_GROEP": "BPIV DIM" }, "geometry": { "type": "Point", "coordinates": [ 194825.139, 200112.034000000014203 ] } },
{ "type": "Feature", "properties": { "LOCATIENUMMER": "4564", "STATUS": "In dienst", "INTERACTIVITEIT": "Niet interactief", "LICHTBRON_GROEP": "NALP", "BRANDPROGRAMMA": "D22H6.30 (Doven)", "BRANDPROGRAMMA_GROEP": "DxxHyy DOV" }, "geometry": { "type": "Point", "coordinates": [ 194880.894, 200285.793 ] } },
{ "type": "Feature", "properties": { "LOCATIENUMMER": "4566", "STATUS": "In dienst", "INTERACTIVITEIT": "Niet interactief", "LICHTBRON_GROEP": "NALP", "BRANDPROGRAMMA": "N", "BRANDPROGRAMMA_GROEP": "N" }, "geometry": { "type": "Point", "coordinates": [ 194816.04, 200308.312 ] } },
{ "type": "Feature", "properties": { "LOCATIENUMMER": "4567", "STATUS": "In dienst", "INTERACTIVITEIT": "Niet interactief", "LICHTBRON_GROEP": "NALP", "BRANDPROGRAMMA": "D22H6.30 (Doven)", "BRANDPROGRAMMA_GROEP": "DxxHyy DOV" }, "geometry": { "type": "Point", "coordinates": [ 194848.745, 200297.00700000001234 ] } },
{ "type": "Feature", "properties": { "LOCATIENUMMER": "1459", "STATUS": "In dienst", "INTERACTIVITEIT": "Interactief", "LICHTBRON_GROEP": "LED", "BRANDPROGRAMMA": "BPIV UNI 20-22-23/DIM/4-5-6 VRZA50", "BRANDPROGRAMMA_GROEP": "BPIV DIM" }, "geometry": { "type": "Point", "coordinates": [ 194861.82, 200126.316 ] } },
{ "type": "Feature", "properties": { "LOCATIENUMMER": "1460", "STATUS": "In dienst", "INTERACTIVITEIT": "Interactief", "LICHTBRON_GROEP": "LED", "BRANDPROGRAMMA": "BPIV UNI 20-22-23/DIM/4-5-6 VRZA50", "BRANDPROGRAMMA_GROEP": "BPIV DIM" }, "geometry": { "type": "Point", "coordinates": [ 194897.938, 200142.278 ] } },
{ "type": "Feature", "properties": { "LOCATIENUMMER": "4565", "STATUS": "In dienst", "INTERACTIVITEIT": "Niet interactief", "LICHTBRON_GROEP": "NALP", "BRANDPROGRAMMA": "N", "BRANDPROGRAMMA_GROEP": "N" }, "geometry": { "type": "Point", "coordinates": [ 194913.423, 200274.549999999988358 ] } },
{ "type": "Feature", "properties": { "LOCATIENUMMER": "1442", "STATUS": "In dienst", "INTERACTIVITEIT": "Interactief", "LICHTBRON_GROEP": "LED", "BRANDPROGRAMMA": "BPIV UNI 20-22-23/DIM/4-5-6 VRZA50", "BRANDPROGRAMMA_GROEP": "BPIV DIM" }, "geometry": { "type": "Point", "coordinates": [ 194349.122, 200106.867 ] } },
{ "type": "Feature", "properties": { "LOCATIENUMMER": "3555", "STATUS": "In dienst", "INTERACTIVITEIT": "Niet interactief", "LICHTBRON_GROEP": "NAHP", "BRANDPROGRAMMA": "D22H6.30 (Doven)", "BRANDPROGRAMMA_GROEP": "DxxHyy DOV" }, "geometry": { "type": "Point", "coordinates": [ 198373.279, 197838.21 ] } },
{ "type": "Feature", "properties": { "LOCATIENUMMER": "3512", "STATUS": "In dienst", "INTERACTIVITEIT": "Niet interactief", "LICHTBRON_GROEP": "NALP", "BRANDPROGRAMMA": "D22H6.30 (Doven)", "BRANDPROGRAMMA_GROEP": "DxxHyy DOV" }, "geometry": { "type": "Point", "coordinates": [ 198519.155999999988126, 197878.298 ] } },
{ "type": "Feature", "properties": { "LOCATIENUMMER": "3623", "STATUS": "In dienst", "INTERACTIVITEIT": "Niet interactief", "LICHTBRON_GROEP": "MHHP-QZ", "BRANDPROGRAMMA": "N", "BRANDPROGRAMMA_GROEP": "N" }, "geometry": { "type": "Point", "coordinates": [ 198612.222, 197924.858 ] } },
{ "type": "Feature", "properties": { "LOCATIENUMMER": "4331", "STATUS": "In dienst", "INTERACTIVITEIT": "Interactief", "LICHTBRON_GROEP": "LED", "BRANDPROGRAMMA": "D22 (Doven)", "BRANDPROGRAMMA_GROEP": "Dxx DOV" }, "geometry": { "type": "Point", "coordinates": [ 198369.613000000012107, 197694.647 ] } },
{ "type": "Feature", "properties": { "LOCATIENUMMER": "4332", "STATUS": "In dienst", "INTERACTIVITEIT": "Interactief", "LICHTBRON_GROEP": "LED", "BRANDPROGRAMMA": "D22 (Doven)", "BRANDPROGRAMMA_GROEP": "Dxx DOV" }, "geometry": { "type": "Point", "coordinates": [ 198391.845, 197706.19 ] } },
{ "type": "Feature", "properties": { "LOCATIENUMMER": "4333", "STATUS": "In dienst", "INTERACTIVITEIT": "Interactief", "LICHTBRON_GROEP": "LED", "BRANDPROGRAMMA": "D22 (Doven)", "BRANDPROGRAMMA_GROEP": "Dxx DOV" }, "geometry": { "type": "Point", "coordinates": [ 198415.059, 197716.361 ] } },
{ "type": "Feature", "properties": { "LOCATIENUMMER": "3517", "STATUS": "In dienst", "INTERACTIVITEIT": "Niet interactief", "LICHTBRON_GROEP": "NAHP", "BRANDPROGRAMMA": "N", "BRANDPROGRAMMA_GROEP": "N" }, "geometry": { "type": "Point", "coordinates": [ 198695.99900000001071, 197992.652 ] } },
{ "type": "Feature", "properties": { "LOCATIENUMMER": "3508", "STATUS": "In dienst", "INTERACTIVITEIT": "Niet interactief", "LICHTBRON_GROEP": "NALP", "BRANDPROGRAMMA": "N", "BRANDPROGRAMMA_GROEP": "N" }, "geometry": { "type": "Point", "coordinates": [ 198417.821999999985565, 197813.083000000013271 ] } },
{ "type": "Feature", "properties": { "LOCATIENUMMER": "4337", "STATUS": "In dienst", "INTERACTIVITEIT": "Interactief", "LICHTBRON_GROEP": "LED", "BRANDPROGRAMMA": "D22 (Doven)", "BRANDPROGRAMMA_GROEP": "Dxx DOV" }, "geometry": { "type": "Point", "coordinates": [ 198427.742, 197795.383 ] } },
{ "type": "Feature", "properties": { "LOCATIENUMMER": "4338", "STATUS": "In dienst", "INTERACTIVITEIT": "Interactief", "LICHTBRON_GROEP": "LED", "BRANDPROGRAMMA": "D22 (Doven)", "BRANDPROGRAMMA_GROEP": "Dxx DOV" }, "geometry": { "type": "Point", "coordinates": [ 198441.081, 197768.556000000011409 ] } },
{ "type": "Feature", "properties": { "LOCATIENUMMER": "3004", "STATUS": "In dienst", "INTERACTIVITEIT": "Niet interactief", "LICHTBRON_GROEP": "NAHP", "BRANDPROGRAMMA": "D22H6.30 (Doven)", "BRANDPROGRAMMA_GROEP": "DxxHyy DOV" }, "geometry": { "type": "Point", "coordinates": [ 198788.209, 198021.75 ] } },
{ "type": "Feature", "properties": { "LOCATIENUMMER": "186", "STATUS": "In dienst", "INTERACTIVITEIT": "Interactief", "LICHTBRON_GROEP": "LED", "BRANDPROGRAMMA": "BPIV UNI 20-22-23/DIM/4-5-6 VRZA50", "BRANDPROGRAMMA_GROEP": "BPIV DIM" }, "geometry": { "type": "Point", "coordinates": [ 198813.794, 198067.666999999986729 ] } },
{ "type": "Feature", "properties": { "LOCATIENUMMER": "185", "STATUS": "In dienst", "INTERACTIVITEIT": "Interactief", "LICHTBRON_GROEP": "LED", "BRANDPROGRAMMA": "BPIV UNI 20-22-23/DIM/4-5-6 VRZA50", "BRANDPROGRAMMA_GROEP": "BPIV DIM" }, "geometry": { "type": "Point", "coordinates": [ 198834.621000000013737, 198081.225 ] } },
{ "type": "Feature", "properties": { "LOCATIENUMMER": "183", "STATUS": "In dienst", "INTERACTIVITEIT": "Interactief", "LICHTBRON_GROEP": "LED", "BRANDPROGRAMMA": "BPIV UNI 20-22-23/DIM/4-5-6 VRZA50", "BRANDPROGRAMMA_GROEP": "BPIV DIM" }, "geometry": { "type": "Point", "coordinates": [ 198898.237, 198121.622 ] } },
{ "type": "Feature", "properties": { "LOCATIENUMMER": "182", "STATUS": "In dienst", "INTERACTIVITEIT": "Interactief", "LICHTBRON_GROEP": "LED", "BRANDPROGRAMMA": "BPIV UNI 20-22-23/DIM/4-5-6 VRZA50", "BRANDPROGRAMMA_GROEP": "BPIV DIM" }, "geometry": { "type": "Point", "coordinates": [ 198929.405, 198141.105000000010477 ] } },
{ "type": "Feature", "properties": { "LOCATIENUMMER": "180", "STATUS": "In dienst", "INTERACTIVITEIT": "Interactief", "LICHTBRON_GROEP": "LED", "BRANDPROGRAMMA": "BPIV UNI 20-22-23/DIM/4-5-6 VRZA50", "BRANDPROGRAMMA_GROEP": "BPIV DIM" }, "geometry": { "type": "Point", "coordinates": [ 199001.342, 198184.448 ] } },
{ "type": "Feature", "properties": { "LOCATIENUMMER": "3520", "STATUS": "In dienst", "INTERACTIVITEIT": "Niet interactief", "LICHTBRON_GROEP": "NALP", "BRANDPROGRAMMA": "D22H6.30 (Doven)", "BRANDPROGRAMMA_GROEP": "DxxHyy DOV" }, "geometry": { "type": "Point", "coordinates": [ 198335.75, 197766.706 ] } },
{ "type": "Feature", "properties": { "LOCATIENUMMER": "178", "STATUS": "In dienst", "INTERACTIVITEIT": "Interactief", "LICHTBRON_GROEP": "LED", "BRANDPROGRAMMA": "BPIV UNI 20-22-23/DIM/4-5-6 VRZA50", "BRANDPROGRAMMA_GROEP": "BPIV DIM" }, "geometry": { "type": "Point", "coordinates": [ 199070.516, 198225.443 ] } },
{ "type": "Feature", "properties": { "LOCATIENUMMER": "862", "STATUS": "In dienst", "INTERACTIVITEIT": "Interactief", "LICHTBRON_GROEP": "LED", "BRANDPROGRAMMA": "BPIV UNI 20-22-23/DIM/4-5-6 VRZA50", "BRANDPROGRAMMA_GROEP": "BPIV DIM" }, "geometry": { "type": "Point", "coordinates": [ 194698.552, 198823.821999999985565 ] } },
{ "type": "Feature", "properties": { "LOCATIENUMMER": "863", "STATUS": "In dienst", "INTERACTIVITEIT": "Interactief-ready", "LICHTBRON_GROEP": "LED", "BRANDPROGRAMMA": "D22H6.30 (Doven)", "BRANDPROGRAMMA_GROEP": "DxxHyy DOV" }, "geometry": { "type": "Point", "coordinates": [ 194743.161, 198818.554 ] } },
{ "type": "Feature", "properties": { "LOCATIENUMMER": "860", "STATUS": "In dienst", "INTERACTIVITEIT": "Interactief", "LICHTBRON_GROEP": "LED", "BRANDPROGRAMMA": "BPIV UNI 20-22-23/DIM/4-5-6 VRZA50", "BRANDPROGRAMMA_GROEP": "BPIV DIM" }, "geometry": { "type": "Point", "coordinates": [ 194630.739, 198831.582 ] } },
{ "type": "Feature", "properties": { "LOCATIENUMMER": "861", "STATUS": "In dienst", "INTERACTIVITEIT": "Interactief", "LICHTBRON_GROEP": "LED", "BRANDPROGRAMMA": "BPIV UNI 20-22-23/DIM/4-5-6 VRZA50", "BRANDPROGRAMMA_GROEP": "BPIV DIM" }, "geometry": { "type": "Point", "coordinates": [ 194664.49299999998766, 198827.715 ] } },
{ "type": "Feature", "properties": { "LOCATIENUMMER": "2404", "STATUS": "In dienst", "INTERACTIVITEIT": "Interactief", "LICHTBRON_GROEP": "LED", "BRANDPROGRAMMA": "BPIV UNI 20-22-23/DIM/4-5-6 VRZA50", "BRANDPROGRAMMA_GROEP": "BPIV DIM" }, "geometry": { "type": "Point", "coordinates": [ 193955.647999999986496, 195191.298 ] } },
{ "type": "Feature", "properties": { "LOCATIENUMMER": "2408", "STATUS": "In dienst", "INTERACTIVITEIT": "Interactief", "LICHTBRON_GROEP": "LED", "BRANDPROGRAMMA": "BPIV UNI 20-22-23/DIM/4-5-6 VRZA50", "BRANDPROGRAMMA_GROEP": "BPIV DIM" }, "geometry": { "type": "Point", "coordinates": [ 193945.843, 195267.29 ] } },
{ "type": "Feature", "properties": { "LOCATIENUMMER": "2405", "STATUS": "In dienst", "INTERACTIVITEIT": "Interactief", "LICHTBRON_GROEP": "LED", "BRANDPROGRAMMA": "BPIV UNI 20-22-23/DIM/4-5-6 VRZA50", "BRANDPROGRAMMA_GROEP": "BPIV DIM" }, "geometry": { "type": "Point", "coordinates": [ 193956.364, 195229.134 ] } },
{ "type": "Feature", "properties": { "LOCATIENUMMER": "2407", "STATUS": "In dienst", "INTERACTIVITEIT": "Interactief", "LICHTBRON_GROEP": "LED", "BRANDPROGRAMMA": "BPIV UNI 20-22-23/DIM/4-5-6 VRZA50", "BRANDPROGRAMMA_GROEP": "BPIV DIM" }, "geometry": { "type": "Point", "coordinates": [ 193945.115, 195229.297 ] } },
{ "type": "Feature", "properties": { "LOCATIENUMMER": "2403", "STATUS": "In dienst", "INTERACTIVITEIT": "Interactief", "LICHTBRON_GROEP": "LED", "BRANDPROGRAMMA": "BPIV UNI 20-22-23/DIM/4-5-6 VRZA50", "BRANDPROGRAMMA_GROEP": "BPIV DIM" }, "geometry": { "type": "Point", "coordinates": [ 193944.391, 195191.453 ] } },
{ "type": "Feature", "properties": { "LOCATIENUMMER": "2406", "STATUS": "In dienst", "INTERACTIVITEIT": "Interactief", "LICHTBRON_GROEP": "LED", "BRANDPROGRAMMA": "BPIV UNI 20-22-23/DIM/4-5-6 VRZA50", "BRANDPROGRAMMA_GROEP": "BPIV DIM" }, "geometry": { "type": "Point", "coordinates": [ 193957.036, 195267.128 ] } },
{ "type": "Feature", "properties": { "LOCATIENUMMER": "2451", "STATUS": "In dienst", "INTERACTIVITEIT": "Interactief", "LICHTBRON_GROEP": "LED", "BRANDPROGRAMMA": "BPIV UNI 20-22-23/DIM/4-5-6 VRZA50", "BRANDPROGRAMMA_GROEP": "BPIV DIM" }, "geometry": { "type": "Point", "coordinates": [ 191655.527, 195370.945 ] } },
{ "type": "Feature", "properties": { "LOCATIENUMMER": "2556", "STATUS": "In dienst", "INTERACTIVITEIT": "Interactief", "LICHTBRON_GROEP": "LED", "BRANDPROGRAMMA": "BPIV UNI 20-22-23/DIM/4-5-6 VRZA50", "BRANDPROGRAMMA_GROEP": "BPIV DIM" }, "geometry": { "type": "Point", "coordinates": [ 191135.144, 195424.402 ] } },
{ "type": "Feature", "properties": { "LOCATIENUMMER": "2559", "STATUS": "In dienst", "INTERACTIVITEIT": "Interactief", "LICHTBRON_GROEP": "LED", "BRANDPROGRAMMA": "BPIV UNI 20-22-23/DIM/4-5-6 VRZA50", "BRANDPROGRAMMA_GROEP": "BPIV DIM" }, "geometry": { "type": "Point", "coordinates": [ 191005.761999999987893, 195396.602000000013504 ] } },
{ "type": "Feature", "properties": { "LOCATIENUMMER": "2457", "STATUS": "In dienst", "INTERACTIVITEIT": "Interactief", "LICHTBRON_GROEP": "LED", "BRANDPROGRAMMA": "BPIV UNI 20-22-23/DIM/4-5-6 VRZA50", "BRANDPROGRAMMA_GROEP": "BPIV DIM" }, "geometry": { "type": "Point", "coordinates": [ 191423.299999999988358, 195365.943999999988591 ] } },
{ "type": "Feature", "properties": { "LOCATIENUMMER": "2575", "STATUS": "In dienst", "INTERACTIVITEIT": "Interactief", "LICHTBRON_GROEP": "LED", "BRANDPROGRAMMA": "BPIV UNI 20-22-23/DIM/4-5-6 VRZA50", "BRANDPROGRAMMA_GROEP": "BPIV DIM" }, "geometry": { "type": "Point", "coordinates": [ 190355.34, 195641.139 ] } },
{ "type": "Feature", "properties": { "LOCATIENUMMER": "2426", "STATUS": "In dienst", "INTERACTIVITEIT": "Interactief", "LICHTBRON_GROEP": "LED", "BRANDPROGRAMMA": "BPIV UNI 20-22-23/DIM/4-5-6 VRZA50", "BRANDPROGRAMMA_GROEP": "BPIV DIM" }, "geometry": { "type": "Point", "coordinates": [ 191819.178000000014435, 195376.99299999998766 ] } },
{ "type": "Feature", "properties": { "LOCATIENUMMER": "2564", "STATUS": "In dienst", "INTERACTIVITEIT": "Interactief", "LICHTBRON_GROEP": "LED", "BRANDPROGRAMMA": "BPIV UNI 20-22-23/DIM/4-5-6 VRZA50", "BRANDPROGRAMMA_GROEP": "BPIV DIM" }, "geometry": { "type": "Point", "coordinates": [ 190777.355000000010477, 195404.158 ] } },
{ "type": "Feature", "properties": { "LOCATIENUMMER": "2565", "STATUS": "In dienst", "INTERACTIVITEIT": "Interactief", "LICHTBRON_GROEP": "LED", "BRANDPROGRAMMA": "BPIV UNI 20-22-23/DIM/4-5-6 VRZA50", "BRANDPROGRAMMA_GROEP": "BPIV DIM" }, "geometry": { "type": "Point", "coordinates": [ 190740.204, 195428.373 ] } },
{ "type": "Feature", "properties": { "LOCATIENUMMER": "2454", "STATUS": "In dienst", "INTERACTIVITEIT": "Interactief", "LICHTBRON_GROEP": "LED", "BRANDPROGRAMMA": "BPIV UNI 20-22-23/DIM/4-5-6 VRZA50", "BRANDPROGRAMMA_GROEP": "BPIV DIM" }, "geometry": { "type": "Point", "coordinates": [ 191536.083000000013271, 195360.965 ] } },
{ "type": "Feature", "properties": { "LOCATIENUMMER": "2430", "STATUS": "In dienst", "INTERACTIVITEIT": "Interactief", "LICHTBRON_GROEP": "LED", "BRANDPROGRAMMA": "BPIV UNI 20-22-23/DIM/4-5-6 VRZA50", "BRANDPROGRAMMA_GROEP": "BPIV DIM" }, "geometry": { "type": "Point", "coordinates": [ 191737.805, 195353.377 ] } },
{ "type": "Feature", "properties": { "LOCATIENUMMER": "2552", "STATUS": "In dienst", "INTERACTIVITEIT": "Interactief", "LICHTBRON_GROEP": "LED", "BRANDPROGRAMMA": "BPIV UNI 20-22-23/DIM/4-5-6 VRZA50", "BRANDPROGRAMMA_GROEP": "BPIV DIM" }, "geometry": { "type": "Point", "coordinates": [ 191312.154, 195396.657 ] } },
{ "type": "Feature", "properties": { "LOCATIENUMMER": "3658", "STATUS": "In dienst", "INTERACTIVITEIT": "Niet interactief", "LICHTBRON_GROEP": "HGHP", "BRANDPROGRAMMA": "N", "BRANDPROGRAMMA_GROEP": "N" }, "geometry": { "type": "Point", "coordinates": [ 198349.458000000013271, 198097.454 ] } },
{ "type": "Feature", "properties": { "LOCATIENUMMER": "3659", "STATUS": "In dienst", "INTERACTIVITEIT": "Niet interactief", "LICHTBRON_GROEP": "HGHP", "BRANDPROGRAMMA": "D22H6.30 (Doven)", "BRANDPROGRAMMA_GROEP": "DxxHyy DOV" }, "geometry": { "type": "Point", "coordinates": [ 198319.483, 198085.16 ] } },
{ "type": "Feature", "properties": { "LOCATIENUMMER": "4072", "STATUS": "In dienst", "INTERACTIVITEIT": "Interactief", "LICHTBRON_GROEP": "LED", "BRANDPROGRAMMA": "BPIV UNI 20-22-23/DIM/4-5-6 VRZA50", "BRANDPROGRAMMA_GROEP": "BPIV DIM" }, "geometry": { "type": "Point", "coordinates": [ 194043.071, 198528.913999999989755 ] } },
{ "type": "Feature", "properties": { "LOCATIENUMMER": "4074", "STATUS": "In dienst", "INTERACTIVITEIT": "Interactief", "LICHTBRON_GROEP": "LED", "BRANDPROGRAMMA": "BPIV UNI 20-22-23/DIM/4-5-6 VRZA50", "BRANDPROGRAMMA_GROEP": "BPIV DIM" }, "geometry": { "type": "Point", "coordinates": [ 194105.424, 198474.986 ] } },
{ "type": "Feature", "properties": { "LOCATIENUMMER": "4079", "STATUS": "In dienst", "INTERACTIVITEIT": "Interactief", "LICHTBRON_GROEP": "LED", "BRANDPROGRAMMA": "BPIV UNI 20-22-23/DIM/4-5-6 VRZA50", "BRANDPROGRAMMA_GROEP": "BPIV DIM" }, "geometry": { "type": "Point", "coordinates": [ 194230.036, 198321.327 ] } },
{ "type": "Feature", "properties": { "LOCATIENUMMER": "1330", "STATUS": "In dienst", "INTERACTIVITEIT": "Niet interactief", "LICHTBRON_GROEP": "NALP", "BRANDPROGRAMMA": "N", "BRANDPROGRAMMA_GROEP": "N" }, "geometry": { "type": "Point", "coordinates": [ 195954.780999999988126, 200327.779 ] } },
{ "type": "Feature", "properties": { "LOCATIENUMMER": "1327", "STATUS": "In dienst", "INTERACTIVITEIT": "Niet interactief", "LICHTBRON_GROEP": "NALP", "BRANDPROGRAMMA": "D22H6.30 (Doven)", "BRANDPROGRAMMA_GROEP": "DxxHyy DOV" }, "geometry": { "type": "Point", "coordinates": [ 196076.497, 200348.692000000010012 ] } },
{ "type": "Feature", "properties": { "LOCATIENUMMER": "1328", "STATUS": "In dienst", "INTERACTIVITEIT": "Niet interactief", "LICHTBRON_GROEP": "NALP", "BRANDPROGRAMMA": "N", "BRANDPROGRAMMA_GROEP": "N" }, "geometry": { "type": "Point", "coordinates": [ 196044.298, 200342.162000000011176 ] } },
{ "type": "Feature", "properties": { "LOCATIENUMMER": "1329", "STATUS": "In dienst", "INTERACTIVITEIT": "Niet interactief", "LICHTBRON_GROEP": "NALP", "BRANDPROGRAMMA": "D22H6.30 (Doven)", "BRANDPROGRAMMA_GROEP": "DxxHyy DOV" }, "geometry": { "type": "Point", "coordinates": [ 195997.237, 200334.480000000010477 ] } },
{ "type": "Feature", "properties": { "LOCATIENUMMER": "1326", "STATUS": "In dienst", "INTERACTIVITEIT": "Niet interactief", "LICHTBRON_GROEP": "NALP", "BRANDPROGRAMMA": "N", "BRANDPROGRAMMA_GROEP": "N" }, "geometry": { "type": "Point", "coordinates": [ 196156.958000000013271, 200368.188 ] } },
{ "type": "Feature", "properties": { "LOCATIENUMMER": "1336", "STATUS": "In dienst", "INTERACTIVITEIT": "Niet interactief", "LICHTBRON_GROEP": "NALP", "BRANDPROGRAMMA": "D22H6.30 (Doven)", "BRANDPROGRAMMA_GROEP": "DxxHyy DOV" }, "geometry": { "type": "Point", "coordinates": [ 196196.144999999989523, 200378.075000000011642 ] } },
{ "type": "Feature", "properties": { "LOCATIENUMMER": "1337", "STATUS": "In dienst", "INTERACTIVITEIT": "Niet interactief", "LICHTBRON_GROEP": "NALP", "BRANDPROGRAMMA": "D22H6.30 (Doven)", "BRANDPROGRAMMA_GROEP": "DxxHyy DOV" }, "geometry": { "type": "Point", "coordinates": [ 196223.644, 200384.758 ] } },
{ "type": "Feature", "properties": { "LOCATIENUMMER": "4549", "STATUS": "In dienst", "INTERACTIVITEIT": "Niet interactief", "LICHTBRON_GROEP": "NALP", "BRANDPROGRAMMA": "N", "BRANDPROGRAMMA_GROEP": "N" }, "geometry": { "type": "Point", "coordinates": [ 195657.753, 200271.169 ] } },
{ "type": "Feature", "properties": { "LOCATIENUMMER": "1331", "STATUS": "In dienst", "INTERACTIVITEIT": "Niet interactief", "LICHTBRON_GROEP": "NALP", "BRANDPROGRAMMA": "D22H6.30 (Doven)", "BRANDPROGRAMMA_GROEP": "DxxHyy DOV" }, "geometry": { "type": "Point", "coordinates": [ 195883.812, 200317.587 ] } },
{ "type": "Feature", "properties": { "LOCATIENUMMER": "1332", "STATUS": "In dienst", "INTERACTIVITEIT": "Niet interactief", "LICHTBRON_GROEP": "NALP", "BRANDPROGRAMMA": "D22H6.30 (Doven)", "BRANDPROGRAMMA_GROEP": "DxxHyy DOV" }, "geometry": { "type": "Point", "coordinates": [ 195921.687, 200323.073 ] } },
{ "type": "Feature", "properties": { "LOCATIENUMMER": "1334", "STATUS": "In dienst", "INTERACTIVITEIT": "Niet interactief", "LICHTBRON_GROEP": "NALP", "BRANDPROGRAMMA": "N", "BRANDPROGRAMMA_GROEP": "N" }, "geometry": { "type": "Point", "coordinates": [ 195847.082, 200311.774 ] } },
{ "type": "Feature", "properties": { "LOCATIENUMMER": "1333", "STATUS": "In dienst", "INTERACTIVITEIT": "Niet interactief", "LICHTBRON_GROEP": "NALP", "BRANDPROGRAMMA": "D22H6.30 (Doven)", "BRANDPROGRAMMA_GROEP": "DxxHyy DOV" }, "geometry": { "type": "Point", "coordinates": [ 195809.159000000014203, 200304.383 ] } },
{ "type": "Feature", "properties": { "LOCATIENUMMER": "1335", "STATUS": "In dienst", "INTERACTIVITEIT": "Niet interactief", "LICHTBRON_GROEP": "NALP", "BRANDPROGRAMMA": "D22H6.30 (Doven)", "BRANDPROGRAMMA_GROEP": "DxxHyy DOV" }, "geometry": { "type": "Point", "coordinates": [ 195772.063, 200295.526000000012573 ] } },
{ "type": "Feature", "properties": { "LOCATIENUMMER": "100", "STATUS": "In dienst", "INTERACTIVITEIT": "Interactief", "LICHTBRON_GROEP": "LED", "BRANDPROGRAMMA": "BPIV UNI 20-22-23/DIM/4-5-6 VRZA50", "BRANDPROGRAMMA_GROEP": "BPIV DIM" }, "geometry": { "type": "Point", "coordinates": [ 200625.419, 198041.59 ] } },
{ "type": "Feature", "properties": { "LOCATIENUMMER": "94", "STATUS": "In dienst", "INTERACTIVITEIT": "Interactief", "LICHTBRON_GROEP": "LED", "BRANDPROGRAMMA": "BPIV UNI 20-22-23/DIM/4-5-6 VRZA50", "BRANDPROGRAMMA_GROEP": "BPIV DIM" }, "geometry": { "type": "Point", "coordinates": [ 200420.345, 197987.758 ] } },
{ "type": "Feature", "properties": { "LOCATIENUMMER": "4523", "STATUS": "In dienst", "INTERACTIVITEIT": "Interactief", "LICHTBRON_GROEP": "LED", "BRANDPROGRAMMA": "BPIV UNI 20-22-23/DIM/4-5-6 VRZA50", "BRANDPROGRAMMA_GROEP": "BPIV DIM" }, "geometry": { "type": "Point", "coordinates": [ 200456.708000000013271, 197995.911 ] } },
{ "type": "Feature", "properties": { "LOCATIENUMMER": "97", "STATUS": "In dienst", "INTERACTIVITEIT": "Interactief", "LICHTBRON_GROEP": "LED", "BRANDPROGRAMMA": "BPIV UNI 20-22-23/DIM/4-5-6 VRZA50", "BRANDPROGRAMMA_GROEP": "BPIV DIM" }, "geometry": { "type": "Point", "coordinates": [ 200524.035, 198014.057999999989988 ] } },
{ "type": "Feature", "properties": { "LOCATIENUMMER": "3604", "STATUS": "In dienst", "INTERACTIVITEIT": "Niet interactief", "LICHTBRON_GROEP": "MHHP-QZ", "BRANDPROGRAMMA": "N", "BRANDPROGRAMMA_GROEP": "N" }, "geometry": { "type": "Point", "coordinates": [ 198687.464, 197473.700000000011642 ] } },
{ "type": "Feature", "properties": { "LOCATIENUMMER": "3602", "STATUS": "In dienst", "INTERACTIVITEIT": "Niet interactief", "LICHTBRON_GROEP": "MHHP-QZ", "BRANDPROGRAMMA": "D22H6.30 (Doven)", "BRANDPROGRAMMA_GROEP": "DxxHyy DOV" }, "geometry": { "type": "Point", "coordinates": [ 198649.476, 197571.166 ] } },
{ "type": "Feature", "properties": { "LOCATIENUMMER": "3586", "STATUS": "In dienst", "INTERACTIVITEIT": "Niet interactief", "LICHTBRON_GROEP": "MHHP-QZ", "BRANDPROGRAMMA": "D22H6.30 (Doven)", "BRANDPROGRAMMA_GROEP": "DxxHyy DOV" }, "geometry": { "type": "Point", "coordinates": [ 198599.666, 197674.09 ] } },
{ "type": "Feature", "properties": { "LOCATIENUMMER": "3587", "STATUS": "In dienst", "INTERACTIVITEIT": "Niet interactief", "LICHTBRON_GROEP": "MHHP-QZ", "BRANDPROGRAMMA": "N", "BRANDPROGRAMMA_GROEP": "N" }, "geometry": { "type": "Point", "coordinates": [ 198604.212999999988824, 197665.12599999998929 ] } },
{ "type": "Feature", "properties": { "LOCATIENUMMER": "3594", "STATUS": "In dienst", "INTERACTIVITEIT": "Niet interactief", "LICHTBRON_GROEP": "MHHP-QZ", "BRANDPROGRAMMA": "D22H6.30 (Doven)", "BRANDPROGRAMMA_GROEP": "DxxHyy DOV" }, "geometry": { "type": "Point", "coordinates": [ 198568.533, 197695.566 ] } },
{ "type": "Feature", "properties": { "LOCATIENUMMER": "3585", "STATUS": "In dienst", "INTERACTIVITEIT": "Niet interactief", "LICHTBRON_GROEP": "MHHP-QZ", "BRANDPROGRAMMA": "N", "BRANDPROGRAMMA_GROEP": "N" }, "geometry": { "type": "Point", "coordinates": [ 198586.509, 197701.310999999986961 ] } },
{ "type": "Feature", "properties": { "LOCATIENUMMER": "3593", "STATUS": "In dienst", "INTERACTIVITEIT": "Niet interactief", "LICHTBRON_GROEP": "MHHP-QZ", "BRANDPROGRAMMA": "D22H6.30 (Doven)", "BRANDPROGRAMMA_GROEP": "DxxHyy DOV" }, "geometry": { "type": "Point", "coordinates": [ 198534.817000000010012, 197680.434 ] } },
{ "type": "Feature", "properties": { "LOCATIENUMMER": "3589", "STATUS": "In dienst", "INTERACTIVITEIT": "Niet interactief", "LICHTBRON_GROEP": "MHHP-QZ", "BRANDPROGRAMMA": "D22H6.30 (Doven)", "BRANDPROGRAMMA_GROEP": "DxxHyy DOV" }, "geometry": { "type": "Point", "coordinates": [ 198574.138, 197726.712 ] } },
{ "type": "Feature", "properties": { "LOCATIENUMMER": "4344", "STATUS": "In dienst", "INTERACTIVITEIT": "Interactief", "LICHTBRON_GROEP": "LED", "BRANDPROGRAMMA": "D22 (Doven)", "BRANDPROGRAMMA_GROEP": "Dxx DOV" }, "geometry": { "type": "Point", "coordinates": [ 198478.651000000012573, 197659.24299999998766 ] } },
{ "type": "Feature", "properties": { "LOCATIENUMMER": "4345", "STATUS": "In dienst", "INTERACTIVITEIT": "Interactief", "LICHTBRON_GROEP": "LED", "BRANDPROGRAMMA": "D22 (Doven)", "BRANDPROGRAMMA_GROEP": "Dxx DOV" }, "geometry": { "type": "Point", "coordinates": [ 198457.152, 197636.284000000014203 ] } },
{ "type": "Feature", "properties": { "LOCATIENUMMER": "4334", "STATUS": "In dienst", "INTERACTIVITEIT": "Interactief", "LICHTBRON_GROEP": "LED", "BRANDPROGRAMMA": "D22 (Doven)", "BRANDPROGRAMMA_GROEP": "Dxx DOV" }, "geometry": { "type": "Point", "coordinates": [ 198438.878999999986263, 197727.462999999988824 ] } },
{ "type": "Feature", "properties": { "LOCATIENUMMER": "4336", "STATUS": "In dienst", "INTERACTIVITEIT": "Interactief", "LICHTBRON_GROEP": "LED", "BRANDPROGRAMMA": "D22 (Doven)", "BRANDPROGRAMMA_GROEP": "Dxx DOV" }, "geometry": { "type": "Point", "coordinates": [ 198420.806000000011409, 197699.094000000011874 ] } },
{ "type": "Feature", "properties": { "LOCATIENUMMER": "4339", "STATUS": "In dienst", "INTERACTIVITEIT": "Interactief", "LICHTBRON_GROEP": "LED", "BRANDPROGRAMMA": "D22 (Doven)", "BRANDPROGRAMMA_GROEP": "Dxx DOV" }, "geometry": { "type": "Point", "coordinates": [ 198454.714, 197741.47 ] } },
{ "type": "Feature", "properties": { "LOCATIENUMMER": "4342", "STATUS": "In dienst", "INTERACTIVITEIT": "Interactief", "LICHTBRON_GROEP": "LED", "BRANDPROGRAMMA": "D22 (Doven)", "BRANDPROGRAMMA_GROEP": "Dxx DOV" }, "geometry": { "type": "Point", "coordinates": [ 198451.909000000014203, 197688.518000000010943 ] } },
{ "type": "Feature", "properties": { "LOCATIENUMMER": "4343", "STATUS": "In dienst", "INTERACTIVITEIT": "Interactief", "LICHTBRON_GROEP": "LED", "BRANDPROGRAMMA": "D22 (Doven)", "BRANDPROGRAMMA_GROEP": "Dxx DOV" }, "geometry": { "type": "Point", "coordinates": [ 198467.147, 197680.541 ] } },
{ "type": "Feature", "properties": { "LOCATIENUMMER": "4353", "STATUS": "In dienst", "INTERACTIVITEIT": "Interactief", "LICHTBRON_GROEP": "LED", "BRANDPROGRAMMA": "D22 (Doven)", "BRANDPROGRAMMA_GROEP": "Dxx DOV" }, "geometry": { "type": "Point", "coordinates": [ 198440.854, 197655.899 ] } },
{ "type": "Feature", "properties": { "LOCATIENUMMER": "4354", "STATUS": "In dienst", "INTERACTIVITEIT": "Interactief", "LICHTBRON_GROEP": "LED", "BRANDPROGRAMMA": "D22 (Doven)", "BRANDPROGRAMMA_GROEP": "Dxx DOV" }, "geometry": { "type": "Point", "coordinates": [ 198430.041999999986729, 197676.555 ] } },
{ "type": "Feature", "properties": { "LOCATIENUMMER": "3590", "STATUS": "In dienst", "INTERACTIVITEIT": "Niet interactief", "LICHTBRON_GROEP": "MHHP-QZ", "BRANDPROGRAMMA": "N", "BRANDPROGRAMMA_GROEP": "N" }, "geometry": { "type": "Point", "coordinates": [ 198562.321999999985565, 197751.297 ] } },
{ "type": "Feature", "properties": { "LOCATIENUMMER": "3592", "STATUS": "In dienst", "INTERACTIVITEIT": "Niet interactief", "LICHTBRON_GROEP": "MHHP-QZ", "BRANDPROGRAMMA": "N", "BRANDPROGRAMMA_GROEP": "N" }, "geometry": { "type": "Point", "coordinates": [ 198505.794, 197679.11799999998766 ] } },
{ "type": "Feature", "properties": { "LOCATIENUMMER": "3591", "STATUS": "In dienst", "INTERACTIVITEIT": "Niet interactief", "LICHTBRON_GROEP": "MHHP-QZ", "BRANDPROGRAMMA": "D22H6.30 (Doven)", "BRANDPROGRAMMA_GROEP": "DxxHyy DOV" }, "geometry": { "type": "Point", "coordinates": [ 198547.082, 197782.704 ] } },
{ "type": "Feature", "properties": { "LOCATIENUMMER": "3606", "STATUS": "In dienst", "INTERACTIVITEIT": "Niet interactief", "LICHTBRON_GROEP": "MHHP-QZ", "BRANDPROGRAMMA": "N", "BRANDPROGRAMMA_GROEP": "N" }, "geometry": { "type": "Point", "coordinates": [ 198538.574, 197800.115 ] } },
{ "type": "Feature", "properties": { "LOCATIENUMMER": "3605", "STATUS": "In dienst", "INTERACTIVITEIT": "Niet interactief", "LICHTBRON_GROEP": "MHHP-QZ", "BRANDPROGRAMMA": "D22H6.30 (Doven)", "BRANDPROGRAMMA_GROEP": "DxxHyy DOV" }, "geometry": { "type": "Point", "coordinates": [ 198674.946999999985565, 197505.684 ] } },
{ "type": "Feature", "properties": { "LOCATIENUMMER": "3601", "STATUS": "In dienst", "INTERACTIVITEIT": "Niet interactief", "LICHTBRON_GROEP": "MHHP-QZ", "BRANDPROGRAMMA": "N", "BRANDPROGRAMMA_GROEP": "N" }, "geometry": { "type": "Point", "coordinates": [ 198663.307999999989988, 197535.557 ] } },
{ "type": "Feature", "properties": { "LOCATIENUMMER": "1181", "STATUS": "In dienst", "INTERACTIVITEIT": "Interactief", "LICHTBRON_GROEP": "LED", "BRANDPROGRAMMA": "BPIV UNI 20-22-23/DIM/4-5-6 VRZA50", "BRANDPROGRAMMA_GROEP": "BPIV DIM" }, "geometry": { "type": "Point", "coordinates": [ 195598.488000000012107, 199626.294 ] } },
{ "type": "Feature", "properties": { "LOCATIENUMMER": "1182", "STATUS": "In dienst", "INTERACTIVITEIT": "Interactief", "LICHTBRON_GROEP": "LED", "BRANDPROGRAMMA": "BPIV UNI 20-22-23/DIM/4-5-6 VRZA50", "BRANDPROGRAMMA_GROEP": "BPIV DIM" }, "geometry": { "type": "Point", "coordinates": [ 195617.223999999987427, 199619.318 ] } },
{ "type": "Feature", "properties": { "LOCATIENUMMER": "1183", "STATUS": "In dienst", "INTERACTIVITEIT": "Interactief", "LICHTBRON_GROEP": "LED", "BRANDPROGRAMMA": "BPIV UNI 20-22-23/DIM/4-5-6 VRZA50", "BRANDPROGRAMMA_GROEP": "BPIV DIM" }, "geometry": { "type": "Point", "coordinates": [ 195636.147999999986496, 199612.79 ] } },
{ "type": "Feature", "properties": { "LOCATIENUMMER": "1212", "STATUS": "In dienst", "INTERACTIVITEIT": "Niet interactief", "LICHTBRON_GROEP": "NAHP", "BRANDPROGRAMMA": "N", "BRANDPROGRAMMA_GROEP": "N" }, "geometry": { "type": "Point", "coordinates": [ 195756.958000000013271, 199577.924 ] } },
{ "type": "Feature", "properties": { "LOCATIENUMMER": "977", "STATUS": "In dienst", "INTERACTIVITEIT": "Interactief", "LICHTBRON_GROEP": "LED", "BRANDPROGRAMMA": "BPIV UNI 20-22-23/DIM/4-5-6 VRZA50", "BRANDPROGRAMMA_GROEP": "BPIV DIM" }, "geometry": { "type": "Point", "coordinates": [ 194196.577, 199271.227000000013504 ] } },
{ "type": "Feature", "properties": { "LOCATIENUMMER": "978", "STATUS": "In dienst", "INTERACTIVITEIT": "Interactief", "LICHTBRON_GROEP": "LED", "BRANDPROGRAMMA": "BPIV UNI 20-22-23/DIM/4-5-6 VRZA50", "BRANDPROGRAMMA_GROEP": "BPIV DIM" }, "geometry": { "type": "Point", "coordinates": [ 194219.869, 199273.807 ] } },
{ "type": "Feature", "properties": { "LOCATIENUMMER": "980", "STATUS": "In dienst", "INTERACTIVITEIT": "Interactief", "LICHTBRON_GROEP": "LED", "BRANDPROGRAMMA": "BPIV UNI 20-22-23/DIM/4-5-6 VRZA50", "BRANDPROGRAMMA_GROEP": "BPIV DIM" }, "geometry": { "type": "Point", "coordinates": [ 194250.899, 199215.184 ] } },
{ "type": "Feature", "properties": { "LOCATIENUMMER": "979", "STATUS": "In dienst", "INTERACTIVITEIT": "Interactief", "LICHTBRON_GROEP": "LED", "BRANDPROGRAMMA": "BPIV UNI 20-22-23/DIM/4-5-6 VRZA50", "BRANDPROGRAMMA_GROEP": "BPIV DIM" }, "geometry": { "type": "Point", "coordinates": [ 194225.418, 199241.631 ] } },
{ "type": "Feature", "properties": { "LOCATIENUMMER": "981", "STATUS": "In dienst", "INTERACTIVITEIT": "Interactief", "LICHTBRON_GROEP": "LED", "BRANDPROGRAMMA": "BPIV UNI 20-22-23/DIM/4-5-6 VRZA50", "BRANDPROGRAMMA_GROEP": "BPIV DIM" }, "geometry": { "type": "Point", "coordinates": [ 194287.225, 199179.22 ] } },
{ "type": "Feature", "properties": { "LOCATIENUMMER": "2278", "STATUS": "In dienst", "INTERACTIVITEIT": "Interactief", "LICHTBRON_GROEP": "LED", "BRANDPROGRAMMA": "BPIV UNI 20-22-23/DIM/4-5-6 VRZA50", "BRANDPROGRAMMA_GROEP": "BPIV DIM" }, "geometry": { "type": "Point", "coordinates": [ 192857.066, 194129.389 ] } },
{ "type": "Feature", "properties": { "LOCATIENUMMER": "2279", "STATUS": "In dienst", "INTERACTIVITEIT": "Interactief", "LICHTBRON_GROEP": "LED", "BRANDPROGRAMMA": "BPIV UNI 20-22-23/DIM/4-5-6 VRZA50", "BRANDPROGRAMMA_GROEP": "BPIV DIM" }, "geometry": { "type": "Point", "coordinates": [ 192888.76500000001397, 194139.574 ] } },
{ "type": "Feature", "properties": { "LOCATIENUMMER": "2280", "STATUS": "In dienst", "INTERACTIVITEIT": "Interactief", "LICHTBRON_GROEP": "LED", "BRANDPROGRAMMA": "BPIV UNI 20-22-23/DIM/4-5-6 VRZA50", "BRANDPROGRAMMA_GROEP": "BPIV DIM" }, "geometry": { "type": "Point", "coordinates": [ 192922.158, 194150.428000000014435 ] } },
{ "type": "Feature", "properties": { "LOCATIENUMMER": "2299", "STATUS": "In dienst", "INTERACTIVITEIT": "Interactief", "LICHTBRON_GROEP": "LED", "BRANDPROGRAMMA": "BPIV UNI 20-22-23/DIM/4-5-6 VRZA50", "BRANDPROGRAMMA_GROEP": "BPIV DIM" }, "geometry": { "type": "Point", "coordinates": [ 192934.135, 194150.616 ] } },
{ "type": "Feature", "properties": { "LOCATIENUMMER": "2301", "STATUS": "In dienst", "INTERACTIVITEIT": "Interactief", "LICHTBRON_GROEP": "LED", "BRANDPROGRAMMA": "BPIV UNI 20-22-23/DIM/4-5-6 VRZA50", "BRANDPROGRAMMA_GROEP": "BPIV DIM" }, "geometry": { "type": "Point", "coordinates": [ 192961.971, 194071.173 ] } },
{ "type": "Feature", "properties": { "LOCATIENUMMER": "2302", "STATUS": "In dienst", "INTERACTIVITEIT": "Interactief", "LICHTBRON_GROEP": "LED", "BRANDPROGRAMMA": "BPIV UNI 20-22-23/DIM/4-5-6 VRZA50", "BRANDPROGRAMMA_GROEP": "BPIV DIM" }, "geometry": { "type": "Point", "coordinates": [ 192929.003, 194060.442000000010012 ] } },
{ "type": "Feature", "properties": { "LOCATIENUMMER": "1631", "STATUS": "In dienst", "INTERACTIVITEIT": "Interactief", "LICHTBRON_GROEP": "LED", "BRANDPROGRAMMA": "BPIV UNI 20-22-23/DIM/4-5-6 VRZA50", "BRANDPROGRAMMA_GROEP": "BPIV DIM" }, "geometry": { "type": "Point", "coordinates": [ 192897.904, 194051.312 ] } },
{ "type": "Feature", "properties": { "LOCATIENUMMER": "1630", "STATUS": "In dienst", "INTERACTIVITEIT": "Interactief", "LICHTBRON_GROEP": "LED", "BRANDPROGRAMMA": "BPIV UNI 20-22-23/DIM/4-5-6 VRZA50", "BRANDPROGRAMMA_GROEP": "BPIV DIM" }, "geometry": { "type": "Point", "coordinates": [ 192858.727000000013504, 194038.688 ] } },
{ "type": "Feature", "properties": { "LOCATIENUMMER": "4291", "STATUS": "In dienst", "INTERACTIVITEIT": "Niet interactief", "LICHTBRON_GROEP": "NAHP", "BRANDPROGRAMMA": "D22H6.30 (Doven)", "BRANDPROGRAMMA_GROEP": "DxxHyy DOV" }, "geometry": { "type": "Point", "coordinates": [ 196147.441, 196913.212 ] } },
{ "type": "Feature", "properties": { "LOCATIENUMMER": "4292", "STATUS": "In dienst", "INTERACTIVITEIT": "Niet interactief", "LICHTBRON_GROEP": "NAHP", "BRANDPROGRAMMA": "D22H6.30 (Doven)", "BRANDPROGRAMMA_GROEP": "DxxHyy DOV" }, "geometry": { "type": "Point", "coordinates": [ 196138.225, 196943.772999999986496 ] } },
{ "type": "Feature", "properties": { "LOCATIENUMMER": "3428", "STATUS": "In dienst", "INTERACTIVITEIT": "Niet interactief", "LICHTBRON_GROEP": "LED", "BRANDPROGRAMMA": "N", "BRANDPROGRAMMA_GROEP": "N" }, "geometry": { "type": "Point", "coordinates": [ 195755.598, 196947.72 ] } },
{ "type": "Feature", "properties": { "LOCATIENUMMER": "3429", "STATUS": "In dienst", "INTERACTIVITEIT": "Niet interactief", "LICHTBRON_GROEP": "LED", "BRANDPROGRAMMA": "N", "BRANDPROGRAMMA_GROEP": "N" }, "geometry": { "type": "Point", "coordinates": [ 195751.886, 196971.489 ] } },
{ "type": "Feature", "properties": { "LOCATIENUMMER": "3364", "STATUS": "In dienst", "INTERACTIVITEIT": "Interactief", "LICHTBRON_GROEP": "LED", "BRANDPROGRAMMA": "BPIV UNI 20-22-23/DIM/4-5-6 VRZA50", "BRANDPROGRAMMA_GROEP": "BPIV DIM" }, "geometry": { "type": "Point", "coordinates": [ 195844.25, 196955.008 ] } },
{ "type": "Feature", "properties": { "LOCATIENUMMER": "3365", "STATUS": "In dienst", "INTERACTIVITEIT": "Interactief", "LICHTBRON_GROEP": "LED", "BRANDPROGRAMMA": "BPIV UNI 20-22-23/DIM/4-5-6 VRZA50", "BRANDPROGRAMMA_GROEP": "BPIV DIM" }, "geometry": { "type": "Point", "coordinates": [ 195891.54, 196954.309 ] } },
{ "type": "Feature", "properties": { "LOCATIENUMMER": "3366", "STATUS": "In dienst", "INTERACTIVITEIT": "Interactief", "LICHTBRON_GROEP": "LED", "BRANDPROGRAMMA": "BPIV UNI 20-22-23/DIM/4-5-6 VRZA50", "BRANDPROGRAMMA_GROEP": "BPIV DIM" }, "geometry": { "type": "Point", "coordinates": [ 195942.977000000013504, 196953.191 ] } },
{ "type": "Feature", "properties": { "LOCATIENUMMER": "3367", "STATUS": "In dienst", "INTERACTIVITEIT": "Interactief", "LICHTBRON_GROEP": "LED", "BRANDPROGRAMMA": "BPIV UNI 20-22-23/DIM/4-5-6 VRZA50", "BRANDPROGRAMMA_GROEP": "BPIV DIM" }, "geometry": { "type": "Point", "coordinates": [ 195980.96, 196953.806000000011409 ] } },
{ "type": "Feature", "properties": { "LOCATIENUMMER": "3372", "STATUS": "In dienst", "INTERACTIVITEIT": "Interactief", "LICHTBRON_GROEP": "LED", "BRANDPROGRAMMA": "BPIV UNI 20-22-23/DIM/4-5-6 VRZA50", "BRANDPROGRAMMA_GROEP": "BPIV DIM" }, "geometry": { "type": "Point", "coordinates": [ 195990.206, 196904.829 ] } },
{ "type": "Feature", "properties": { "LOCATIENUMMER": "3369", "STATUS": "In dienst", "INTERACTIVITEIT": "Interactief", "LICHTBRON_GROEP": "LED", "BRANDPROGRAMMA": "BPIV UNI 20-22-23/DIM/4-5-6 VRZA50", "BRANDPROGRAMMA_GROEP": "BPIV DIM" }, "geometry": { "type": "Point", "coordinates": [ 196015.867, 196956.079 ] } },
{ "type": "Feature", "properties": { "LOCATIENUMMER": "3370", "STATUS": "In dienst", "INTERACTIVITEIT": "Interactief", "LICHTBRON_GROEP": "LED", "BRANDPROGRAMMA": "BPIV UNI 20-22-23/DIM/4-5-6 VRZA50", "BRANDPROGRAMMA_GROEP": "BPIV DIM" }, "geometry": { "type": "Point", "coordinates": [ 196050.730000000010477, 196959.885 ] } },
{ "type": "Feature", "properties": { "LOCATIENUMMER": "3368", "STATUS": "In dienst", "INTERACTIVITEIT": "Interactief", "LICHTBRON_GROEP": "LED", "BRANDPROGRAMMA": "BPIV UNI 20-22-23/DIM/4-5-6 VRZA50", "BRANDPROGRAMMA_GROEP": "BPIV DIM" }, "geometry": { "type": "Point", "coordinates": [ 196096.909000000014203, 196968.26500000001397 ] } },
{ "type": "Feature", "properties": { "LOCATIENUMMER": "3371", "STATUS": "In dienst", "INTERACTIVITEIT": "Interactief", "LICHTBRON_GROEP": "LED", "BRANDPROGRAMMA": "BPIV UNI 20-22-23/DIM/4-5-6 VRZA50", "BRANDPROGRAMMA_GROEP": "BPIV DIM" }, "geometry": { "type": "Point", "coordinates": [ 196127.549, 196975.393000000010943 ] } },
{ "type": "Feature", "properties": { "LOCATIENUMMER": "3460", "STATUS": "In dienst", "INTERACTIVITEIT": "Interactief", "LICHTBRON_GROEP": "LED", "BRANDPROGRAMMA": "BPIV UNI 20-22-23/DIM/4-5-6 VRZA50", "BRANDPROGRAMMA_GROEP": "BPIV DIM" }, "geometry": { "type": "Point", "coordinates": [ 196176.584, 196989.704 ] } },
{ "type": "Feature", "properties": { "LOCATIENUMMER": "3459", "STATUS": "In dienst", "INTERACTIVITEIT": "Interactief", "LICHTBRON_GROEP": "LED", "BRANDPROGRAMMA": "BPIV UNI 20-22-23/DIM/4-5-6 VRZA50", "BRANDPROGRAMMA_GROEP": "BPIV DIM" }, "geometry": { "type": "Point", "coordinates": [ 196219.839, 197002.181000000011409 ] } },
{ "type": "Feature", "properties": { "LOCATIENUMMER": "3363", "STATUS": "In dienst", "INTERACTIVITEIT": "Interactief", "LICHTBRON_GROEP": "LED", "BRANDPROGRAMMA": "BPIV UNI 20-22-23/DIM/4-5-6 VRZA50", "BRANDPROGRAMMA_GROEP": "BPIV DIM" }, "geometry": { "type": "Point", "coordinates": [ 195801.548, 196945.067000000010012 ] } },
{ "type": "Feature", "properties": { "LOCATIENUMMER": "3773", "STATUS": "In dienst", "INTERACTIVITEIT": "Interactief", "LICHTBRON_GROEP": "LED", "BRANDPROGRAMMA": "BPIV UNI 20-22-23/DIM/4-5-6 VRZA50", "BRANDPROGRAMMA_GROEP": "BPIV DIM" }, "geometry": { "type": "Point", "coordinates": [ 196267.818999999988591, 197015.774 ] } },
{ "type": "Feature", "properties": { "LOCATIENUMMER": "3774", "STATUS": "In dienst", "INTERACTIVITEIT": "Interactief", "LICHTBRON_GROEP": "LED", "BRANDPROGRAMMA": "BPIV UNI 20-22-23/DIM/4-5-6 VRZA50", "BRANDPROGRAMMA_GROEP": "BPIV DIM" }, "geometry": { "type": "Point", "coordinates": [ 196311.473, 197028.454999999987194 ] } },
{ "type": "Feature", "properties": { "LOCATIENUMMER": "3775", "STATUS": "In dienst", "INTERACTIVITEIT": "Interactief", "LICHTBRON_GROEP": "LED", "BRANDPROGRAMMA": "BPIV UNI 20-22-23/DIM/4-5-6 VRZA50", "BRANDPROGRAMMA_GROEP": "BPIV DIM" }, "geometry": { "type": "Point", "coordinates": [ 196351.567000000010012, 197039.912000000011176 ] } },
{ "type": "Feature", "properties": { "LOCATIENUMMER": "4628", "STATUS": "In dienst", "INTERACTIVITEIT": "Interactief", "LICHTBRON_GROEP": "LED", "BRANDPROGRAMMA": "BPIV UNI 20-22-23/DIM/4-5-6 VRZA50", "BRANDPROGRAMMA_GROEP": "BPIV DIM" }, "geometry": { "type": "Point", "coordinates": [ 196384.022999999986496, 197019.434 ] } },
{ "type": "Feature", "properties": { "LOCATIENUMMER": "3776", "STATUS": "In dienst", "INTERACTIVITEIT": "Interactief", "LICHTBRON_GROEP": "LED", "BRANDPROGRAMMA": "BPIV UNI 20-22-23/DIM/4-5-6 VRZA50", "BRANDPROGRAMMA_GROEP": "BPIV DIM" }, "geometry": { "type": "Point", "coordinates": [ 196387.053000000014435, 197050.067000000010012 ] } },
{ "type": "Feature", "properties": { "LOCATIENUMMER": "3777", "STATUS": "In dienst", "INTERACTIVITEIT": "Interactief", "LICHTBRON_GROEP": "LED", "BRANDPROGRAMMA": "BPIV UNI 20-22-23/DIM/4-5-6 VRZA50", "BRANDPROGRAMMA_GROEP": "BPIV DIM" }, "geometry": { "type": "Point", "coordinates": [ 196424.358, 197060.299999999988358 ] } },
{ "type": "Feature", "properties": { "LOCATIENUMMER": "3507", "STATUS": "In dienst", "INTERACTIVITEIT": "Interactief-ready", "LICHTBRON_GROEP": "LED", "BRANDPROGRAMMA": "N", "BRANDPROGRAMMA_GROEP": "N" }, "geometry": { "type": "Point", "coordinates": [ 196256.992, 197041.432999999989988 ] } },
{ "type": "Feature", "properties": { "LOCATIENUMMER": "3778", "STATUS": "In dienst", "INTERACTIVITEIT": "Interactief", "LICHTBRON_GROEP": "LED", "BRANDPROGRAMMA": "BPIV UNI 20-22-23/DIM/4-5-6 VRZA50", "BRANDPROGRAMMA_GROEP": "BPIV DIM" }, "geometry": { "type": "Point", "coordinates": [ 196462.259, 197071.171 ] } },
{ "type": "Feature", "properties": { "LOCATIENUMMER": "3779", "STATUS": "In dienst", "INTERACTIVITEIT": "Interactief", "LICHTBRON_GROEP": "LED", "BRANDPROGRAMMA": "BPIV UNI 20-22-23/DIM/4-5-6 VRZA50", "BRANDPROGRAMMA_GROEP": "BPIV DIM" }, "geometry": { "type": "Point", "coordinates": [ 196492.627, 197079.891 ] } },
{ "type": "Feature", "properties": { "LOCATIENUMMER": "3759", "STATUS": "Geplaatst", "INTERACTIVITEIT": "Interactief", "LICHTBRON_GROEP": "LED", "BRANDPROGRAMMA": "BPIV UNI 20-22-23/DIM/4-5-6 VRZA50", "BRANDPROGRAMMA_GROEP": "BPIV DIM" }, "geometry": { "type": "Point", "coordinates": [ 196611.488000000012107, 197482.700000000011642 ] } },
{ "type": "Feature", "properties": { "LOCATIENUMMER": "4625", "STATUS": "In dienst", "INTERACTIVITEIT": "Interactief", "LICHTBRON_GROEP": "LED", "BRANDPROGRAMMA": "BPIV KMO 19-22-23/DIM/4-5-6 VRZA50", "BRANDPROGRAMMA_GROEP": "BPIV DIM" }, "geometry": { "type": "Point", "coordinates": [ 196626.769999999989523, 197440.066 ] } },
{ "type": "Feature", "properties": { "LOCATIENUMMER": "3761", "STATUS": "Geplaatst", "INTERACTIVITEIT": "Interactief", "LICHTBRON_GROEP": "LED", "BRANDPROGRAMMA": "BPIV UNI 20-22-23/DIM/4-5-6 VRZA50", "BRANDPROGRAMMA_GROEP": "BPIV DIM" }, "geometry": { "type": "Point", "coordinates": [ 196654.074, 197363.245 ] } },
{ "type": "Feature", "properties": { "LOCATIENUMMER": "3771", "STATUS": "In dienst", "INTERACTIVITEIT": "Interactief", "LICHTBRON_GROEP": "LED", "BRANDPROGRAMMA": "BPIV UNI 20-22-23/DIM/4-5-6 VRZA50", "BRANDPROGRAMMA_GROEP": "BPIV DIM" }, "geometry": { "type": "Point", "coordinates": [ 196680.941, 197286.587 ] } },
{ "type": "Feature", "properties": { "LOCATIENUMMER": "3772", "STATUS": "Geplaatst", "INTERACTIVITEIT": "Interactief", "LICHTBRON_GROEP": "LED", "BRANDPROGRAMMA": "BPIV UNI 20-22-23/DIM/4-5-6 VRZA50", "BRANDPROGRAMMA_GROEP": "BPIV DIM" }, "geometry": { "type": "Point", "coordinates": [ 196667.845, 197323.345 ] } },
{ "type": "Feature", "properties": { "LOCATIENUMMER": "3769", "STATUS": "Geplaatst", "INTERACTIVITEIT": "Interactief", "LICHTBRON_GROEP": "LED", "BRANDPROGRAMMA": "BPIV UNI 20-22-23/DIM/4-5-6 VRZA50", "BRANDPROGRAMMA_GROEP": "BPIV DIM" }, "geometry": { "type": "Point", "coordinates": [ 196702.163, 197222.5 ] } },
{ "type": "Feature", "properties": { "LOCATIENUMMER": "3756", "STATUS": "Geplaatst", "INTERACTIVITEIT": "Interactief", "LICHTBRON_GROEP": "LED", "BRANDPROGRAMMA": "BPIV UNI 20-22-23/DIM/4-5-6 VRZA50", "BRANDPROGRAMMA_GROEP": "BPIV DIM" }, "geometry": { "type": "Point", "coordinates": [ 196500.514, 197439.564000000013039 ] } },
{ "type": "Feature", "properties": { "LOCATIENUMMER": "4235", "STATUS": "In dienst", "INTERACTIVITEIT": "Niet interactief", "LICHTBRON_GROEP": "NALP", "BRANDPROGRAMMA": "D23H5 (Doven)", "BRANDPROGRAMMA_GROEP": "DxxHyy DOV" }, "geometry": { "type": "Point", "coordinates": [ 193397.29, 199017.975 ] } },
{ "type": "Feature", "properties": { "LOCATIENUMMER": "4240", "STATUS": "In dienst", "INTERACTIVITEIT": "Niet interactief", "LICHTBRON_GROEP": "NAHP", "BRANDPROGRAMMA": "N", "BRANDPROGRAMMA_GROEP": "N" }, "geometry": { "type": "Point", "coordinates": [ 193198.61799999998766, 198924.371000000013737 ] } },
{ "type": "Feature", "properties": { "LOCATIENUMMER": "2038", "STATUS": "In dienst", "INTERACTIVITEIT": "Interactief", "LICHTBRON_GROEP": "LED", "BRANDPROGRAMMA": "BPIV UNI 20-22-23/DIM/4-5-6 VRZA50", "BRANDPROGRAMMA_GROEP": "BPIV DIM" }, "geometry": { "type": "Point", "coordinates": [ 192175.758, 195811.899 ] } },
{ "type": "Feature", "properties": { "LOCATIENUMMER": "4207", "STATUS": "In dienst", "INTERACTIVITEIT": "Interactief", "LICHTBRON_GROEP": "LED", "BRANDPROGRAMMA": "BPIV UNI 20-22-23/DIM/4-5-6 VRZA50", "BRANDPROGRAMMA_GROEP": "BPIV DIM" }, "geometry": { "type": "Point", "coordinates": [ 192026.741, 195757.314000000013039 ] } },
{ "type": "Feature", "properties": { "LOCATIENUMMER": "1750", "STATUS": "In dienst", "INTERACTIVITEIT": "Interactief", "LICHTBRON_GROEP": "LED", "BRANDPROGRAMMA": "BPIV UNI 20-22-23/DIM/4-5-6 VRZA50", "BRANDPROGRAMMA_GROEP": "BPIV DIM" }, "geometry": { "type": "Point", "coordinates": [ 193229.715999999985797, 196156.274 ] } },
{ "type": "Feature", "properties": { "LOCATIENUMMER": "1751", "STATUS": "In dienst", "INTERACTIVITEIT": "Interactief", "LICHTBRON_GROEP": "LED", "BRANDPROGRAMMA": "BPIV UNI 20-22-23/DIM/4-5-6 VRZA50", "BRANDPROGRAMMA_GROEP": "BPIV DIM" }, "geometry": { "type": "Point", "coordinates": [ 193271.682999999989988, 196155.516 ] } },
{ "type": "Feature", "properties": { "LOCATIENUMMER": "2036", "STATUS": "In dienst", "INTERACTIVITEIT": "Interactief", "LICHTBRON_GROEP": "LED", "BRANDPROGRAMMA": "BPIV UNI 20-22-23/DIM/4-5-6 VRZA50", "BRANDPROGRAMMA_GROEP": "BPIV DIM" }, "geometry": { "type": "Point", "coordinates": [ 192253.285, 195808.25099999998929 ] } },
{ "type": "Feature", "properties": { "LOCATIENUMMER": "2034", "STATUS": "In dienst", "INTERACTIVITEIT": "Interactief", "LICHTBRON_GROEP": "LED", "BRANDPROGRAMMA": "BPIV UNI 20-22-23/DIM/4-5-6 VRZA50", "BRANDPROGRAMMA_GROEP": "BPIV DIM" }, "geometry": { "type": "Point", "coordinates": [ 192342.666, 195807.136999999987893 ] } },
{ "type": "Feature", "properties": { "LOCATIENUMMER": "2046", "STATUS": "In dienst", "INTERACTIVITEIT": "Interactief-ready", "LICHTBRON_GROEP": "LED", "BRANDPROGRAMMA": "D22H6.30 (Doven)", "BRANDPROGRAMMA_GROEP": "DxxHyy DOV" }, "geometry": { "type": "Point", "coordinates": [ 192365.706, 195769.546 ] } },
{ "type": "Feature", "properties": { "LOCATIENUMMER": "2047", "STATUS": "In dienst", "INTERACTIVITEIT": "Interactief-ready", "LICHTBRON_GROEP": "LED", "BRANDPROGRAMMA": "N", "BRANDPROGRAMMA_GROEP": "N" }, "geometry": { "type": "Point", "coordinates": [ 192351.12599999998929, 195782.26 ] } },
{ "type": "Feature", "properties": { "LOCATIENUMMER": "2048", "STATUS": "In dienst", "INTERACTIVITEIT": "Interactief-ready", "LICHTBRON_GROEP": "LED", "BRANDPROGRAMMA": "N", "BRANDPROGRAMMA_GROEP": "N" }, "geometry": { "type": "Point", "coordinates": [ 192339.367, 195791.443999999988591 ] } },
{ "type": "Feature", "properties": { "LOCATIENUMMER": "2049", "STATUS": "In dienst", "INTERACTIVITEIT": "Interactief-ready", "LICHTBRON_GROEP": "LED", "BRANDPROGRAMMA": "N", "BRANDPROGRAMMA_GROEP": "N" }, "geometry": { "type": "Point", "coordinates": [ 192348.981, 195770.60999999998603 ] } },
{ "type": "Feature", "properties": { "LOCATIENUMMER": "2045", "STATUS": "In dienst", "INTERACTIVITEIT": "Interactief-ready", "LICHTBRON_GROEP": "LED", "BRANDPROGRAMMA": "N", "BRANDPROGRAMMA_GROEP": "N" }, "geometry": { "type": "Point", "coordinates": [ 192389.307999999989988, 195776.136 ] } },
{ "type": "Feature", "properties": { "LOCATIENUMMER": "2009", "STATUS": "In dienst", "INTERACTIVITEIT": "Interactief", "LICHTBRON_GROEP": "LED", "BRANDPROGRAMMA": "BPIV UNI 20-22-23/DIM/4-5-6 VRZA50", "BRANDPROGRAMMA_GROEP": "BPIV DIM" }, "geometry": { "type": "Point", "coordinates": [ 192425.450000000011642, 195818.537000000011176 ] } },
{ "type": "Feature", "properties": { "LOCATIENUMMER": "2044", "STATUS": "In dienst", "INTERACTIVITEIT": "Interactief-ready", "LICHTBRON_GROEP": "LED", "BRANDPROGRAMMA": "D22H6.30 (Doven)", "BRANDPROGRAMMA_GROEP": "DxxHyy DOV" }, "geometry": { "type": "Point", "coordinates": [ 192399.028, 195762.598999999987427 ] } },
{ "type": "Feature", "properties": { "LOCATIENUMMER": "2050", "STATUS": "In dienst", "INTERACTIVITEIT": "Interactief-ready", "LICHTBRON_GROEP": "LED", "BRANDPROGRAMMA": "N", "BRANDPROGRAMMA_GROEP": "N" }, "geometry": { "type": "Point", "coordinates": [ 192353.446, 195749.529 ] } },
{ "type": "Feature", "properties": { "LOCATIENUMMER": "2021", "STATUS": "In dienst", "INTERACTIVITEIT": "Interactief", "LICHTBRON_GROEP": "LED", "BRANDPROGRAMMA": "BPIV UNI 20-22-23/DIM/4-5-6 VRZA50", "BRANDPROGRAMMA_GROEP": "BPIV DIM" }, "geometry": { "type": "Point", "coordinates": [ 192467.65, 195887.729 ] } },
{ "type": "Feature", "properties": { "LOCATIENUMMER": "2041", "STATUS": "In dienst", "INTERACTIVITEIT": "Interactief-ready", "LICHTBRON_GROEP": "LED", "BRANDPROGRAMMA": "D22H6.30 (Doven)", "BRANDPROGRAMMA_GROEP": "DxxHyy DOV" }, "geometry": { "type": "Point", "coordinates": [ 192484.057999999989988, 195838.191 ] } },
{ "type": "Feature", "properties": { "LOCATIENUMMER": "2040", "STATUS": "In dienst", "INTERACTIVITEIT": "Interactief", "LICHTBRON_GROEP": "LED", "BRANDPROGRAMMA": "BPIV UNI 20-22-23/DIM/4-5-6 VRZA50", "BRANDPROGRAMMA_GROEP": "BPIV DIM" }, "geometry": { "type": "Point", "coordinates": [ 192101.451, 195793.079999999987194 ] } },
{ "type": "Feature", "properties": { "LOCATIENUMMER": "2023", "STATUS": "In dienst", "INTERACTIVITEIT": "Interactief", "LICHTBRON_GROEP": "LED", "BRANDPROGRAMMA": "BPIV UNI 20-22-23/DIM/4-5-6 VRZA50", "BRANDPROGRAMMA_GROEP": "BPIV DIM" }, "geometry": { "type": "Point", "coordinates": [ 192529.922, 195934.468 ] } },
{ "type": "Feature", "properties": { "LOCATIENUMMER": "2026", "STATUS": "In dienst", "INTERACTIVITEIT": "Interactief", "LICHTBRON_GROEP": "LED", "BRANDPROGRAMMA": "BPIV UNI 20-22-23/DIM/4-5-6 VRZA50", "BRANDPROGRAMMA_GROEP": "BPIV DIM" }, "geometry": { "type": "Point", "coordinates": [ 192637.192000000010012, 195980.209 ] } },
{ "type": "Feature", "properties": { "LOCATIENUMMER": "2028", "STATUS": "In dienst", "INTERACTIVITEIT": "Interactief", "LICHTBRON_GROEP": "LED", "BRANDPROGRAMMA": "BPIV UNI 20-22-23/DIM/4-5-6 VRZA50", "BRANDPROGRAMMA_GROEP": "BPIV DIM" }, "geometry": { "type": "Point", "coordinates": [ 192709.294, 196007.609 ] } },
{ "type": "Feature", "properties": { "LOCATIENUMMER": "2236", "STATUS": "In dienst", "INTERACTIVITEIT": "Niet interactief", "LICHTBRON_GROEP": "MHHP-QZ", "BRANDPROGRAMMA": "N", "BRANDPROGRAMMA_GROEP": "N" }, "geometry": { "type": "Point", "coordinates": [ 192730.848, 195979.371000000013737 ] } },
{ "type": "Feature", "properties": { "LOCATIENUMMER": "4205", "STATUS": "In dienst", "INTERACTIVITEIT": "Interactief", "LICHTBRON_GROEP": "LED", "BRANDPROGRAMMA": "BPIV UNI 20-22-23/DIM/4-5-6 VRZA50", "BRANDPROGRAMMA_GROEP": "BPIV DIM" }, "geometry": { "type": "Point", "coordinates": [ 191942.942000000010012, 195741.718 ] } },
{ "type": "Feature", "properties": { "LOCATIENUMMER": "2031", "STATUS": "In dienst", "INTERACTIVITEIT": "Interactief", "LICHTBRON_GROEP": "LED", "BRANDPROGRAMMA": "BPIV UNI 20-22-23/DIM/4-5-6 VRZA50", "BRANDPROGRAMMA_GROEP": "BPIV DIM" }, "geometry": { "type": "Point", "coordinates": [ 192824.761999999987893, 196053.446999999985565 ] } },
{ "type": "Feature", "properties": { "LOCATIENUMMER": "1724", "STATUS": "In dienst", "INTERACTIVITEIT": "Interactief", "LICHTBRON_GROEP": "LED", "BRANDPROGRAMMA": "BPIV UNI 20-22-23/DIM/4-5-6 VRZA50", "BRANDPROGRAMMA_GROEP": "BPIV DIM" }, "geometry": { "type": "Point", "coordinates": [ 192981.554, 196138.532 ] } },
{ "type": "Feature", "properties": { "LOCATIENUMMER": "1753", "STATUS": "In dienst", "INTERACTIVITEIT": "Interactief", "LICHTBRON_GROEP": "LED", "BRANDPROGRAMMA": "BPIV UNI 20-22-23/DIM/4-5-6 VRZA50", "BRANDPROGRAMMA_GROEP": "BPIV DIM" }, "geometry": { "type": "Point", "coordinates": [ 193021.852000000013504, 196153.783 ] } },
{ "type": "Feature", "properties": { "LOCATIENUMMER": "3882", "STATUS": "In dienst", "INTERACTIVITEIT": "Interactief", "LICHTBRON_GROEP": "LED", "BRANDPROGRAMMA": "BPIV UNI 20-22-23/DIM/4-5-6 VRZA50", "BRANDPROGRAMMA_GROEP": "BPIV DIM" }, "geometry": { "type": "Point", "coordinates": [ 193036.65, 196136.307 ] } },
{ "type": "Feature", "properties": { "LOCATIENUMMER": "1754", "STATUS": "In dienst", "INTERACTIVITEIT": "Interactief", "LICHTBRON_GROEP": "LED", "BRANDPROGRAMMA": "BPIV UNI 20-22-23/DIM/4-5-6 VRZA50", "BRANDPROGRAMMA_GROEP": "BPIV DIM" }, "geometry": { "type": "Point", "coordinates": [ 193063.721, 196168.74900000001071 ] } },
{ "type": "Feature", "properties": { "LOCATIENUMMER": "1755", "STATUS": "In dienst", "INTERACTIVITEIT": "Interactief", "LICHTBRON_GROEP": "LED", "BRANDPROGRAMMA": "BPIV UNI 20-22-23/DIM/4-5-6 VRZA50", "BRANDPROGRAMMA_GROEP": "BPIV DIM" }, "geometry": { "type": "Point", "coordinates": [ 193104.577, 196172.864 ] } },
{ "type": "Feature", "properties": { "LOCATIENUMMER": "1722", "STATUS": "In dienst", "INTERACTIVITEIT": "Interactief", "LICHTBRON_GROEP": "LED", "BRANDPROGRAMMA": "BPIV UNI 20-22-23/DIM/4-5-6 VRZA50", "BRANDPROGRAMMA_GROEP": "BPIV DIM" }, "geometry": { "type": "Point", "coordinates": [ 192905.335, 196105.25700000001234 ] } },
{ "type": "Feature", "properties": { "LOCATIENUMMER": "4212", "STATUS": "In dienst", "INTERACTIVITEIT": "Niet interactief", "LICHTBRON_GROEP": "NALP", "BRANDPROGRAMMA": "N", "BRANDPROGRAMMA_GROEP": "N" }, "geometry": { "type": "Point", "coordinates": [ 192002.214, 195776.885 ] } },
{ "type": "Feature", "properties": { "LOCATIENUMMER": "1756", "STATUS": "In dienst", "INTERACTIVITEIT": "Interactief", "LICHTBRON_GROEP": "LED", "BRANDPROGRAMMA": "BPIV UNI 20-22-23/DIM/4-5-6 VRZA50", "BRANDPROGRAMMA_GROEP": "BPIV DIM" }, "geometry": { "type": "Point", "coordinates": [ 193145.928000000014435, 196166.491 ] } },
{ "type": "Feature", "properties": { "LOCATIENUMMER": "1757", "STATUS": "In dienst", "INTERACTIVITEIT": "Interactief", "LICHTBRON_GROEP": "LED", "BRANDPROGRAMMA": "BPIV UNI 20-22-23/DIM/4-5-6 VRZA50", "BRANDPROGRAMMA_GROEP": "BPIV DIM" }, "geometry": { "type": "Point", "coordinates": [ 193176.981999999989057, 196142.24 ] } },
{ "type": "Feature", "properties": { "LOCATIENUMMER": "1749", "STATUS": "In dienst", "INTERACTIVITEIT": "Interactief", "LICHTBRON_GROEP": "LED", "BRANDPROGRAMMA": "BPIV UNI 20-22-23/DIM/4-5-6 VRZA50", "BRANDPROGRAMMA_GROEP": "BPIV DIM" }, "geometry": { "type": "Point", "coordinates": [ 193189.679, 196158.282 ] } },
{ "type": "Feature", "properties": { "LOCATIENUMMER": "2065", "STATUS": "In dienst", "INTERACTIVITEIT": "Interactief", "LICHTBRON_GROEP": "LED", "BRANDPROGRAMMA": "BPIV UNI 20-22-23/DIM/4-5-6 VRZA50", "BRANDPROGRAMMA_GROEP": "BPIV DIM" }, "geometry": { "type": "Point", "coordinates": [ 193618.364, 194224.399 ] } },
{ "type": "Feature", "properties": { "LOCATIENUMMER": "2073", "STATUS": "In dienst", "INTERACTIVITEIT": "Interactief", "LICHTBRON_GROEP": "LED", "BRANDPROGRAMMA": "BPIV UNI 20-22-23/DIM/4-5-6 VRZA50", "BRANDPROGRAMMA_GROEP": "BPIV DIM" }, "geometry": { "type": "Point", "coordinates": [ 193519.373, 194209.587999999988824 ] } },
{ "type": "Feature", "properties": { "LOCATIENUMMER": "2068", "STATUS": "In dienst", "INTERACTIVITEIT": "Interactief", "LICHTBRON_GROEP": "LED", "BRANDPROGRAMMA": "BPIV UNI 20-22-23/DIM/4-5-6 VRZA50", "BRANDPROGRAMMA_GROEP": "BPIV DIM" }, "geometry": { "type": "Point", "coordinates": [ 193608.065, 194346.352000000013504 ] } },
{ "type": "Feature", "properties": { "LOCATIENUMMER": "2071", "STATUS": "In dienst", "INTERACTIVITEIT": "Interactief", "LICHTBRON_GROEP": "LED", "BRANDPROGRAMMA": "BPIV UNI 20-22-23/DIM/4-5-6 VRZA50", "BRANDPROGRAMMA_GROEP": "BPIV DIM" }, "geometry": { "type": "Point", "coordinates": [ 193654.008, 194076.432 ] } },
{ "type": "Feature", "properties": { "LOCATIENUMMER": "2070", "STATUS": "In dienst", "INTERACTIVITEIT": "Interactief", "LICHTBRON_GROEP": "LED", "BRANDPROGRAMMA": "BPIV UNI 20-22-23/DIM/4-5-6 VRZA50", "BRANDPROGRAMMA_GROEP": "BPIV DIM" }, "geometry": { "type": "Point", "coordinates": [ 193692.725, 194104.219000000011874 ] } },
{ "type": "Feature", "properties": { "LOCATIENUMMER": "2063", "STATUS": "In dienst", "INTERACTIVITEIT": "Interactief", "LICHTBRON_GROEP": "LED", "BRANDPROGRAMMA": "BPIV UNI 20-22-23/DIM/4-5-6 VRZA50", "BRANDPROGRAMMA_GROEP": "BPIV DIM" }, "geometry": { "type": "Point", "coordinates": [ 193685.256, 194188.119 ] } },
{ "type": "Feature", "properties": { "LOCATIENUMMER": "3896", "STATUS": "In dienst", "INTERACTIVITEIT": "Interactief", "LICHTBRON_GROEP": "LED", "BRANDPROGRAMMA": "BPIV UNI 20-22-23/DIM/4-5-6 VRZA50", "BRANDPROGRAMMA_GROEP": "BPIV DIM" }, "geometry": { "type": "Point", "coordinates": [ 193122.279, 195780.028 ] } },
{ "type": "Feature", "properties": { "LOCATIENUMMER": "2271", "STATUS": "In dienst", "INTERACTIVITEIT": "Niet interactief", "LICHTBRON_GROEP": "MHHP-QZ", "BRANDPROGRAMMA": "N", "BRANDPROGRAMMA_GROEP": "N" }, "geometry": { "type": "Point", "coordinates": [ 193069.506, 195855.151000000012573 ] } },
{ "type": "Feature", "properties": { "LOCATIENUMMER": "3877", "STATUS": "In dienst", "INTERACTIVITEIT": "Interactief", "LICHTBRON_GROEP": "LED", "BRANDPROGRAMMA": "BPIV UNI 20-22-23/DIM/4-5-6 VRZA50", "BRANDPROGRAMMA_GROEP": "BPIV DIM" }, "geometry": { "type": "Point", "coordinates": [ 193090.298, 195884.935 ] } },
{ "type": "Feature", "properties": { "LOCATIENUMMER": "3892", "STATUS": "In dienst", "INTERACTIVITEIT": "Niet interactief", "LICHTBRON_GROEP": "HGHP", "BRANDPROGRAMMA": "D22H6.30 (Doven)", "BRANDPROGRAMMA_GROEP": "DxxHyy DOV" }, "geometry": { "type": "Point", "coordinates": [ 193162.24299999998766, 195840.75 ] } },
{ "type": "Feature", "properties": { "LOCATIENUMMER": "3878", "STATUS": "In dienst", "INTERACTIVITEIT": "Interactief", "LICHTBRON_GROEP": "LED", "BRANDPROGRAMMA": "BPIV UNI 20-22-23/DIM/4-5-6 VRZA50", "BRANDPROGRAMMA_GROEP": "BPIV DIM" }, "geometry": { "type": "Point", "coordinates": [ 193081.801, 195919.161 ] } },
{ "type": "Feature", "properties": { "LOCATIENUMMER": "3893", "STATUS": "In dienst", "INTERACTIVITEIT": "Niet interactief", "LICHTBRON_GROEP": "HGHP", "BRANDPROGRAMMA": "N", "BRANDPROGRAMMA_GROEP": "N" }, "geometry": { "type": "Point", "coordinates": [ 193187.128999999986263, 195848.443 ] } },
{ "type": "Feature", "properties": { "LOCATIENUMMER": "3913", "STATUS": "In dienst", "INTERACTIVITEIT": "Interactief-ready", "LICHTBRON_GROEP": "LED", "BRANDPROGRAMMA": "D22H6.30 (Doven)", "BRANDPROGRAMMA_GROEP": "DxxHyy DOV" }, "geometry": { "type": "Point", "coordinates": [ 193194.655999999988126, 195806.295000000012806 ] } },
{ "type": "Feature", "properties": { "LOCATIENUMMER": "3879", "STATUS": "In dienst", "INTERACTIVITEIT": "Interactief", "LICHTBRON_GROEP": "LED", "BRANDPROGRAMMA": "BPIV UNI 20-22-23/DIM/4-5-6 VRZA50", "BRANDPROGRAMMA_GROEP": "BPIV DIM" }, "geometry": { "type": "Point", "coordinates": [ 193083.202, 195964.12 ] } },
{ "type": "Feature", "properties": { "LOCATIENUMMER": "3880", "STATUS": "In dienst", "INTERACTIVITEIT": "Interactief", "LICHTBRON_GROEP": "LED", "BRANDPROGRAMMA": "BPIV UNI 20-22-23/DIM/4-5-6 VRZA50", "BRANDPROGRAMMA_GROEP": "BPIV DIM" }, "geometry": { "type": "Point", "coordinates": [ 193073.566, 196003.46 ] } },
{ "type": "Feature", "properties": { "LOCATIENUMMER": "3912", "STATUS": "In dienst", "INTERACTIVITEIT": "Niet interactief", "LICHTBRON_GROEP": "NAHP", "BRANDPROGRAMMA": "N", "BRANDPROGRAMMA_GROEP": "N" }, "geometry": { "type": "Point", "coordinates": [ 193256.669, 195823.339 ] } },
{ "type": "Feature", "properties": { "LOCATIENUMMER": "3881", "STATUS": "In dienst", "INTERACTIVITEIT": "Interactief", "LICHTBRON_GROEP": "LED", "BRANDPROGRAMMA": "BPIV UNI 20-22-23/DIM/4-5-6 VRZA50", "BRANDPROGRAMMA_GROEP": "BPIV DIM" }, "geometry": { "type": "Point", "coordinates": [ 193062.081, 196050.011999999987893 ] } },
{ "type": "Feature", "properties": { "LOCATIENUMMER": "3883", "STATUS": "In dienst", "INTERACTIVITEIT": "Interactief", "LICHTBRON_GROEP": "LED", "BRANDPROGRAMMA": "BPIV UNI 20-22-23/DIM/4-5-6 VRZA50", "BRANDPROGRAMMA_GROEP": "BPIV DIM" }, "geometry": { "type": "Point", "coordinates": [ 193047.079, 196095.62 ] } },
{ "type": "Feature", "properties": { "LOCATIENUMMER": "3895", "STATUS": "In dienst", "INTERACTIVITEIT": "Niet interactief", "LICHTBRON_GROEP": "MHHP-QZ", "BRANDPROGRAMMA": "N", "BRANDPROGRAMMA_GROEP": "N" }, "geometry": { "type": "Point", "coordinates": [ 193243.854, 195874.086000000010245 ] } },
{ "type": "Feature", "properties": { "LOCATIENUMMER": "3894", "STATUS": "In dienst", "INTERACTIVITEIT": "Niet interactief", "LICHTBRON_GROEP": "MHHP-QZ", "BRANDPROGRAMMA": "N", "BRANDPROGRAMMA_GROEP": "N" }, "geometry": { "type": "Point", "coordinates": [ 193213.915, 195853.888 ] } },
{ "type": "Feature", "properties": { "LOCATIENUMMER": "3888", "STATUS": "In dienst", "INTERACTIVITEIT": "Niet interactief", "LICHTBRON_GROEP": "HGHP", "BRANDPROGRAMMA": "D22H6.30 (Doven)", "BRANDPROGRAMMA_GROEP": "DxxHyy DOV" }, "geometry": { "type": "Point", "coordinates": [ 193167.704999999987194, 195861.924999999988358 ] } },
{ "type": "Feature", "properties": { "LOCATIENUMMER": "3887", "STATUS": "In dienst", "INTERACTIVITEIT": "Niet interactief", "LICHTBRON_GROEP": "HGHP", "BRANDPROGRAMMA": "D22H6.30 (Doven)", "BRANDPROGRAMMA_GROEP": "DxxHyy DOV" }, "geometry": { "type": "Point", "coordinates": [ 193157.783, 195892.943999999988591 ] } },
{ "type": "Feature", "properties": { "LOCATIENUMMER": "3875", "STATUS": "In dienst", "INTERACTIVITEIT": "Interactief", "LICHTBRON_GROEP": "LED", "BRANDPROGRAMMA": "BPIV UNI 20-22-23/DIM/4-5-6 VRZA50", "BRANDPROGRAMMA_GROEP": "BPIV DIM" }, "geometry": { "type": "Point", "coordinates": [ 193111.13, 195809.486 ] } },
{ "type": "Feature", "properties": { "LOCATIENUMMER": "3891", "STATUS": "In dienst", "INTERACTIVITEIT": "Niet interactief", "LICHTBRON_GROEP": "HGHP", "BRANDPROGRAMMA": "N", "BRANDPROGRAMMA_GROEP": "N" }, "geometry": { "type": "Point", "coordinates": [ 193140.203, 195833.973 ] } },
{ "type": "Feature", "properties": { "LOCATIENUMMER": "3890", "STATUS": "In dienst", "INTERACTIVITEIT": "Niet interactief", "LICHTBRON_GROEP": "MHHP-QZ", "BRANDPROGRAMMA": "N", "BRANDPROGRAMMA_GROEP": "N" }, "geometry": { "type": "Point", "coordinates": [ 193231.920000000012806, 195920.780999999988126 ] } },
{ "type": "Feature", "properties": { "LOCATIENUMMER": "1729", "STATUS": "In dienst", "INTERACTIVITEIT": "Interactief", "LICHTBRON_GROEP": "LED", "BRANDPROGRAMMA": "BPIV UNI 20-22-23/DIM/4-5-6 VRZA50", "BRANDPROGRAMMA_GROEP": "BPIV DIM" }, "geometry": { "type": "Point", "coordinates": [ 193189.437, 195951.689000000013039 ] } },
{ "type": "Feature", "properties": { "LOCATIENUMMER": "3889", "STATUS": "In dienst", "INTERACTIVITEIT": "Niet interactief", "LICHTBRON_GROEP": "NAHP", "BRANDPROGRAMMA": "N", "BRANDPROGRAMMA_GROEP": "N" }, "geometry": { "type": "Point", "coordinates": [ 193193.677, 195919.441 ] } },
{ "type": "Feature", "properties": { "LOCATIENUMMER": "3886", "STATUS": "In dienst", "INTERACTIVITEIT": "Niet interactief", "LICHTBRON_GROEP": "HGHP", "BRANDPROGRAMMA": "N", "BRANDPROGRAMMA_GROEP": "N" }, "geometry": { "type": "Point", "coordinates": [ 193168.638, 195915.372 ] } },
{ "type": "Feature", "properties": { "LOCATIENUMMER": "3885", "STATUS": "In dienst", "INTERACTIVITEIT": "Niet interactief", "LICHTBRON_GROEP": "HGHP", "BRANDPROGRAMMA": "D22H6.30 (Doven)", "BRANDPROGRAMMA_GROEP": "DxxHyy DOV" }, "geometry": { "type": "Point", "coordinates": [ 193143.924999999988358, 195907.304 ] } },
{ "type": "Feature", "properties": { "LOCATIENUMMER": "3876", "STATUS": "In dienst", "INTERACTIVITEIT": "Interactief", "LICHTBRON_GROEP": "LED", "BRANDPROGRAMMA": "BPIV UNI 20-22-23/DIM/4-5-6 VRZA50", "BRANDPROGRAMMA_GROEP": "BPIV DIM" }, "geometry": { "type": "Point", "coordinates": [ 193099.405999999988126, 195850.063 ] } },
{ "type": "Feature", "properties": { "LOCATIENUMMER": "3884", "STATUS": "In dienst", "INTERACTIVITEIT": "Niet interactief", "LICHTBRON_GROEP": "HGHP", "BRANDPROGRAMMA": "D22H6.30 (Doven)", "BRANDPROGRAMMA_GROEP": "DxxHyy DOV" }, "geometry": { "type": "Point", "coordinates": [ 193120.848999999987427, 195899.75700000001234 ] } },
{ "type": "Feature", "properties": { "LOCATIENUMMER": "1325", "STATUS": "In dienst", "INTERACTIVITEIT": "Niet interactief", "LICHTBRON_GROEP": "NALP", "BRANDPROGRAMMA": "D22H6.30 (Doven)", "BRANDPROGRAMMA_GROEP": "DxxHyy DOV" }, "geometry": { "type": "Point", "coordinates": [ 196117.454999999987194, 200357.818999999988591 ] } },
{ "type": "Feature", "properties": { "LOCATIENUMMER": "1256", "STATUS": "In dienst", "INTERACTIVITEIT": "Interactief", "LICHTBRON_GROEP": "LED", "BRANDPROGRAMMA": "BPIV UNI 20-22-23/DIM/4-5-6 VRZA50", "BRANDPROGRAMMA_GROEP": "BPIV DIM" }, "geometry": { "type": "Point", "coordinates": [ 194599.422, 199564.21 ] } },
{ "type": "Feature", "properties": { "LOCATIENUMMER": "1429", "STATUS": "In dienst", "INTERACTIVITEIT": "Interactief", "LICHTBRON_GROEP": "LED", "BRANDPROGRAMMA": "BPIV UNI 20-22-23/DIM/4-5-6 VRZA50", "BRANDPROGRAMMA_GROEP": "BPIV DIM" }, "geometry": { "type": "Point", "coordinates": [ 194497.503999999986263, 199358.057999999989988 ] } },
{ "type": "Feature", "properties": { "LOCATIENUMMER": "1431", "STATUS": "In dienst", "INTERACTIVITEIT": "Interactief", "LICHTBRON_GROEP": "LED", "BRANDPROGRAMMA": "BPIV UNI 20-22-23/DIM/4-5-6 VRZA50", "BRANDPROGRAMMA_GROEP": "BPIV DIM" }, "geometry": { "type": "Point", "coordinates": [ 194550.665, 199320.717 ] } },
{ "type": "Feature", "properties": { "LOCATIENUMMER": "1427", "STATUS": "In dienst", "INTERACTIVITEIT": "Interactief", "LICHTBRON_GROEP": "LED", "BRANDPROGRAMMA": "BPIV UNI 20-22-23/DIM/4-5-6 VRZA50", "BRANDPROGRAMMA_GROEP": "BPIV DIM" }, "geometry": { "type": "Point", "coordinates": [ 194435.538, 199420.233 ] } },
{ "type": "Feature", "properties": { "LOCATIENUMMER": "1257", "STATUS": "In dienst", "INTERACTIVITEIT": "Interactief", "LICHTBRON_GROEP": "LED", "BRANDPROGRAMMA": "BPIV UNI 20-22-23/DIM/4-5-6 VRZA50", "BRANDPROGRAMMA_GROEP": "BPIV DIM" }, "geometry": { "type": "Point", "coordinates": [ 194563.771, 199540.565 ] } },
{ "type": "Feature", "properties": { "LOCATIENUMMER": "1434", "STATUS": "In dienst", "INTERACTIVITEIT": "Interactief", "LICHTBRON_GROEP": "LED", "BRANDPROGRAMMA": "BPIV UNI 20-22-23/DIM/4-5-6 VRZA50", "BRANDPROGRAMMA_GROEP": "BPIV DIM" }, "geometry": { "type": "Point", "coordinates": [ 194391.892, 199355.141 ] } },
{ "type": "Feature", "properties": { "LOCATIENUMMER": "1117", "STATUS": "In dienst", "INTERACTIVITEIT": "Interactief", "LICHTBRON_GROEP": "LED", "BRANDPROGRAMMA": "BPIV UNI 20-22-23/DIM/4-5-6 VRZA50", "BRANDPROGRAMMA_GROEP": "BPIV DIM" }, "geometry": { "type": "Point", "coordinates": [ 194352.267, 199297.116 ] } },
{ "type": "Feature", "properties": { "LOCATIENUMMER": "1115", "STATUS": "In dienst", "INTERACTIVITEIT": "Interactief", "LICHTBRON_GROEP": "LED", "BRANDPROGRAMMA": "BPIV UNI 20-22-23/DIM/4-5-6 VRZA50", "BRANDPROGRAMMA_GROEP": "BPIV DIM" }, "geometry": { "type": "Point", "coordinates": [ 194315.192000000010012, 199227.541 ] } },
{ "type": "Feature", "properties": { "LOCATIENUMMER": "1114", "STATUS": "In dienst", "INTERACTIVITEIT": "Interactief", "LICHTBRON_GROEP": "LED", "BRANDPROGRAMMA": "BPIV UNI 20-22-23/DIM/4-5-6 VRZA50", "BRANDPROGRAMMA_GROEP": "BPIV DIM" }, "geometry": { "type": "Point", "coordinates": [ 194298.50099999998929, 199188.051 ] } },
{ "type": "Feature", "properties": { "LOCATIENUMMER": "1133", "STATUS": "In dienst", "INTERACTIVITEIT": "Interactief", "LICHTBRON_GROEP": "LED", "BRANDPROGRAMMA": "BPIV UNI 20-22-23/DIM/4-5-6 VRZA50", "BRANDPROGRAMMA_GROEP": "BPIV DIM" }, "geometry": { "type": "Point", "coordinates": [ 194394.139, 199129.576 ] } },
{ "type": "Feature", "properties": { "LOCATIENUMMER": "1132", "STATUS": "In dienst", "INTERACTIVITEIT": "Interactief", "LICHTBRON_GROEP": "LED", "BRANDPROGRAMMA": "BPIV UNI 20-22-23/DIM/4-5-6 VRZA50", "BRANDPROGRAMMA_GROEP": "BPIV DIM" }, "geometry": { "type": "Point", "coordinates": [ 194368.62599999998929, 199097.755 ] } },
{ "type": "Feature", "properties": { "LOCATIENUMMER": "1119", "STATUS": "In dienst", "INTERACTIVITEIT": "Interactief", "LICHTBRON_GROEP": "LED", "BRANDPROGRAMMA": "BPIV UNI 20-22-23/DIM/4-5-6 VRZA50", "BRANDPROGRAMMA_GROEP": "BPIV DIM" }, "geometry": { "type": "Point", "coordinates": [ 194284.992, 199020.661 ] } },
{ "type": "Feature", "properties": { "LOCATIENUMMER": "4627", "STATUS": "In dienst", "INTERACTIVITEIT": "Niet interactief", "LICHTBRON_GROEP": "NAHP", "BRANDPROGRAMMA": "N", "BRANDPROGRAMMA_GROEP": "N" }, "geometry": { "type": "Point", "coordinates": [ 194306.079999999987194, 199075.271 ] } },
{ "type": "Feature", "properties": { "LOCATIENUMMER": "1127", "STATUS": "In dienst", "INTERACTIVITEIT": "Interactief", "LICHTBRON_GROEP": "LED", "BRANDPROGRAMMA": "BPIV UNI 20-22-23/DIM/4-5-6 VRZA50", "BRANDPROGRAMMA_GROEP": "BPIV DIM" }, "geometry": { "type": "Point", "coordinates": [ 194361.016, 199037.375 ] } },
{ "type": "Feature", "properties": { "LOCATIENUMMER": "1131", "STATUS": "In dienst", "INTERACTIVITEIT": "Interactief", "LICHTBRON_GROEP": "LED", "BRANDPROGRAMMA": "BPIV UNI 20-22-23/DIM/4-5-6 VRZA50", "BRANDPROGRAMMA_GROEP": "BPIV DIM" }, "geometry": { "type": "Point", "coordinates": [ 194374.22, 199066.560999999986961 ] } },
{ "type": "Feature", "properties": { "LOCATIENUMMER": "987", "STATUS": "In dienst", "INTERACTIVITEIT": "Interactief", "LICHTBRON_GROEP": "LED", "BRANDPROGRAMMA": "BPIV UNI 20-22-23/DIM/4-5-6 VRZA50", "BRANDPROGRAMMA_GROEP": "BPIV DIM" }, "geometry": { "type": "Point", "coordinates": [ 194299.74, 199059.34 ] } },
{ "type": "Feature", "properties": { "LOCATIENUMMER": "1121", "STATUS": "In dienst", "INTERACTIVITEIT": "Interactief", "LICHTBRON_GROEP": "LED", "BRANDPROGRAMMA": "BPIV UNI 20-22-23/DIM/4-5-6 VRZA50", "BRANDPROGRAMMA_GROEP": "BPIV DIM" }, "geometry": { "type": "Point", "coordinates": [ 194271.964, 198933.426 ] } },
{ "type": "Feature", "properties": { "LOCATIENUMMER": "1123", "STATUS": "In dienst", "INTERACTIVITEIT": "Interactief", "LICHTBRON_GROEP": "LED", "BRANDPROGRAMMA": "BPIV UNI 20-22-23/DIM/4-5-6 VRZA50", "BRANDPROGRAMMA_GROEP": "BPIV DIM" }, "geometry": { "type": "Point", "coordinates": [ 194317.209, 198983.054 ] } },
{ "type": "Feature", "properties": { "LOCATIENUMMER": "967", "STATUS": "In dienst", "INTERACTIVITEIT": "Interactief", "LICHTBRON_GROEP": "LED", "BRANDPROGRAMMA": "BPIV UNI 20-22-23/DIM/4-5-6 VRZA50", "BRANDPROGRAMMA_GROEP": "BPIV DIM" }, "geometry": { "type": "Point", "coordinates": [ 194226.102000000013504, 198920.428000000014435 ] } },
{ "type": "Feature", "properties": { "LOCATIENUMMER": "4048", "STATUS": "In dienst", "INTERACTIVITEIT": "Interactief", "LICHTBRON_GROEP": "LED", "BRANDPROGRAMMA": "BPIV UNI 20-22-23/DIM/4-5-6 VRZA50", "BRANDPROGRAMMA_GROEP": "BPIV DIM" }, "geometry": { "type": "Point", "coordinates": [ 194247.553000000014435, 198900.00700000001234 ] } },
{ "type": "Feature", "properties": { "LOCATIENUMMER": "4046", "STATUS": "In dienst", "INTERACTIVITEIT": "Interactief", "LICHTBRON_GROEP": "LED", "BRANDPROGRAMMA": "BPIV UNI 20-22-23/DIM/4-5-6 VRZA50", "BRANDPROGRAMMA_GROEP": "BPIV DIM" }, "geometry": { "type": "Point", "coordinates": [ 194172.891, 198856.912000000011176 ] } },
{ "type": "Feature", "properties": { "LOCATIENUMMER": "4044", "STATUS": "In dienst", "INTERACTIVITEIT": "Interactief", "LICHTBRON_GROEP": "LED", "BRANDPROGRAMMA": "BPIV UNI 20-22-23/DIM/4-5-6 VRZA50", "BRANDPROGRAMMA_GROEP": "BPIV DIM" }, "geometry": { "type": "Point", "coordinates": [ 194099.161, 198813.066 ] } },
{ "type": "Feature", "properties": { "LOCATIENUMMER": "1424", "STATUS": "In dienst", "INTERACTIVITEIT": "Interactief", "LICHTBRON_GROEP": "LED", "BRANDPROGRAMMA": "BPIV UNI 20-22-23/DIM/4-5-6 VRZA50", "BRANDPROGRAMMA_GROEP": "BPIV DIM" }, "geometry": { "type": "Point", "coordinates": [ 194502.25700000001234, 199495.82 ] } },
{ "type": "Feature", "properties": { "LOCATIENUMMER": "2111", "STATUS": "In dienst", "INTERACTIVITEIT": "Interactief", "LICHTBRON_GROEP": "LED", "BRANDPROGRAMMA": "BPIV UNI 20-22-23/DIM/4-5-6 VRZA50", "BRANDPROGRAMMA_GROEP": "BPIV DIM" }, "geometry": { "type": "Point", "coordinates": [ 193273.521, 195445.428000000014435 ] } },
{ "type": "Feature", "properties": { "LOCATIENUMMER": "2093", "STATUS": "In dienst", "INTERACTIVITEIT": "Interactief", "LICHTBRON_GROEP": "LED", "BRANDPROGRAMMA": "BPIV UNI 20-22-23/DIM/4-5-6 VRZA50", "BRANDPROGRAMMA_GROEP": "BPIV DIM" }, "geometry": { "type": "Point", "coordinates": [ 193276.316, 195406.403 ] } },
{ "type": "Feature", "properties": { "LOCATIENUMMER": "2110", "STATUS": "In dienst", "INTERACTIVITEIT": "Interactief", "LICHTBRON_GROEP": "LED", "BRANDPROGRAMMA": "BPIV UNI 20-22-23/DIM/4-5-6 VRZA50", "BRANDPROGRAMMA_GROEP": "BPIV DIM" }, "geometry": { "type": "Point", "coordinates": [ 193257.35999999998603, 195416.443 ] } },
{ "type": "Feature", "properties": { "LOCATIENUMMER": "2105", "STATUS": "In dienst", "INTERACTIVITEIT": "Interactief", "LICHTBRON_GROEP": "LED", "BRANDPROGRAMMA": "BPIV UNI 20-22-23/DIM/4-5-6 VRZA50", "BRANDPROGRAMMA_GROEP": "BPIV DIM" }, "geometry": { "type": "Point", "coordinates": [ 193262.049, 195564.604 ] } },
{ "type": "Feature", "properties": { "LOCATIENUMMER": "2115", "STATUS": "In dienst", "INTERACTIVITEIT": "Interactief", "LICHTBRON_GROEP": "LED", "BRANDPROGRAMMA": "BPIV UNI 20-22-23/DIM/4-5-6 VRZA50", "BRANDPROGRAMMA_GROEP": "BPIV DIM" }, "geometry": { "type": "Point", "coordinates": [ 193238.274, 195388.685 ] } },
{ "type": "Feature", "properties": { "LOCATIENUMMER": "2106", "STATUS": "In dienst", "INTERACTIVITEIT": "Interactief", "LICHTBRON_GROEP": "LED", "BRANDPROGRAMMA": "BPIV UNI 20-22-23/DIM/4-5-6 VRZA50", "BRANDPROGRAMMA_GROEP": "BPIV DIM" }, "geometry": { "type": "Point", "coordinates": [ 193277.669, 195522.99 ] } },
{ "type": "Feature", "properties": { "LOCATIENUMMER": "2116", "STATUS": "In dienst", "INTERACTIVITEIT": "Interactief", "LICHTBRON_GROEP": "LED", "BRANDPROGRAMMA": "BPIV UNI 20-22-23/DIM/4-5-6 VRZA50", "BRANDPROGRAMMA_GROEP": "BPIV DIM" }, "geometry": { "type": "Point", "coordinates": [ 193222.984, 195363.853 ] } },
{ "type": "Feature", "properties": { "LOCATIENUMMER": "2114", "STATUS": "In dienst", "INTERACTIVITEIT": "Interactief-ready", "LICHTBRON_GROEP": "LED", "BRANDPROGRAMMA": "N", "BRANDPROGRAMMA_GROEP": "N" }, "geometry": { "type": "Point", "coordinates": [ 193288.971, 195507.195 ] } },
{ "type": "Feature", "properties": { "LOCATIENUMMER": "2107", "STATUS": "In dienst", "INTERACTIVITEIT": "Niet interactief", "LICHTBRON_GROEP": "NAHP", "BRANDPROGRAMMA": "D22H6.30 (Doven)", "BRANDPROGRAMMA_GROEP": "DxxHyy DOV" }, "geometry": { "type": "Point", "coordinates": [ 193267.978, 195494.102000000013504 ] } },
{ "type": "Feature", "properties": { "LOCATIENUMMER": "2117", "STATUS": "In dienst", "INTERACTIVITEIT": "Interactief", "LICHTBRON_GROEP": "LED", "BRANDPROGRAMMA": "BPIV UNI 20-22-23/DIM/4-5-6 VRZA50", "BRANDPROGRAMMA_GROEP": "BPIV DIM" }, "geometry": { "type": "Point", "coordinates": [ 193204.511, 195336.416999999986729 ] } },
{ "type": "Feature", "properties": { "LOCATIENUMMER": "2108", "STATUS": "In dienst", "INTERACTIVITEIT": "Interactief", "LICHTBRON_GROEP": "LED", "BRANDPROGRAMMA": "BPIV UNI 20-22-23/DIM/4-5-6 VRZA50", "BRANDPROGRAMMA_GROEP": "BPIV DIM" }, "geometry": { "type": "Point", "coordinates": [ 193275.892, 195462.409000000014203 ] } },
{ "type": "Feature", "properties": { "LOCATIENUMMER": "2112", "STATUS": "In dienst", "INTERACTIVITEIT": "Interactief-ready", "LICHTBRON_GROEP": "LED", "BRANDPROGRAMMA": "N", "BRANDPROGRAMMA_GROEP": "N" }, "geometry": { "type": "Point", "coordinates": [ 193291.087999999988824, 195480.127 ] } },
{ "type": "Feature", "properties": { "LOCATIENUMMER": "2113", "STATUS": "In dienst", "INTERACTIVITEIT": "Interactief-ready", "LICHTBRON_GROEP": "LED", "BRANDPROGRAMMA": "D22H6.30 (Doven)", "BRANDPROGRAMMA_GROEP": "DxxHyy DOV" }, "geometry": { "type": "Point", "coordinates": [ 193295.674999999988358, 195492.796 ] } },
{ "type": "Feature", "properties": { "LOCATIENUMMER": "2118", "STATUS": "In dienst", "INTERACTIVITEIT": "Interactief", "LICHTBRON_GROEP": "LED", "BRANDPROGRAMMA": "BPIV UNI 20-22-23/DIM/4-5-6 VRZA50", "BRANDPROGRAMMA_GROEP": "BPIV DIM" }, "geometry": { "type": "Point", "coordinates": [ 193187.796, 195310.030999999988126 ] } },
{ "type": "Feature", "properties": { "LOCATIENUMMER": "2109", "STATUS": "In dienst", "INTERACTIVITEIT": "Interactief", "LICHTBRON_GROEP": "LED", "BRANDPROGRAMMA": "BPIV UNI 20-22-23/DIM/4-5-6 VRZA50", "BRANDPROGRAMMA_GROEP": "BPIV DIM" }, "geometry": { "type": "Point", "coordinates": [ 193259.055, 195431.018000000010943 ] } },
{ "type": "Feature", "properties": { "LOCATIENUMMER": "2103", "STATUS": "In dienst", "INTERACTIVITEIT": "Interactief", "LICHTBRON_GROEP": "LED", "BRANDPROGRAMMA": "BPIV UNI 20-22-23/DIM/4-5-6 VRZA50", "BRANDPROGRAMMA_GROEP": "BPIV DIM" }, "geometry": { "type": "Point", "coordinates": [ 193255.623, 195626.698 ] } },
{ "type": "Feature", "properties": { "LOCATIENUMMER": "2122", "STATUS": "In dienst", "INTERACTIVITEIT": "Interactief-ready", "LICHTBRON_GROEP": "LED", "BRANDPROGRAMMA": "D22H6.30 (Standaard dimmen)", "BRANDPROGRAMMA_GROEP": "DxxHyy DIM" }, "geometry": { "type": "Point", "coordinates": [ 193186.729, 195284.177 ] } },
{ "type": "Feature", "properties": { "LOCATIENUMMER": "2104", "STATUS": "In dienst", "INTERACTIVITEIT": "Interactief", "LICHTBRON_GROEP": "LED", "BRANDPROGRAMMA": "BPIV UNI 20-22-23/DIM/4-5-6 VRZA50", "BRANDPROGRAMMA_GROEP": "BPIV DIM" }, "geometry": { "type": "Point", "coordinates": [ 193254.41, 195599.818 ] } },
{ "type": "Feature", "properties": { "LOCATIENUMMER": "1706", "STATUS": "In dienst", "INTERACTIVITEIT": "Interactief", "LICHTBRON_GROEP": "LED", "BRANDPROGRAMMA": "BPIV UNI 20-22-23/DIM/4-5-6 VRZA50", "BRANDPROGRAMMA_GROEP": "BPIV DIM" }, "geometry": { "type": "Point", "coordinates": [ 193236.522999999986496, 195256.422 ] } },
{ "type": "Feature", "properties": { "LOCATIENUMMER": "1716", "STATUS": "In dienst", "INTERACTIVITEIT": "Interactief", "LICHTBRON_GROEP": "LED", "BRANDPROGRAMMA": "BPIV UNI 20-22-23/DIM/4-5-6 VRZA50", "BRANDPROGRAMMA_GROEP": "BPIV DIM" }, "geometry": { "type": "Point", "coordinates": [ 193249.633, 195268.602000000013504 ] } },
{ "type": "Feature", "properties": { "LOCATIENUMMER": "1637", "STATUS": "In dienst", "INTERACTIVITEIT": "Interactief", "LICHTBRON_GROEP": "LED", "BRANDPROGRAMMA": "BPIV UNI 20-22-23/DIM/4-5-6 VRZA50", "BRANDPROGRAMMA_GROEP": "BPIV DIM" }, "geometry": { "type": "Point", "coordinates": [ 193333.642, 195254.74299999998766 ] } },
{ "type": "Feature", "properties": { "LOCATIENUMMER": "1638", "STATUS": "In dienst", "INTERACTIVITEIT": "Interactief", "LICHTBRON_GROEP": "LED", "BRANDPROGRAMMA": "BPIV UNI 20-22-23/DIM/4-5-6 VRZA50", "BRANDPROGRAMMA_GROEP": "BPIV DIM" }, "geometry": { "type": "Point", "coordinates": [ 193363.74, 195247.976 ] } },
{ "type": "Feature", "properties": { "LOCATIENUMMER": "1672", "STATUS": "In dienst", "INTERACTIVITEIT": "Interactief", "LICHTBRON_GROEP": "LED", "BRANDPROGRAMMA": "BPIV UNI 20-22-23/DIM/4-5-6 VRZA50", "BRANDPROGRAMMA_GROEP": "BPIV DIM" }, "geometry": { "type": "Point", "coordinates": [ 193430.207, 195231.641 ] } },
{ "type": "Feature", "properties": { "LOCATIENUMMER": "1671", "STATUS": "In dienst", "INTERACTIVITEIT": "Interactief", "LICHTBRON_GROEP": "LED", "BRANDPROGRAMMA": "BPIV UNI 20-22-23/DIM/4-5-6 VRZA50", "BRANDPROGRAMMA_GROEP": "BPIV DIM" }, "geometry": { "type": "Point", "coordinates": [ 193473.99900000001071, 195232.878999999986263 ] } },
{ "type": "Feature", "properties": { "LOCATIENUMMER": "3559", "STATUS": "In dienst", "INTERACTIVITEIT": "Niet interactief", "LICHTBRON_GROEP": "NAHP", "BRANDPROGRAMMA": "N", "BRANDPROGRAMMA_GROEP": "N" }, "geometry": { "type": "Point", "coordinates": [ 198121.009, 198882.109 ] } },
{ "type": "Feature", "properties": { "LOCATIENUMMER": "3561", "STATUS": "In dienst", "INTERACTIVITEIT": "Niet interactief", "LICHTBRON_GROEP": "NAHP", "BRANDPROGRAMMA": "D22H6.30 (Doven)", "BRANDPROGRAMMA_GROEP": "DxxHyy DOV" }, "geometry": { "type": "Point", "coordinates": [ 198094.813, 198957.049999999988358 ] } },
{ "type": "Feature", "properties": { "LOCATIENUMMER": "3564", "STATUS": "In dienst", "INTERACTIVITEIT": "Niet interactief", "LICHTBRON_GROEP": "NAHP", "BRANDPROGRAMMA": "N", "BRANDPROGRAMMA_GROEP": "N" }, "geometry": { "type": "Point", "coordinates": [ 198071.094000000011874, 199025.054 ] } },
{ "type": "Feature", "properties": { "LOCATIENUMMER": "560", "STATUS": "In dienst", "INTERACTIVITEIT": "Interactief", "LICHTBRON_GROEP": "LED", "BRANDPROGRAMMA": "BPIV UNI 20-22-23/DIM/4-5-6 VRZA50", "BRANDPROGRAMMA_GROEP": "BPIV DIM" }, "geometry": { "type": "Point", "coordinates": [ 198490.39000000001397, 199083.543 ] } },
{ "type": "Feature", "properties": { "LOCATIENUMMER": "561", "STATUS": "In dienst", "INTERACTIVITEIT": "Interactief", "LICHTBRON_GROEP": "LED", "BRANDPROGRAMMA": "BPIV UNI 20-22-23/DIM/4-5-6 VRZA50", "BRANDPROGRAMMA_GROEP": "BPIV DIM" }, "geometry": { "type": "Point", "coordinates": [ 198452.761999999987893, 199092.121000000013737 ] } },
{ "type": "Feature", "properties": { "LOCATIENUMMER": "562", "STATUS": "In dienst", "INTERACTIVITEIT": "Interactief", "LICHTBRON_GROEP": "LED", "BRANDPROGRAMMA": "BPIV UNI 20-22-23/DIM/4-5-6 VRZA50", "BRANDPROGRAMMA_GROEP": "BPIV DIM" }, "geometry": { "type": "Point", "coordinates": [ 198414.337999999988824, 199100.867 ] } },
{ "type": "Feature", "properties": { "LOCATIENUMMER": "563", "STATUS": "In dienst", "INTERACTIVITEIT": "Interactief", "LICHTBRON_GROEP": "LED", "BRANDPROGRAMMA": "BPIV UNI 20-22-23/DIM/4-5-6 VRZA50", "BRANDPROGRAMMA_GROEP": "BPIV DIM" }, "geometry": { "type": "Point", "coordinates": [ 198376.295000000012806, 199109.541999999986729 ] } },
{ "type": "Feature", "properties": { "LOCATIENUMMER": "564", "STATUS": "In dienst", "INTERACTIVITEIT": "Interactief", "LICHTBRON_GROEP": "LED", "BRANDPROGRAMMA": "BPIV UNI 20-22-23/DIM/4-5-6 VRZA50", "BRANDPROGRAMMA_GROEP": "BPIV DIM" }, "geometry": { "type": "Point", "coordinates": [ 198338.422, 199118.568 ] } },
{ "type": "Feature", "properties": { "LOCATIENUMMER": "565", "STATUS": "In dienst", "INTERACTIVITEIT": "Interactief", "LICHTBRON_GROEP": "LED", "BRANDPROGRAMMA": "BPIV UNI 20-22-23/DIM/4-5-6 VRZA50", "BRANDPROGRAMMA_GROEP": "BPIV DIM" }, "geometry": { "type": "Point", "coordinates": [ 198300.424999999988358, 199127.14000000001397 ] } },
{ "type": "Feature", "properties": { "LOCATIENUMMER": "566", "STATUS": "In dienst", "INTERACTIVITEIT": "Interactief", "LICHTBRON_GROEP": "LED", "BRANDPROGRAMMA": "BPIV UNI 20-22-23/DIM/4-5-6 VRZA50", "BRANDPROGRAMMA_GROEP": "BPIV DIM" }, "geometry": { "type": "Point", "coordinates": [ 198263.144999999989523, 199135.715999999985797 ] } },
{ "type": "Feature", "properties": { "LOCATIENUMMER": "567", "STATUS": "In dienst", "INTERACTIVITEIT": "Interactief", "LICHTBRON_GROEP": "LED", "BRANDPROGRAMMA": "BPIV UNI 20-22-23/DIM/4-5-6 VRZA50", "BRANDPROGRAMMA_GROEP": "BPIV DIM" }, "geometry": { "type": "Point", "coordinates": [ 198224.951, 199144.375 ] } },
{ "type": "Feature", "properties": { "LOCATIENUMMER": "568", "STATUS": "In dienst", "INTERACTIVITEIT": "Interactief", "LICHTBRON_GROEP": "LED", "BRANDPROGRAMMA": "BPIV UNI 20-22-23/DIM/4-5-6 VRZA50", "BRANDPROGRAMMA_GROEP": "BPIV DIM" }, "geometry": { "type": "Point", "coordinates": [ 198186.566, 199153.236 ] } },
{ "type": "Feature", "properties": { "LOCATIENUMMER": "1726", "STATUS": "In dienst", "INTERACTIVITEIT": "Interactief", "LICHTBRON_GROEP": "LED", "BRANDPROGRAMMA": "BPIV UNI 20-22-23/DIM/4-5-6 VRZA50", "BRANDPROGRAMMA_GROEP": "BPIV DIM" }, "geometry": { "type": "Point", "coordinates": [ 193177.354, 196078.480000000010477 ] } },
{ "type": "Feature", "properties": { "LOCATIENUMMER": "1725", "STATUS": "In dienst", "INTERACTIVITEIT": "Interactief", "LICHTBRON_GROEP": "LED", "BRANDPROGRAMMA": "BPIV UNI 20-22-23/DIM/4-5-6 VRZA50", "BRANDPROGRAMMA_GROEP": "BPIV DIM" }, "geometry": { "type": "Point", "coordinates": [ 193174.816, 196107.846 ] } },
{ "type": "Feature", "properties": { "LOCATIENUMMER": "1728", "STATUS": "In dienst", "INTERACTIVITEIT": "Interactief", "LICHTBRON_GROEP": "LED", "BRANDPROGRAMMA": "BPIV UNI 20-22-23/DIM/4-5-6 VRZA50", "BRANDPROGRAMMA_GROEP": "BPIV DIM" }, "geometry": { "type": "Point", "coordinates": [ 193185.913999999989755, 195989.211000000010245 ] } },
{ "type": "Feature", "properties": { "LOCATIENUMMER": "1727", "STATUS": "In dienst", "INTERACTIVITEIT": "Interactief", "LICHTBRON_GROEP": "LED", "BRANDPROGRAMMA": "BPIV UNI 20-22-23/DIM/4-5-6 VRZA50", "BRANDPROGRAMMA_GROEP": "BPIV DIM" }, "geometry": { "type": "Point", "coordinates": [ 193181.682, 196034.011 ] } },
{ "type": "Feature", "properties": { "LOCATIENUMMER": "1251", "STATUS": "In dienst", "INTERACTIVITEIT": "Interactief", "LICHTBRON_GROEP": "LED", "BRANDPROGRAMMA": "BPIV UNI 20-22-23/DIM/4-5-6 VRZA50", "BRANDPROGRAMMA_GROEP": "BPIV DIM" }, "geometry": { "type": "Point", "coordinates": [ 194658.833000000013271, 199644.723999999987427 ] } },
{ "type": "Feature", "properties": { "LOCATIENUMMER": "1277", "STATUS": "In dienst", "INTERACTIVITEIT": "Interactief", "LICHTBRON_GROEP": "LED", "BRANDPROGRAMMA": "BPIV UNI 20-22-23/DIM/4-5-6 VRZA50", "BRANDPROGRAMMA_GROEP": "BPIV DIM" }, "geometry": { "type": "Point", "coordinates": [ 194783.66, 199733.82 ] } },
{ "type": "Feature", "properties": { "LOCATIENUMMER": "1280", "STATUS": "In dienst", "INTERACTIVITEIT": "Interactief", "LICHTBRON_GROEP": "LED", "BRANDPROGRAMMA": "BPIV UNI 20-22-23/DIM/4-5-6 VRZA50", "BRANDPROGRAMMA_GROEP": "BPIV DIM" }, "geometry": { "type": "Point", "coordinates": [ 194810.027, 199753.480000000010477 ] } },
{ "type": "Feature", "properties": { "LOCATIENUMMER": "1281", "STATUS": "In dienst", "INTERACTIVITEIT": "Interactief", "LICHTBRON_GROEP": "LED", "BRANDPROGRAMMA": "BPIV UNI 20-22-23/DIM/4-5-6 VRZA50", "BRANDPROGRAMMA_GROEP": "BPIV DIM" }, "geometry": { "type": "Point", "coordinates": [ 194838.109, 199774.994 ] } },
{ "type": "Feature", "properties": { "LOCATIENUMMER": "1282", "STATUS": "In dienst", "INTERACTIVITEIT": "Interactief", "LICHTBRON_GROEP": "LED", "BRANDPROGRAMMA": "BPIV UNI 20-22-23/DIM/4-5-6 VRZA50", "BRANDPROGRAMMA_GROEP": "BPIV DIM" }, "geometry": { "type": "Point", "coordinates": [ 194872.212999999988824, 199800.138 ] } },
{ "type": "Feature", "properties": { "LOCATIENUMMER": "1283", "STATUS": "In dienst", "INTERACTIVITEIT": "Interactief", "LICHTBRON_GROEP": "LED", "BRANDPROGRAMMA": "BPIV UNI 20-22-23/DIM/4-5-6 VRZA50", "BRANDPROGRAMMA_GROEP": "BPIV DIM" }, "geometry": { "type": "Point", "coordinates": [ 194904.094000000011874, 199824.201 ] } },
{ "type": "Feature", "properties": { "LOCATIENUMMER": "1285", "STATUS": "In dienst", "INTERACTIVITEIT": "Interactief", "LICHTBRON_GROEP": "LED", "BRANDPROGRAMMA": "BPIV UNI 20-22-23/DIM/4-5-6 VRZA50", "BRANDPROGRAMMA_GROEP": "BPIV DIM" }, "geometry": { "type": "Point", "coordinates": [ 194954.25, 199856.76 ] } },
{ "type": "Feature", "properties": { "LOCATIENUMMER": "1276", "STATUS": "In dienst", "INTERACTIVITEIT": "Interactief", "LICHTBRON_GROEP": "LED", "BRANDPROGRAMMA": "BPIV UNI 20-22-23/DIM/4-5-6 VRZA50", "BRANDPROGRAMMA_GROEP": "BPIV DIM" }, "geometry": { "type": "Point", "coordinates": [ 194979.647, 199872.263 ] } },
{ "type": "Feature", "properties": { "LOCATIENUMMER": "1275", "STATUS": "In dienst", "INTERACTIVITEIT": "Interactief", "LICHTBRON_GROEP": "LED", "BRANDPROGRAMMA": "BPIV UNI 20-22-23/DIM/4-5-6 VRZA50", "BRANDPROGRAMMA_GROEP": "BPIV DIM" }, "geometry": { "type": "Point", "coordinates": [ 195013.377, 199891.65 ] } },
{ "type": "Feature", "properties": { "LOCATIENUMMER": "1274", "STATUS": "In dienst", "INTERACTIVITEIT": "Interactief", "LICHTBRON_GROEP": "LED", "BRANDPROGRAMMA": "BPIV UNI 20-22-23/DIM/4-5-6 VRZA50", "BRANDPROGRAMMA_GROEP": "BPIV DIM" }, "geometry": { "type": "Point", "coordinates": [ 195046.461000000010245, 199910.587 ] } },
{ "type": "Feature", "properties": { "LOCATIENUMMER": "1273", "STATUS": "In dienst", "INTERACTIVITEIT": "Interactief", "LICHTBRON_GROEP": "LED", "BRANDPROGRAMMA": "BPIV UNI 20-22-23/DIM/4-5-6 VRZA50", "BRANDPROGRAMMA_GROEP": "BPIV DIM" }, "geometry": { "type": "Point", "coordinates": [ 195084.99900000001071, 199933.333000000013271 ] } },
{ "type": "Feature", "properties": { "LOCATIENUMMER": "4512", "STATUS": "In dienst", "INTERACTIVITEIT": "Interactief", "LICHTBRON_GROEP": "LED", "BRANDPROGRAMMA": "BPIV UNI 20-22-23/DIM/4-5-6 VRZA50", "BRANDPROGRAMMA_GROEP": "BPIV DIM" }, "geometry": { "type": "Point", "coordinates": [ 195099.721, 199960.988000000012107 ] } },
{ "type": "Feature", "properties": { "LOCATIENUMMER": "1250", "STATUS": "In dienst", "INTERACTIVITEIT": "Interactief", "LICHTBRON_GROEP": "LED", "BRANDPROGRAMMA": "BPIV UNI 20-22-23/DIM/4-5-6 VRZA50", "BRANDPROGRAMMA_GROEP": "BPIV DIM" }, "geometry": { "type": "Point", "coordinates": [ 194683.403, 199662.68 ] } },
{ "type": "Feature", "properties": { "LOCATIENUMMER": "1279", "STATUS": "In dienst", "INTERACTIVITEIT": "Interactief", "LICHTBRON_GROEP": "LED", "BRANDPROGRAMMA": "BPIV UNI 20-22-23/DIM/4-5-6 VRZA50", "BRANDPROGRAMMA_GROEP": "BPIV DIM" }, "geometry": { "type": "Point", "coordinates": [ 194717.605000000010477, 199683.962 ] } },
{ "type": "Feature", "properties": { "LOCATIENUMMER": "1278", "STATUS": "In dienst", "INTERACTIVITEIT": "Interactief", "LICHTBRON_GROEP": "LED", "BRANDPROGRAMMA": "BPIV UNI 20-22-23/DIM/4-5-6 VRZA50", "BRANDPROGRAMMA_GROEP": "BPIV DIM" }, "geometry": { "type": "Point", "coordinates": [ 194755.532, 199712.971 ] } },
{ "type": "Feature", "properties": { "LOCATIENUMMER": "4019", "STATUS": "In dienst", "INTERACTIVITEIT": "Interactief", "LICHTBRON_GROEP": "LED", "BRANDPROGRAMMA": "BPIV UNI 20-22-23/DIM/4-5-6 VRZA50", "BRANDPROGRAMMA_GROEP": "BPIV DIM" }, "geometry": { "type": "Point", "coordinates": [ 195642.473999999987427, 196771.916999999986729 ] } },
{ "type": "Feature", "properties": { "LOCATIENUMMER": "4042", "STATUS": "In dienst", "INTERACTIVITEIT": "Interactief-ready", "LICHTBRON_GROEP": "LED", "BRANDPROGRAMMA": "D22H6.30 (Standaard dimmen)", "BRANDPROGRAMMA_GROEP": "DxxHyy DIM" }, "geometry": { "type": "Point", "coordinates": [ 195651.682999999989988, 196654.295000000012806 ] } },
{ "type": "Feature", "properties": { "LOCATIENUMMER": "4021", "STATUS": "In dienst", "INTERACTIVITEIT": "Interactief", "LICHTBRON_GROEP": "LED", "BRANDPROGRAMMA": "BPIV UNI 20-22-23/DIM/4-5-6 VRZA50", "BRANDPROGRAMMA_GROEP": "BPIV DIM" }, "geometry": { "type": "Point", "coordinates": [ 195654.481, 196619.685 ] } },
{ "type": "Feature", "properties": { "LOCATIENUMMER": "4001", "STATUS": "In dienst", "INTERACTIVITEIT": "Interactief", "LICHTBRON_GROEP": "LED", "BRANDPROGRAMMA": "BPIV UNI 20-22-23/DIM/4-5-6 VRZA50", "BRANDPROGRAMMA_GROEP": "BPIV DIM" }, "geometry": { "type": "Point", "coordinates": [ 195670.682, 196524.5 ] } },
{ "type": "Feature", "properties": { "LOCATIENUMMER": "4001", "STATUS": "In dienst", "INTERACTIVITEIT": "Niet interactief", "LICHTBRON_GROEP": "NAHP", "BRANDPROGRAMMA": "D22H6.30 (Doven)", "BRANDPROGRAMMA_GROEP": "DxxHyy DOV" }, "geometry": { "type": "Point", "coordinates": [ 195670.682, 196524.5 ] } },
{ "type": "Feature", "properties": { "LOCATIENUMMER": "4007", "STATUS": "In dienst", "INTERACTIVITEIT": "Interactief", "LICHTBRON_GROEP": "LED", "BRANDPROGRAMMA": "BPIV UNI 20-22-23/DIM/4-5-6 VRZA50", "BRANDPROGRAMMA_GROEP": "BPIV DIM" }, "geometry": { "type": "Point", "coordinates": [ 195703.064000000013039, 196525.280999999988126 ] } },
{ "type": "Feature", "properties": { "LOCATIENUMMER": "4007", "STATUS": "In dienst", "INTERACTIVITEIT": "Niet interactief", "LICHTBRON_GROEP": "NAHP", "BRANDPROGRAMMA": "D22H6.30 (Doven)", "BRANDPROGRAMMA_GROEP": "DxxHyy DOV" }, "geometry": { "type": "Point", "coordinates": [ 195703.064000000013039, 196525.280999999988126 ] } },
{ "type": "Feature", "properties": { "LOCATIENUMMER": "4018", "STATUS": "In dienst", "INTERACTIVITEIT": "Interactief", "LICHTBRON_GROEP": "LED", "BRANDPROGRAMMA": "BPIV UNI 20-22-23/DIM/4-5-6 VRZA50", "BRANDPROGRAMMA_GROEP": "BPIV DIM" }, "geometry": { "type": "Point", "coordinates": [ 195644.856, 196744.208000000013271 ] } },
{ "type": "Feature", "properties": { "LOCATIENUMMER": "4038", "STATUS": "In dienst", "INTERACTIVITEIT": "Interactief-ready", "LICHTBRON_GROEP": "LED", "BRANDPROGRAMMA": "N", "BRANDPROGRAMMA_GROEP": "N" }, "geometry": { "type": "Point", "coordinates": [ 195668.566, 196386.698 ] } },
{ "type": "Feature", "properties": { "LOCATIENUMMER": "4039", "STATUS": "In dienst", "INTERACTIVITEIT": "Interactief-ready", "LICHTBRON_GROEP": "LED", "BRANDPROGRAMMA": "D22H6.30 (Doven)", "BRANDPROGRAMMA_GROEP": "DxxHyy DOV" }, "geometry": { "type": "Point", "coordinates": [ 195668.198, 196352.075000000011642 ] } },
{ "type": "Feature", "properties": { "LOCATIENUMMER": "4039", "STATUS": "In dienst", "INTERACTIVITEIT": "Niet interactief", "LICHTBRON_GROEP": "NAHP", "BRANDPROGRAMMA": "N", "BRANDPROGRAMMA_GROEP": "N" }, "geometry": { "type": "Point", "coordinates": [ 195668.198, 196352.075000000011642 ] } },
{ "type": "Feature", "properties": { "LOCATIENUMMER": "4040", "STATUS": "In dienst", "INTERACTIVITEIT": "Interactief-ready", "LICHTBRON_GROEP": "LED", "BRANDPROGRAMMA": "N", "BRANDPROGRAMMA_GROEP": "N" }, "geometry": { "type": "Point", "coordinates": [ 195667.768000000010943, 196329.91 ] } },
{ "type": "Feature", "properties": { "LOCATIENUMMER": "4003", "STATUS": "In dienst", "INTERACTIVITEIT": "Interactief", "LICHTBRON_GROEP": "LED", "BRANDPROGRAMMA": "BPIV UNI 20-22-23/DIM/4-5-6 VRZA50", "BRANDPROGRAMMA_GROEP": "BPIV DIM" }, "geometry": { "type": "Point", "coordinates": [ 195659.117, 196560.268000000010943 ] } },
{ "type": "Feature", "properties": { "LOCATIENUMMER": "4002", "STATUS": "In dienst", "INTERACTIVITEIT": "Interactief", "LICHTBRON_GROEP": "LED", "BRANDPROGRAMMA": "BPIV UNI 20-22-23/DIM/4-5-6 VRZA50", "BRANDPROGRAMMA_GROEP": "BPIV DIM" }, "geometry": { "type": "Point", "coordinates": [ 195643.958000000013271, 196530.524 ] } },
{ "type": "Feature", "properties": { "LOCATIENUMMER": "4034", "STATUS": "In dienst", "INTERACTIVITEIT": "Interactief-ready", "LICHTBRON_GROEP": "LED", "BRANDPROGRAMMA": "D22H6.30 (Doven)", "BRANDPROGRAMMA_GROEP": "DxxHyy DOV" }, "geometry": { "type": "Point", "coordinates": [ 195645.619, 196498.582 ] } },
{ "type": "Feature", "properties": { "LOCATIENUMMER": "4034", "STATUS": "In dienst", "INTERACTIVITEIT": "Niet interactief", "LICHTBRON_GROEP": "NAHP", "BRANDPROGRAMMA": "N", "BRANDPROGRAMMA_GROEP": "N" }, "geometry": { "type": "Point", "coordinates": [ 195645.619, 196498.582 ] } },
{ "type": "Feature", "properties": { "LOCATIENUMMER": "4035", "STATUS": "In dienst", "INTERACTIVITEIT": "Interactief-ready", "LICHTBRON_GROEP": "LED", "BRANDPROGRAMMA": "N", "BRANDPROGRAMMA_GROEP": "N" }, "geometry": { "type": "Point", "coordinates": [ 195647.365, 196465.715 ] } },
{ "type": "Feature", "properties": { "LOCATIENUMMER": "4036", "STATUS": "In dienst", "INTERACTIVITEIT": "Interactief-ready", "LICHTBRON_GROEP": "LED", "BRANDPROGRAMMA": "N", "BRANDPROGRAMMA_GROEP": "N" }, "geometry": { "type": "Point", "coordinates": [ 195667.593, 196453.844000000011874 ] } },
{ "type": "Feature", "properties": { "LOCATIENUMMER": "4037", "STATUS": "In dienst", "INTERACTIVITEIT": "Interactief-ready", "LICHTBRON_GROEP": "LED", "BRANDPROGRAMMA": "D22H6.30 (Doven)", "BRANDPROGRAMMA_GROEP": "DxxHyy DOV" }, "geometry": { "type": "Point", "coordinates": [ 195668.891, 196420.894 ] } },
{ "type": "Feature", "properties": { "LOCATIENUMMER": "4041", "STATUS": "In dienst", "INTERACTIVITEIT": "Interactief-ready", "LICHTBRON_GROEP": "LED", "BRANDPROGRAMMA": "N", "BRANDPROGRAMMA_GROEP": "N" }, "geometry": { "type": "Point", "coordinates": [ 195667.807999999989988, 196283.828 ] } },
{ "type": "Feature", "properties": { "LOCATIENUMMER": "3992", "STATUS": "In dienst", "INTERACTIVITEIT": "Interactief-ready", "LICHTBRON_GROEP": "LED", "BRANDPROGRAMMA": "N", "BRANDPROGRAMMA_GROEP": "N" }, "geometry": { "type": "Point", "coordinates": [ 195672.752, 196164.756 ] } },
{ "type": "Feature", "properties": { "LOCATIENUMMER": "4017", "STATUS": "In dienst", "INTERACTIVITEIT": "Interactief", "LICHTBRON_GROEP": "LED", "BRANDPROGRAMMA": "BPIV UNI 20-22-23/DIM/4-5-6 VRZA50", "BRANDPROGRAMMA_GROEP": "BPIV DIM" }, "geometry": { "type": "Point", "coordinates": [ 195647.219000000011874, 196715.678000000014435 ] } },
{ "type": "Feature", "properties": { "LOCATIENUMMER": "4020", "STATUS": "In dienst", "INTERACTIVITEIT": "Interactief", "LICHTBRON_GROEP": "LED", "BRANDPROGRAMMA": "BPIV UNI 20-22-23/DIM/4-5-6 VRZA50", "BRANDPROGRAMMA_GROEP": "BPIV DIM" }, "geometry": { "type": "Point", "coordinates": [ 195649.76, 196678.144 ] } },
{ "type": "Feature", "properties": { "LOCATIENUMMER": "733", "STATUS": "In dienst", "INTERACTIVITEIT": "Niet interactief", "LICHTBRON_GROEP": "MHHP-QZ", "BRANDPROGRAMMA": "D22H6.30 (Doven)", "BRANDPROGRAMMA_GROEP": "DxxHyy DOV" }, "geometry": { "type": "Point", "coordinates": [ 194619.862, 199921.18 ] } },
{ "type": "Feature", "properties": { "LOCATIENUMMER": "732", "STATUS": "In dienst", "INTERACTIVITEIT": "Niet interactief", "LICHTBRON_GROEP": "MHHP-QZ", "BRANDPROGRAMMA": "N", "BRANDPROGRAMMA_GROEP": "N" }, "geometry": { "type": "Point", "coordinates": [ 194602.461000000010245, 199947.62400000001071 ] } },
{ "type": "Feature", "properties": { "LOCATIENUMMER": "731", "STATUS": "In dienst", "INTERACTIVITEIT": "Niet interactief", "LICHTBRON_GROEP": "MHHP-QZ", "BRANDPROGRAMMA": "N", "BRANDPROGRAMMA_GROEP": "N" }, "geometry": { "type": "Point", "coordinates": [ 194585.386999999987893, 199973.489 ] } },
{ "type": "Feature", "properties": { "LOCATIENUMMER": "723", "STATUS": "In dienst", "INTERACTIVITEIT": "Interactief-ready", "LICHTBRON_GROEP": "LED", "BRANDPROGRAMMA": "D22H6.30 (Standaard dimmen)", "BRANDPROGRAMMA_GROEP": "DxxHyy DIM" }, "geometry": { "type": "Point", "coordinates": [ 194573.579, 200010.196999999985565 ] } },
{ "type": "Feature", "properties": { "LOCATIENUMMER": "735", "STATUS": "In dienst", "INTERACTIVITEIT": "Niet interactief", "LICHTBRON_GROEP": "MHHP-QZ", "BRANDPROGRAMMA": "D22H6.30 (Doven)", "BRANDPROGRAMMA_GROEP": "DxxHyy DOV" }, "geometry": { "type": "Point", "coordinates": [ 194653.91, 199869.064000000013039 ] } },
{ "type": "Feature", "properties": { "LOCATIENUMMER": "734", "STATUS": "In dienst", "INTERACTIVITEIT": "Niet interactief", "LICHTBRON_GROEP": "MHHP-QZ", "BRANDPROGRAMMA": "N", "BRANDPROGRAMMA_GROEP": "N" }, "geometry": { "type": "Point", "coordinates": [ 194637.475, 199894.438 ] } },
{ "type": "Feature", "properties": { "LOCATIENUMMER": "2384", "STATUS": "In dienst", "INTERACTIVITEIT": "Interactief", "LICHTBRON_GROEP": "LED", "BRANDPROGRAMMA": "BPIV UNI 20-22-23/DIM/4-5-6 VRZA50", "BRANDPROGRAMMA_GROEP": "BPIV DIM" }, "geometry": { "type": "Point", "coordinates": [ 194044.68, 195220.46 ] } },
{ "type": "Feature", "properties": { "LOCATIENUMMER": "2385", "STATUS": "In dienst", "INTERACTIVITEIT": "Interactief", "LICHTBRON_GROEP": "LED", "BRANDPROGRAMMA": "BPIV UNI 20-22-23/DIM/4-5-6 VRZA50", "BRANDPROGRAMMA_GROEP": "BPIV DIM" }, "geometry": { "type": "Point", "coordinates": [ 194013.704999999987194, 195181.663 ] } },
{ "type": "Feature", "properties": { "LOCATIENUMMER": "2402", "STATUS": "In dienst", "INTERACTIVITEIT": "Interactief", "LICHTBRON_GROEP": "LED", "BRANDPROGRAMMA": "BPIV UNI 20-22-23/DIM/4-5-6 VRZA50", "BRANDPROGRAMMA_GROEP": "BPIV DIM" }, "geometry": { "type": "Point", "coordinates": [ 193994.4, 195185.593 ] } },
{ "type": "Feature", "properties": { "LOCATIENUMMER": "2382", "STATUS": "In dienst", "INTERACTIVITEIT": "Interactief", "LICHTBRON_GROEP": "LED", "BRANDPROGRAMMA": "BPIV UNI 20-22-23/DIM/4-5-6 VRZA50", "BRANDPROGRAMMA_GROEP": "BPIV DIM" }, "geometry": { "type": "Point", "coordinates": [ 194071.43, 195247.093 ] } },
{ "type": "Feature", "properties": { "LOCATIENUMMER": "2386", "STATUS": "In dienst", "INTERACTIVITEIT": "Interactief", "LICHTBRON_GROEP": "LED", "BRANDPROGRAMMA": "BPIV UNI 20-22-23/DIM/4-5-6 VRZA50", "BRANDPROGRAMMA_GROEP": "BPIV DIM" }, "geometry": { "type": "Point", "coordinates": [ 193996.465999999985797, 195137.718 ] } },
{ "type": "Feature", "properties": { "LOCATIENUMMER": "2383", "STATUS": "In dienst", "INTERACTIVITEIT": "Interactief", "LICHTBRON_GROEP": "LED", "BRANDPROGRAMMA": "BPIV UNI 20-22-23/DIM/4-5-6 VRZA50", "BRANDPROGRAMMA_GROEP": "BPIV DIM" }, "geometry": { "type": "Point", "coordinates": [ 194110.693999999988591, 195281.464 ] } },
{ "type": "Feature", "properties": { "LOCATIENUMMER": "2387", "STATUS": "In dienst", "INTERACTIVITEIT": "Interactief", "LICHTBRON_GROEP": "LED", "BRANDPROGRAMMA": "BPIV UNI 20-22-23/DIM/4-5-6 VRZA50", "BRANDPROGRAMMA_GROEP": "BPIV DIM" }, "geometry": { "type": "Point", "coordinates": [ 193982.821999999985565, 195104.807999999989988 ] } },
{ "type": "Feature", "properties": { "LOCATIENUMMER": "2388", "STATUS": "In dienst", "INTERACTIVITEIT": "Interactief", "LICHTBRON_GROEP": "LED", "BRANDPROGRAMMA": "BPIV UNI 20-22-23/DIM/4-5-6 VRZA50", "BRANDPROGRAMMA_GROEP": "BPIV DIM" }, "geometry": { "type": "Point", "coordinates": [ 193965.527, 195063.89000000001397 ] } },
{ "type": "Feature", "properties": { "LOCATIENUMMER": "2389", "STATUS": "In dienst", "INTERACTIVITEIT": "Interactief", "LICHTBRON_GROEP": "LED", "BRANDPROGRAMMA": "BPIV UNI 20-22-23/DIM/4-5-6 VRZA50", "BRANDPROGRAMMA_GROEP": "BPIV DIM" }, "geometry": { "type": "Point", "coordinates": [ 193946.457, 195020.317000000010012 ] } },
{ "type": "Feature", "properties": { "LOCATIENUMMER": "2393", "STATUS": "In dienst", "INTERACTIVITEIT": "Interactief", "LICHTBRON_GROEP": "LED", "BRANDPROGRAMMA": "BPIV UNI 20-22-23/DIM/4-5-6 VRZA50", "BRANDPROGRAMMA_GROEP": "BPIV DIM" }, "geometry": { "type": "Point", "coordinates": [ 193939.333000000013271, 195031.670000000012806 ] } },
{ "type": "Feature", "properties": { "LOCATIENUMMER": "3704", "STATUS": "In dienst", "INTERACTIVITEIT": "Niet interactief", "LICHTBRON_GROEP": "NAHP", "BRANDPROGRAMMA": "D22H6.30 (Doven)", "BRANDPROGRAMMA_GROEP": "DxxHyy DOV" }, "geometry": { "type": "Point", "coordinates": [ 197026.352000000013504, 197101.092 ] } },
{ "type": "Feature", "properties": { "LOCATIENUMMER": "3706", "STATUS": "In dienst", "INTERACTIVITEIT": "Niet interactief", "LICHTBRON_GROEP": "NAHP", "BRANDPROGRAMMA": "N", "BRANDPROGRAMMA_GROEP": "N" }, "geometry": { "type": "Point", "coordinates": [ 197046.452, 197012.941 ] } },
{ "type": "Feature", "properties": { "LOCATIENUMMER": "3030", "STATUS": "In dienst", "INTERACTIVITEIT": "Niet interactief", "LICHTBRON_GROEP": "NAHP", "BRANDPROGRAMMA": "D22H6.30 (Doven)", "BRANDPROGRAMMA_GROEP": "DxxHyy DOV" }, "geometry": { "type": "Point", "coordinates": [ 197065.343, 196928.613000000012107 ] } },
{ "type": "Feature", "properties": { "LOCATIENUMMER": "3181", "STATUS": "In dienst", "INTERACTIVITEIT": "Niet interactief", "LICHTBRON_GROEP": "NAHP", "BRANDPROGRAMMA": "N", "BRANDPROGRAMMA_GROEP": "N" }, "geometry": { "type": "Point", "coordinates": [ 197191.31, 197704.405 ] } },
{ "type": "Feature", "properties": { "LOCATIENUMMER": "3163", "STATUS": "In dienst", "INTERACTIVITEIT": "Niet interactief", "LICHTBRON_GROEP": "NAHP", "BRANDPROGRAMMA": "N", "BRANDPROGRAMMA_GROEP": "N" }, "geometry": { "type": "Point", "coordinates": [ 197329.619, 197746.986 ] } },
{ "type": "Feature", "properties": { "LOCATIENUMMER": "3179", "STATUS": "In dienst", "INTERACTIVITEIT": "Niet interactief", "LICHTBRON_GROEP": "NAHP", "BRANDPROGRAMMA": "D22H6.30 (Doven)", "BRANDPROGRAMMA_GROEP": "DxxHyy DOV" }, "geometry": { "type": "Point", "coordinates": [ 197256.657, 197723.56 ] } },
{ "type": "Feature", "properties": { "LOCATIENUMMER": "590", "STATUS": "In dienst", "INTERACTIVITEIT": "Interactief", "LICHTBRON_GROEP": "LED", "BRANDPROGRAMMA": "BPIV UNI 20-22-23/DIM/4-5-6 VRZA50", "BRANDPROGRAMMA_GROEP": "BPIV DIM" }, "geometry": { "type": "Point", "coordinates": [ 199591.087999999988824, 199061.848999999987427 ] } },
{ "type": "Feature", "properties": { "LOCATIENUMMER": "582", "STATUS": "In dienst", "INTERACTIVITEIT": "Interactief", "LICHTBRON_GROEP": "LED", "BRANDPROGRAMMA": "BPIV UNI 20-22-23/DIM/4-5-6 VRZA50", "BRANDPROGRAMMA_GROEP": "BPIV DIM" }, "geometry": { "type": "Point", "coordinates": [ 199762.054, 199067.871000000013737 ] } },
{ "type": "Feature", "properties": { "LOCATIENUMMER": "583", "STATUS": "In dienst", "INTERACTIVITEIT": "Interactief", "LICHTBRON_GROEP": "LED", "BRANDPROGRAMMA": "BPIV UNI 20-22-23/DIM/4-5-6 VRZA50", "BRANDPROGRAMMA_GROEP": "BPIV DIM" }, "geometry": { "type": "Point", "coordinates": [ 199782.842, 199097.163 ] } },
{ "type": "Feature", "properties": { "LOCATIENUMMER": "206", "STATUS": "In dienst", "INTERACTIVITEIT": "Interactief", "LICHTBRON_GROEP": "LED", "BRANDPROGRAMMA": "BPIV UNI 20-22-23/DIM/4-5-6 VRZA50", "BRANDPROGRAMMA_GROEP": "BPIV DIM" }, "geometry": { "type": "Point", "coordinates": [ 199102.037000000011176, 198611.784000000014203 ] } },
{ "type": "Feature", "properties": { "LOCATIENUMMER": "211", "STATUS": "In dienst", "INTERACTIVITEIT": "Interactief", "LICHTBRON_GROEP": "LED", "BRANDPROGRAMMA": "BPIV UNI 20-22-23/DIM/4-5-6 VRZA50", "BRANDPROGRAMMA_GROEP": "BPIV DIM" }, "geometry": { "type": "Point", "coordinates": [ 199284.818999999988591, 198689.627 ] } },
{ "type": "Feature", "properties": { "LOCATIENUMMER": "213", "STATUS": "In dienst", "INTERACTIVITEIT": "Interactief", "LICHTBRON_GROEP": "LED", "BRANDPROGRAMMA": "BPIV UNI 20-22-23/DIM/4-5-6 VRZA50", "BRANDPROGRAMMA_GROEP": "BPIV DIM" }, "geometry": { "type": "Point", "coordinates": [ 199356.658, 198719.582 ] } },
{ "type": "Feature", "properties": { "LOCATIENUMMER": "209", "STATUS": "In dienst", "INTERACTIVITEIT": "Interactief", "LICHTBRON_GROEP": "LED", "BRANDPROGRAMMA": "BPIV UNI 20-22-23/DIM/4-5-6 VRZA50", "BRANDPROGRAMMA_GROEP": "BPIV DIM" }, "geometry": { "type": "Point", "coordinates": [ 199212.816, 198659.451 ] } },
{ "type": "Feature", "properties": { "LOCATIENUMMER": "4008", "STATUS": "In dienst", "INTERACTIVITEIT": "Interactief", "LICHTBRON_GROEP": "LED", "BRANDPROGRAMMA": "BPIV UNI 20-22-23/DIM/4-5-6 VRZA50", "BRANDPROGRAMMA_GROEP": "BPIV DIM" }, "geometry": { "type": "Point", "coordinates": [ 195891.983, 196723.415 ] } },
{ "type": "Feature", "properties": { "LOCATIENUMMER": "4009", "STATUS": "In dienst", "INTERACTIVITEIT": "Interactief", "LICHTBRON_GROEP": "LED", "BRANDPROGRAMMA": "BPIV UNI 20-22-23/DIM/4-5-6 VRZA50", "BRANDPROGRAMMA_GROEP": "BPIV DIM" }, "geometry": { "type": "Point", "coordinates": [ 195891.712, 196676.275 ] } },
{ "type": "Feature", "properties": { "LOCATIENUMMER": "4052", "STATUS": "In dienst", "INTERACTIVITEIT": "Interactief", "LICHTBRON_GROEP": "LED", "BRANDPROGRAMMA": "BPIV UNI 20-22-23/DIM/4-5-6 VRZA50", "BRANDPROGRAMMA_GROEP": "BPIV DIM" }, "geometry": { "type": "Point", "coordinates": [ 194451.00700000001234, 198734.07 ] } },
{ "type": "Feature", "properties": { "LOCATIENUMMER": "123", "STATUS": "In dienst", "INTERACTIVITEIT": "Interactief", "LICHTBRON_GROEP": "LED", "BRANDPROGRAMMA": "BPIV UNI 20-22-23/DIM/4-5-6 VRZA50", "BRANDPROGRAMMA_GROEP": "BPIV DIM" }, "geometry": { "type": "Point", "coordinates": [ 200591.38200000001234, 197929.945 ] } },
{ "type": "Feature", "properties": { "LOCATIENUMMER": "103", "STATUS": "In dienst", "INTERACTIVITEIT": "Interactief", "LICHTBRON_GROEP": "LED", "BRANDPROGRAMMA": "BPIV UNI 20-22-23/DIM/4-5-6 VRZA50", "BRANDPROGRAMMA_GROEP": "BPIV DIM" }, "geometry": { "type": "Point", "coordinates": [ 200700.581, 198087.078 ] } },
{ "type": "Feature", "properties": { "LOCATIENUMMER": "111", "STATUS": "In dienst", "INTERACTIVITEIT": "Interactief", "LICHTBRON_GROEP": "LED", "BRANDPROGRAMMA": "BPIV UNI 20-22-23/DIM/4-5-6 VRZA50", "BRANDPROGRAMMA_GROEP": "BPIV DIM" }, "geometry": { "type": "Point", "coordinates": [ 200449.554, 197887.019 ] } },
{ "type": "Feature", "properties": { "LOCATIENUMMER": "105", "STATUS": "In dienst", "INTERACTIVITEIT": "Interactief", "LICHTBRON_GROEP": "LED", "BRANDPROGRAMMA": "BPIV UNI 20-22-23/DIM/4-5-6 VRZA50", "BRANDPROGRAMMA_GROEP": "BPIV DIM" }, "geometry": { "type": "Point", "coordinates": [ 200713.196999999985565, 198155.477000000013504 ] } },
{ "type": "Feature", "properties": { "LOCATIENUMMER": "107", "STATUS": "In dienst", "INTERACTIVITEIT": "Interactief", "LICHTBRON_GROEP": "LED", "BRANDPROGRAMMA": "BPIV UNI 20-22-23/DIM/4-5-6 VRZA50", "BRANDPROGRAMMA_GROEP": "BPIV DIM" }, "geometry": { "type": "Point", "coordinates": [ 200744.687, 198217.818999999988591 ] } },
{ "type": "Feature", "properties": { "LOCATIENUMMER": "126", "STATUS": "In dienst", "INTERACTIVITEIT": "Interactief", "LICHTBRON_GROEP": "LED", "BRANDPROGRAMMA": "BPIV UNI 20-22-23/DIM/4-5-6 VRZA50", "BRANDPROGRAMMA_GROEP": "BPIV DIM" }, "geometry": { "type": "Point", "coordinates": [ 200715.416999999986729, 197977.769999999989523 ] } },
{ "type": "Feature", "properties": { "LOCATIENUMMER": "127", "STATUS": "In dienst", "INTERACTIVITEIT": "Interactief", "LICHTBRON_GROEP": "LED", "BRANDPROGRAMMA": "BPIV UNI 20-22-23/DIM/4-5-6 VRZA50", "BRANDPROGRAMMA_GROEP": "BPIV DIM" }, "geometry": { "type": "Point", "coordinates": [ 200745.886, 197965.428000000014435 ] } },
{ "type": "Feature", "properties": { "LOCATIENUMMER": "109", "STATUS": "In dienst", "INTERACTIVITEIT": "Interactief", "LICHTBRON_GROEP": "LED", "BRANDPROGRAMMA": "BPIV UNI 20-22-23/DIM/4-5-6 VRZA50", "BRANDPROGRAMMA_GROEP": "BPIV DIM" }, "geometry": { "type": "Point", "coordinates": [ 200789.863000000012107, 198271.212 ] } },
{ "type": "Feature", "properties": { "LOCATIENUMMER": "111", "STATUS": "In dienst", "INTERACTIVITEIT": "Interactief", "LICHTBRON_GROEP": "LED", "BRANDPROGRAMMA": "BPIV UNI 20-22-23/DIM/4-5-6 VRZA50", "BRANDPROGRAMMA_GROEP": "BPIV DIM" }, "geometry": { "type": "Point", "coordinates": [ 200847.746000000013737, 198310.65 ] } },
{ "type": "Feature", "properties": { "LOCATIENUMMER": "102", "STATUS": "In dienst", "INTERACTIVITEIT": "Interactief", "LICHTBRON_GROEP": "LED", "BRANDPROGRAMMA": "BPIV UNI 20-22-23/DIM/4-5-6 VRZA50", "BRANDPROGRAMMA_GROEP": "BPIV DIM" }, "geometry": { "type": "Point", "coordinates": [ 200711.326, 198060.486 ] } },
{ "type": "Feature", "properties": { "LOCATIENUMMER": "121", "STATUS": "In dienst", "INTERACTIVITEIT": "Interactief", "LICHTBRON_GROEP": "LED", "BRANDPROGRAMMA": "BPIV UNI 20-22-23/DIM/4-5-6 VRZA50", "BRANDPROGRAMMA_GROEP": "BPIV DIM" }, "geometry": { "type": "Point", "coordinates": [ 200511.614, 197905.075000000011642 ] } },
{ "type": "Feature", "properties": { "LOCATIENUMMER": "974", "STATUS": "In dienst", "INTERACTIVITEIT": "Niet interactief", "LICHTBRON_GROEP": "NAHP", "BRANDPROGRAMMA": "N", "BRANDPROGRAMMA_GROEP": "N" }, "geometry": { "type": "Point", "coordinates": [ 194148.56, 199516.549999999988358 ] } },
{ "type": "Feature", "properties": { "LOCATIENUMMER": "638", "STATUS": "In dienst", "INTERACTIVITEIT": "Interactief", "LICHTBRON_GROEP": "LED", "BRANDPROGRAMMA": "BPIV UNI 20-22-23/DIM/4-5-6 VRZA50", "BRANDPROGRAMMA_GROEP": "BPIV DIM" }, "geometry": { "type": "Point", "coordinates": [ 194301.048, 199865.608 ] } },
{ "type": "Feature", "properties": { "LOCATIENUMMER": "4661", "STATUS": "In dienst", "INTERACTIVITEIT": "Interactief", "LICHTBRON_GROEP": "LED", "BRANDPROGRAMMA": "BPIV UNI 20-22-23/DIM/4-5-6 VRZA50", "BRANDPROGRAMMA_GROEP": "BPIV DIM" }, "geometry": { "type": "Point", "coordinates": [ 194253.356, 199729.747 ] } },
{ "type": "Feature", "properties": { "LOCATIENUMMER": "4660", "STATUS": "In dienst", "INTERACTIVITEIT": "Interactief", "LICHTBRON_GROEP": "LED", "BRANDPROGRAMMA": "BPIV UNI 20-22-23/DIM/4-5-6 VRZA50", "BRANDPROGRAMMA_GROEP": "BPIV DIM" }, "geometry": { "type": "Point", "coordinates": [ 194234.994, 199770.439000000013039 ] } },
{ "type": "Feature", "properties": { "LOCATIENUMMER": "612", "STATUS": "In dienst", "INTERACTIVITEIT": "Niet interactief", "LICHTBRON_GROEP": "NAHP", "BRANDPROGRAMMA": "N", "BRANDPROGRAMMA_GROEP": "N" }, "geometry": { "type": "Point", "coordinates": [ 194233.288, 199814.601 ] } },
{ "type": "Feature", "properties": { "LOCATIENUMMER": "287", "STATUS": "In dienst", "INTERACTIVITEIT": "Interactief", "LICHTBRON_GROEP": "LED", "BRANDPROGRAMMA": "BPIV UNI 20-22-23/DIM/4-5-6 VRZA50", "BRANDPROGRAMMA_GROEP": "BPIV DIM" }, "geometry": { "type": "Point", "coordinates": [ 194422.139, 200032.844000000011874 ] } },
{ "type": "Feature", "properties": { "LOCATIENUMMER": "1097", "STATUS": "In dienst", "INTERACTIVITEIT": "Niet interactief", "LICHTBRON_GROEP": "HGHP", "BRANDPROGRAMMA": "N", "BRANDPROGRAMMA_GROEP": "N" }, "geometry": { "type": "Point", "coordinates": [ 194491.68, 199949.708000000013271 ] } },
{ "type": "Feature", "properties": { "LOCATIENUMMER": "1095", "STATUS": "In dienst", "INTERACTIVITEIT": "Niet interactief", "LICHTBRON_GROEP": "NAHP", "BRANDPROGRAMMA": "D22H6.30 (Doven)", "BRANDPROGRAMMA_GROEP": "DxxHyy DOV" }, "geometry": { "type": "Point", "coordinates": [ 194538.10999999998603, 199881.932999999989988 ] } },
{ "type": "Feature", "properties": { "LOCATIENUMMER": "1096", "STATUS": "In dienst", "INTERACTIVITEIT": "Niet interactief", "LICHTBRON_GROEP": "NAHP", "BRANDPROGRAMMA": "N", "BRANDPROGRAMMA_GROEP": "N" }, "geometry": { "type": "Point", "coordinates": [ 194505.886, 199925.633 ] } },
{ "type": "Feature", "properties": { "LOCATIENUMMER": "1094", "STATUS": "In dienst", "INTERACTIVITEIT": "Niet interactief", "LICHTBRON_GROEP": "NAHP", "BRANDPROGRAMMA": "N", "BRANDPROGRAMMA_GROEP": "N" }, "geometry": { "type": "Point", "coordinates": [ 194563.886999999987893, 199844.053000000014435 ] } },
{ "type": "Feature", "properties": { "LOCATIENUMMER": "1093", "STATUS": "In dienst", "INTERACTIVITEIT": "Niet interactief", "LICHTBRON_GROEP": "NAHP", "BRANDPROGRAMMA": "D22H6.30 (Doven)", "BRANDPROGRAMMA_GROEP": "DxxHyy DOV" }, "geometry": { "type": "Point", "coordinates": [ 194568.44, 199802.772999999986496 ] } },
{ "type": "Feature", "properties": { "LOCATIENUMMER": "1099", "STATUS": "In dienst", "INTERACTIVITEIT": "Niet interactief", "LICHTBRON_GROEP": "HGHP", "BRANDPROGRAMMA": "N", "BRANDPROGRAMMA_GROEP": "N" }, "geometry": { "type": "Point", "coordinates": [ 194449.836000000010245, 200004.275 ] } },
{ "type": "Feature", "properties": { "LOCATIENUMMER": "1098", "STATUS": "In dienst", "INTERACTIVITEIT": "Niet interactief", "LICHTBRON_GROEP": "HGHP", "BRANDPROGRAMMA": "D22H6.30 (Doven)", "BRANDPROGRAMMA_GROEP": "DxxHyy DOV" }, "geometry": { "type": "Point", "coordinates": [ 194468.324, 199980.878 ] } },
{ "type": "Feature", "properties": { "LOCATIENUMMER": "1795", "STATUS": "In dienst", "INTERACTIVITEIT": "Interactief", "LICHTBRON_GROEP": "LED", "BRANDPROGRAMMA": "BPIV UNI 20-22-23/DIM/4-5-6 VRZA50", "BRANDPROGRAMMA_GROEP": "BPIV DIM" }, "geometry": { "type": "Point", "coordinates": [ 192533.66, 195328.117 ] } },
{ "type": "Feature", "properties": { "LOCATIENUMMER": "1793", "STATUS": "In dienst", "INTERACTIVITEIT": "Interactief", "LICHTBRON_GROEP": "LED", "BRANDPROGRAMMA": "BPIV UNI 20-22-23/DIM/4-5-6 VRZA50", "BRANDPROGRAMMA_GROEP": "BPIV DIM" }, "geometry": { "type": "Point", "coordinates": [ 192613.682, 195298.327 ] } },
{ "type": "Feature", "properties": { "LOCATIENUMMER": "1791", "STATUS": "In dienst", "INTERACTIVITEIT": "Interactief", "LICHTBRON_GROEP": "LED", "BRANDPROGRAMMA": "BPIV UNI 20-22-23/DIM/4-5-6 VRZA50", "BRANDPROGRAMMA_GROEP": "BPIV DIM" }, "geometry": { "type": "Point", "coordinates": [ 192690.353, 195257.609 ] } },
{ "type": "Feature", "properties": { "LOCATIENUMMER": "1790", "STATUS": "In dienst", "INTERACTIVITEIT": "Interactief", "LICHTBRON_GROEP": "LED", "BRANDPROGRAMMA": "BPIV UNI 20-22-23/DIM/4-5-6 VRZA50", "BRANDPROGRAMMA_GROEP": "BPIV DIM" }, "geometry": { "type": "Point", "coordinates": [ 192723.801, 195238.494 ] } },
{ "type": "Feature", "properties": { "LOCATIENUMMER": "1799", "STATUS": "In dienst", "INTERACTIVITEIT": "Interactief", "LICHTBRON_GROEP": "LED", "BRANDPROGRAMMA": "BPIV UNI 20-22-23/DIM/4-5-6 VRZA50", "BRANDPROGRAMMA_GROEP": "BPIV DIM" }, "geometry": { "type": "Point", "coordinates": [ 192841.803000000014435, 195191.053000000014435 ] } },
{ "type": "Feature", "properties": { "LOCATIENUMMER": "1788", "STATUS": "In dienst", "INTERACTIVITEIT": "Interactief", "LICHTBRON_GROEP": "LED", "BRANDPROGRAMMA": "BPIV UNI 20-22-23/DIM/4-5-6 VRZA50", "BRANDPROGRAMMA_GROEP": "BPIV DIM" }, "geometry": { "type": "Point", "coordinates": [ 192776.688, 195198.676 ] } },
{ "type": "Feature", "properties": { "LOCATIENUMMER": "1811", "STATUS": "In dienst", "INTERACTIVITEIT": "Interactief-ready", "LICHTBRON_GROEP": "LED", "BRANDPROGRAMMA": "D22H6.30 (Doven)", "BRANDPROGRAMMA_GROEP": "DxxHyy DOV" }, "geometry": { "type": "Point", "coordinates": [ 192889.071999999985565, 195195.294 ] } },
{ "type": "Feature", "properties": { "LOCATIENUMMER": "1786", "STATUS": "In dienst", "INTERACTIVITEIT": "Interactief", "LICHTBRON_GROEP": "LED", "BRANDPROGRAMMA": "BPIV UNI 20-22-23/DIM/4-5-6 VRZA50", "BRANDPROGRAMMA_GROEP": "BPIV DIM" }, "geometry": { "type": "Point", "coordinates": [ 192816.352000000013504, 195131.1 ] } },
{ "type": "Feature", "properties": { "LOCATIENUMMER": "1808", "STATUS": "In dienst", "INTERACTIVITEIT": "Interactief-ready", "LICHTBRON_GROEP": "LED", "BRANDPROGRAMMA": "D22H6.30 (Doven)", "BRANDPROGRAMMA_GROEP": "DxxHyy DOV" }, "geometry": { "type": "Point", "coordinates": [ 192853.159000000014203, 195121.491 ] } },
{ "type": "Feature", "properties": { "LOCATIENUMMER": "2791", "STATUS": "In dienst", "INTERACTIVITEIT": "Niet interactief", "LICHTBRON_GROEP": "NAHP", "BRANDPROGRAMMA": "D22H6.30 (Doven)", "BRANDPROGRAMMA_GROEP": "DxxHyy DOV" }, "geometry": { "type": "Point", "coordinates": [ 193104.04, 193821.893000000010943 ] } },
{ "type": "Feature", "properties": { "LOCATIENUMMER": "2757", "STATUS": "In dienst", "INTERACTIVITEIT": "Niet interactief", "LICHTBRON_GROEP": "NALP", "BRANDPROGRAMMA": "D22H6.30 (Doven)", "BRANDPROGRAMMA_GROEP": "DxxHyy DOV" }, "geometry": { "type": "Point", "coordinates": [ 193091.384, 193695.677 ] } },
{ "type": "Feature", "properties": { "LOCATIENUMMER": "2759", "STATUS": "In dienst", "INTERACTIVITEIT": "Niet interactief", "LICHTBRON_GROEP": "NALP", "BRANDPROGRAMMA": "D22H6.30 (Doven)", "BRANDPROGRAMMA_GROEP": "DxxHyy DOV" }, "geometry": { "type": "Point", "coordinates": [ 193072.413, 193616.722 ] } },
{ "type": "Feature", "properties": { "LOCATIENUMMER": "2761", "STATUS": "In dienst", "INTERACTIVITEIT": "Niet interactief", "LICHTBRON_GROEP": "NAHP", "BRANDPROGRAMMA": "N", "BRANDPROGRAMMA_GROEP": "N" }, "geometry": { "type": "Point", "coordinates": [ 193060.200000000011642, 193538.297 ] } },
{ "type": "Feature", "properties": { "LOCATIENUMMER": "2765", "STATUS": "In dienst", "INTERACTIVITEIT": "Niet interactief", "LICHTBRON_GROEP": "NAHP", "BRANDPROGRAMMA": "N", "BRANDPROGRAMMA_GROEP": "N" }, "geometry": { "type": "Point", "coordinates": [ 193040.595, 193366.174999999988358 ] } },
{ "type": "Feature", "properties": { "LOCATIENUMMER": "2755", "STATUS": "In dienst", "INTERACTIVITEIT": "Niet interactief", "LICHTBRON_GROEP": "NAHP", "BRANDPROGRAMMA": "N", "BRANDPROGRAMMA_GROEP": "N" }, "geometry": { "type": "Point", "coordinates": [ 193108.103, 193777.973 ] } },
{ "type": "Feature", "properties": { "LOCATIENUMMER": "86", "STATUS": "In dienst", "INTERACTIVITEIT": "Interactief", "LICHTBRON_GROEP": "LED", "BRANDPROGRAMMA": "BPIV UNI 20-22-23/DIM/4-5-6 VRZA50", "BRANDPROGRAMMA_GROEP": "BPIV DIM" }, "geometry": { "type": "Point", "coordinates": [ 193140.948, 195070.019 ] } },
{ "type": "Feature", "properties": { "LOCATIENUMMER": "2417", "STATUS": "In dienst", "INTERACTIVITEIT": "Interactief", "LICHTBRON_GROEP": "LED", "BRANDPROGRAMMA": "BPIV UNI 20-22-23/DIM/4-5-6 VRZA50", "BRANDPROGRAMMA_GROEP": "BPIV DIM" }, "geometry": { "type": "Point", "coordinates": [ 193107.505, 195161.865 ] } },
{ "type": "Feature", "properties": { "LOCATIENUMMER": "2418", "STATUS": "In dienst", "INTERACTIVITEIT": "Interactief", "LICHTBRON_GROEP": "LED", "BRANDPROGRAMMA": "BPIV UNI 20-22-23/DIM/4-5-6 VRZA50", "BRANDPROGRAMMA_GROEP": "BPIV DIM" }, "geometry": { "type": "Point", "coordinates": [ 193113.957, 195149.678000000014435 ] } },
{ "type": "Feature", "properties": { "LOCATIENUMMER": "2419", "STATUS": "In dienst", "INTERACTIVITEIT": "Interactief", "LICHTBRON_GROEP": "LED", "BRANDPROGRAMMA": "BPIV UNI 20-22-23/DIM/4-5-6 VRZA50", "BRANDPROGRAMMA_GROEP": "BPIV DIM" }, "geometry": { "type": "Point", "coordinates": [ 193126.62599999998929, 195159.035 ] } },
{ "type": "Feature", "properties": { "LOCATIENUMMER": "2421", "STATUS": "In dienst", "INTERACTIVITEIT": "Interactief", "LICHTBRON_GROEP": "LED", "BRANDPROGRAMMA": "BPIV UNI 20-22-23/DIM/4-5-6 VRZA50", "BRANDPROGRAMMA_GROEP": "BPIV DIM" }, "geometry": { "type": "Point", "coordinates": [ 193145.362, 195096.033 ] } },
{ "type": "Feature", "properties": { "LOCATIENUMMER": "2421", "STATUS": "In dienst", "INTERACTIVITEIT": "Interactief", "LICHTBRON_GROEP": "LED", "BRANDPROGRAMMA": "BPIV UNI 20-22-23/DIM/4-5-6 VRZA50", "BRANDPROGRAMMA_GROEP": "BPIV DIM" }, "geometry": { "type": "Point", "coordinates": [ 193145.362, 195096.033 ] } },
{ "type": "Feature", "properties": { "LOCATIENUMMER": "2414", "STATUS": "In dienst", "INTERACTIVITEIT": "Interactief", "LICHTBRON_GROEP": "LED", "BRANDPROGRAMMA": "BPIV UNI 20-22-23/DIM/4-5-6 VRZA50", "BRANDPROGRAMMA_GROEP": "BPIV DIM" }, "geometry": { "type": "Point", "coordinates": [ 193050.359, 195181.622 ] } },
{ "type": "Feature", "properties": { "LOCATIENUMMER": "2415", "STATUS": "In dienst", "INTERACTIVITEIT": "Interactief", "LICHTBRON_GROEP": "LED", "BRANDPROGRAMMA": "BPIV UNI 20-22-23/DIM/4-5-6 VRZA50", "BRANDPROGRAMMA_GROEP": "BPIV DIM" }, "geometry": { "type": "Point", "coordinates": [ 193014.812, 195171.169 ] } },
{ "type": "Feature", "properties": { "LOCATIENUMMER": "2420", "STATUS": "In dienst", "INTERACTIVITEIT": "Interactief", "LICHTBRON_GROEP": "LED", "BRANDPROGRAMMA": "BPIV UNI 20-22-23/DIM/4-5-6 VRZA50", "BRANDPROGRAMMA_GROEP": "BPIV DIM" }, "geometry": { "type": "Point", "coordinates": [ 193150.891, 195167.052 ] } },
{ "type": "Feature", "properties": { "LOCATIENUMMER": "2410", "STATUS": "In dienst", "INTERACTIVITEIT": "Interactief", "LICHTBRON_GROEP": "LED", "BRANDPROGRAMMA": "BPIV UNI 20-22-23/DIM/4-5-6 VRZA50", "BRANDPROGRAMMA_GROEP": "BPIV DIM" }, "geometry": { "type": "Point", "coordinates": [ 193132.622, 195242.49299999998766 ] } },
{ "type": "Feature", "properties": { "LOCATIENUMMER": "2411", "STATUS": "In dienst", "INTERACTIVITEIT": "Interactief", "LICHTBRON_GROEP": "LED", "BRANDPROGRAMMA": "BPIV UNI 20-22-23/DIM/4-5-6 VRZA50", "BRANDPROGRAMMA_GROEP": "BPIV DIM" }, "geometry": { "type": "Point", "coordinates": [ 193136.347, 195207.002 ] } },
{ "type": "Feature", "properties": { "LOCATIENUMMER": "2416", "STATUS": "In dienst", "INTERACTIVITEIT": "Interactief", "LICHTBRON_GROEP": "LED", "BRANDPROGRAMMA": "BPIV UNI 20-22-23/DIM/4-5-6 VRZA50", "BRANDPROGRAMMA_GROEP": "BPIV DIM" }, "geometry": { "type": "Point", "coordinates": [ 192992.413, 195155.666 ] } },
{ "type": "Feature", "properties": { "LOCATIENUMMER": "2412", "STATUS": "In dienst", "INTERACTIVITEIT": "Interactief", "LICHTBRON_GROEP": "LED", "BRANDPROGRAMMA": "BPIV UNI 20-22-23/DIM/4-5-6 VRZA50", "BRANDPROGRAMMA_GROEP": "BPIV DIM" }, "geometry": { "type": "Point", "coordinates": [ 193114.239, 195200.385 ] } },
{ "type": "Feature", "properties": { "LOCATIENUMMER": "2422", "STATUS": "In dienst", "INTERACTIVITEIT": "Interactief", "LICHTBRON_GROEP": "LED", "BRANDPROGRAMMA": "BPIV UNI 20-22-23/DIM/4-5-6 VRZA50", "BRANDPROGRAMMA_GROEP": "BPIV DIM" }, "geometry": { "type": "Point", "coordinates": [ 193166.943, 195117.244 ] } },
{ "type": "Feature", "properties": { "LOCATIENUMMER": "2423", "STATUS": "In dienst", "INTERACTIVITEIT": "Interactief", "LICHTBRON_GROEP": "LED", "BRANDPROGRAMMA": "BPIV UNI 20-22-23/DIM/4-5-6 VRZA50", "BRANDPROGRAMMA_GROEP": "BPIV DIM" }, "geometry": { "type": "Point", "coordinates": [ 193160.431000000011409, 195141.693999999988591 ] } },
{ "type": "Feature", "properties": { "LOCATIENUMMER": "2413", "STATUS": "In dienst", "INTERACTIVITEIT": "Interactief", "LICHTBRON_GROEP": "LED", "BRANDPROGRAMMA": "BPIV UNI 20-22-23/DIM/4-5-6 VRZA50", "BRANDPROGRAMMA_GROEP": "BPIV DIM" }, "geometry": { "type": "Point", "coordinates": [ 193085.467, 195192.048 ] } },
{ "type": "Feature", "properties": { "LOCATIENUMMER": "87", "STATUS": "In dienst", "INTERACTIVITEIT": "Interactief", "LICHTBRON_GROEP": "LED", "BRANDPROGRAMMA": "BPIV UNI 20-22-23/DIM/4-5-6 VRZA50", "BRANDPROGRAMMA_GROEP": "BPIV DIM" }, "geometry": { "type": "Point", "coordinates": [ 193155.582, 195062.537000000011176 ] } },
{ "type": "Feature", "properties": { "LOCATIENUMMER": "88", "STATUS": "In dienst", "INTERACTIVITEIT": "Interactief", "LICHTBRON_GROEP": "LED", "BRANDPROGRAMMA": "BPIV UNI 20-22-23/DIM/4-5-6 VRZA50", "BRANDPROGRAMMA_GROEP": "BPIV DIM" }, "geometry": { "type": "Point", "coordinates": [ 193170.256, 195084.018000000010943 ] } },
{ "type": "Feature", "properties": { "LOCATIENUMMER": "2002", "STATUS": "In dienst", "INTERACTIVITEIT": "Niet interactief", "LICHTBRON_GROEP": "LED", "BRANDPROGRAMMA": "D22H6.30 (Doven)", "BRANDPROGRAMMA_GROEP": "DxxHyy DOV" }, "geometry": { "type": "Point", "coordinates": [ 193318.228, 193639.073 ] } },
{ "type": "Feature", "properties": { "LOCATIENUMMER": "2797", "STATUS": "In dienst", "INTERACTIVITEIT": "Niet interactief", "LICHTBRON_GROEP": "LED", "BRANDPROGRAMMA": "D22H6.30 (Doven)", "BRANDPROGRAMMA_GROEP": "DxxHyy DOV" }, "geometry": { "type": "Point", "coordinates": [ 193166.071999999985565, 193877.788999999989755 ] } },
{ "type": "Feature", "properties": { "LOCATIENUMMER": "2001", "STATUS": "In dienst", "INTERACTIVITEIT": "Niet interactief", "LICHTBRON_GROEP": "LED", "BRANDPROGRAMMA": "N", "BRANDPROGRAMMA_GROEP": "N" }, "geometry": { "type": "Point", "coordinates": [ 193335.733, 193600.503 ] } },
{ "type": "Feature", "properties": { "LOCATIENUMMER": "2795", "STATUS": "In dienst", "INTERACTIVITEIT": "Niet interactief", "LICHTBRON_GROEP": "LED", "BRANDPROGRAMMA": "D22H6.30 (Doven)", "BRANDPROGRAMMA_GROEP": "DxxHyy DOV" }, "geometry": { "type": "Point", "coordinates": [ 193217.922, 193807.688 ] } },
{ "type": "Feature", "properties": { "LOCATIENUMMER": "1999", "STATUS": "In dienst", "INTERACTIVITEIT": "Niet interactief", "LICHTBRON_GROEP": "LED", "BRANDPROGRAMMA": "N", "BRANDPROGRAMMA_GROEP": "N" }, "geometry": { "type": "Point", "coordinates": [ 193398.46, 193556.038 ] } },
{ "type": "Feature", "properties": { "LOCATIENUMMER": "1997", "STATUS": "In dienst", "INTERACTIVITEIT": "Niet interactief", "LICHTBRON_GROEP": "LED", "BRANDPROGRAMMA": "D22H6.30 (Doven)", "BRANDPROGRAMMA_GROEP": "DxxHyy DOV" }, "geometry": { "type": "Point", "coordinates": [ 193433.225, 193479.529 ] } },
{ "type": "Feature", "properties": { "LOCATIENUMMER": "1996", "STATUS": "In dienst", "INTERACTIVITEIT": "Niet interactief", "LICHTBRON_GROEP": "LED", "BRANDPROGRAMMA": "D22H6.30 (Doven)", "BRANDPROGRAMMA_GROEP": "DxxHyy DOV" }, "geometry": { "type": "Point", "coordinates": [ 193446.178000000014435, 193440.085 ] } },
{ "type": "Feature", "properties": { "LOCATIENUMMER": "2006", "STATUS": "In dienst", "INTERACTIVITEIT": "Interactief-ready", "LICHTBRON_GROEP": "LED", "BRANDPROGRAMMA": "N", "BRANDPROGRAMMA_GROEP": "N" }, "geometry": { "type": "Point", "coordinates": [ 193393.689000000013039, 193694.816 ] } },
{ "type": "Feature", "properties": { "LOCATIENUMMER": "1995", "STATUS": "In dienst", "INTERACTIVITEIT": "Interactief-ready", "LICHTBRON_GROEP": "LED", "BRANDPROGRAMMA": "D22H6.30 (Doven)", "BRANDPROGRAMMA_GROEP": "DxxHyy DOV" }, "geometry": { "type": "Point", "coordinates": [ 193432.647, 193689.449 ] } },
{ "type": "Feature", "properties": { "LOCATIENUMMER": "2004", "STATUS": "In dienst", "INTERACTIVITEIT": "Interactief-ready", "LICHTBRON_GROEP": "LED", "BRANDPROGRAMMA": "D22H6.30 (Doven)", "BRANDPROGRAMMA_GROEP": "DxxHyy DOV" }, "geometry": { "type": "Point", "coordinates": [ 193318.144, 193702.935999999986961 ] } },
{ "type": "Feature", "properties": { "LOCATIENUMMER": "2005", "STATUS": "In dienst", "INTERACTIVITEIT": "Interactief-ready", "LICHTBRON_GROEP": "LED", "BRANDPROGRAMMA": "D22H6.30 (Doven)", "BRANDPROGRAMMA_GROEP": "DxxHyy DOV" }, "geometry": { "type": "Point", "coordinates": [ 193361.351, 193695.71 ] } },
{ "type": "Feature", "properties": { "LOCATIENUMMER": "2000", "STATUS": "In dienst", "INTERACTIVITEIT": "Niet interactief", "LICHTBRON_GROEP": "LED", "BRANDPROGRAMMA": "D22H6.30 (Doven)", "BRANDPROGRAMMA_GROEP": "DxxHyy DOV" }, "geometry": { "type": "Point", "coordinates": [ 193366.731, 193576.971 ] } },
{ "type": "Feature", "properties": { "LOCATIENUMMER": "1998", "STATUS": "In dienst", "INTERACTIVITEIT": "Niet interactief", "LICHTBRON_GROEP": "LED", "BRANDPROGRAMMA": "N", "BRANDPROGRAMMA_GROEP": "N" }, "geometry": { "type": "Point", "coordinates": [ 193421.393000000010943, 193515.669 ] } },
{ "type": "Feature", "properties": { "LOCATIENUMMER": "1812", "STATUS": "In dienst", "INTERACTIVITEIT": "Interactief-ready", "LICHTBRON_GROEP": "LED", "BRANDPROGRAMMA": "D22H6.30 (Doven)", "BRANDPROGRAMMA_GROEP": "DxxHyy DOV" }, "geometry": { "type": "Point", "coordinates": [ 192935.503, 195211.873 ] } },
{ "type": "Feature", "properties": { "LOCATIENUMMER": "1810", "STATUS": "In dienst", "INTERACTIVITEIT": "Interactief-ready", "LICHTBRON_GROEP": "LED", "BRANDPROGRAMMA": "N", "BRANDPROGRAMMA_GROEP": "N" }, "geometry": { "type": "Point", "coordinates": [ 192906.64000000001397, 195184.337 ] } },
{ "type": "Feature", "properties": { "LOCATIENUMMER": "1809", "STATUS": "In dienst", "INTERACTIVITEIT": "Interactief-ready", "LICHTBRON_GROEP": "LED", "BRANDPROGRAMMA": "D22H6.30 (Doven)", "BRANDPROGRAMMA_GROEP": "DxxHyy DOV" }, "geometry": { "type": "Point", "coordinates": [ 192879.86799999998766, 195153.552 ] } },
{ "type": "Feature", "properties": { "LOCATIENUMMER": "1806", "STATUS": "In dienst", "INTERACTIVITEIT": "Interactief-ready", "LICHTBRON_GROEP": "LED", "BRANDPROGRAMMA": "N", "BRANDPROGRAMMA_GROEP": "N" }, "geometry": { "type": "Point", "coordinates": [ 192823.662000000011176, 195060.067000000010012 ] } },
{ "type": "Feature", "properties": { "LOCATIENUMMER": "1805", "STATUS": "In dienst", "INTERACTIVITEIT": "Interactief-ready", "LICHTBRON_GROEP": "LED", "BRANDPROGRAMMA": "D22H6.30 (Doven)", "BRANDPROGRAMMA_GROEP": "DxxHyy DOV" }, "geometry": { "type": "Point", "coordinates": [ 192819.152, 195014.826 ] } },
{ "type": "Feature", "properties": { "LOCATIENUMMER": "1807", "STATUS": "In dienst", "INTERACTIVITEIT": "Interactief-ready", "LICHTBRON_GROEP": "LED", "BRANDPROGRAMMA": "N", "BRANDPROGRAMMA_GROEP": "N" }, "geometry": { "type": "Point", "coordinates": [ 192833.557, 195089.384 ] } },
{ "type": "Feature", "properties": { "LOCATIENUMMER": "1804", "STATUS": "In dienst", "INTERACTIVITEIT": "Interactief-ready", "LICHTBRON_GROEP": "LED", "BRANDPROGRAMMA": "N", "BRANDPROGRAMMA_GROEP": "N" }, "geometry": { "type": "Point", "coordinates": [ 192821.877, 194977.468 ] } },
{ "type": "Feature", "properties": { "LOCATIENUMMER": "1802", "STATUS": "In dienst", "INTERACTIVITEIT": "Interactief-ready", "LICHTBRON_GROEP": "LED", "BRANDPROGRAMMA": "D22H6.30 (Doven)", "BRANDPROGRAMMA_GROEP": "DxxHyy DOV" }, "geometry": { "type": "Point", "coordinates": [ 192824.303000000014435, 194939.488000000012107 ] } },
{ "type": "Feature", "properties": { "LOCATIENUMMER": "1801", "STATUS": "In dienst", "INTERACTIVITEIT": "Interactief-ready", "LICHTBRON_GROEP": "LED", "BRANDPROGRAMMA": "N", "BRANDPROGRAMMA_GROEP": "N" }, "geometry": { "type": "Point", "coordinates": [ 192811.802, 194879.435999999986961 ] } },
{ "type": "Feature", "properties": { "LOCATIENUMMER": "2330", "STATUS": "In dienst", "INTERACTIVITEIT": "Interactief-ready", "LICHTBRON_GROEP": "LED", "BRANDPROGRAMMA": "N", "BRANDPROGRAMMA_GROEP": "N" }, "geometry": { "type": "Point", "coordinates": [ 192831.902, 194861.65 ] } },
{ "type": "Feature", "properties": { "LOCATIENUMMER": "2329", "STATUS": "In dienst", "INTERACTIVITEIT": "Interactief-ready", "LICHTBRON_GROEP": "LED", "BRANDPROGRAMMA": "D22H6.30 (Doven)", "BRANDPROGRAMMA_GROEP": "DxxHyy DOV" }, "geometry": { "type": "Point", "coordinates": [ 192843.518000000010943, 194822.075000000011642 ] } },
{ "type": "Feature", "properties": { "LOCATIENUMMER": "1814", "STATUS": "In dienst", "INTERACTIVITEIT": "Interactief-ready", "LICHTBRON_GROEP": "LED", "BRANDPROGRAMMA": "N", "BRANDPROGRAMMA_GROEP": "N" }, "geometry": { "type": "Point", "coordinates": [ 193000.317000000010012, 195265.101 ] } },
{ "type": "Feature", "properties": { "LOCATIENUMMER": "2328", "STATUS": "In dienst", "INTERACTIVITEIT": "Interactief-ready", "LICHTBRON_GROEP": "LED", "BRANDPROGRAMMA": "D22H6.30 (Doven)", "BRANDPROGRAMMA_GROEP": "DxxHyy DOV" }, "geometry": { "type": "Point", "coordinates": [ 192854.76, 194784.291 ] } },
{ "type": "Feature", "properties": { "LOCATIENUMMER": "1777", "STATUS": "In dienst", "INTERACTIVITEIT": "Interactief", "LICHTBRON_GROEP": "LED", "BRANDPROGRAMMA": "BPIV UNI 20-22-23/DIM/4-5-6 VRZA50", "BRANDPROGRAMMA_GROEP": "BPIV DIM" }, "geometry": { "type": "Point", "coordinates": [ 192900.454999999987194, 195004.859 ] } },
{ "type": "Feature", "properties": { "LOCATIENUMMER": "2327", "STATUS": "In dienst", "INTERACTIVITEIT": "Interactief-ready", "LICHTBRON_GROEP": "LED", "BRANDPROGRAMMA": "N", "BRANDPROGRAMMA_GROEP": "N" }, "geometry": { "type": "Point", "coordinates": [ 192866.47, 194745.361 ] } },
{ "type": "Feature", "properties": { "LOCATIENUMMER": "1803", "STATUS": "In dienst", "INTERACTIVITEIT": "Interactief-ready", "LICHTBRON_GROEP": "LED", "BRANDPROGRAMMA": "N", "BRANDPROGRAMMA_GROEP": "N" }, "geometry": { "type": "Point", "coordinates": [ 192826.049999999988358, 194905.65 ] } },
{ "type": "Feature", "properties": { "LOCATIENUMMER": "2325", "STATUS": "In dienst", "INTERACTIVITEIT": "Interactief-ready", "LICHTBRON_GROEP": "LED", "BRANDPROGRAMMA": "D22H6.30 (Doven)", "BRANDPROGRAMMA_GROEP": "DxxHyy DOV" }, "geometry": { "type": "Point", "coordinates": [ 192879.16, 194703.01 ] } },
{ "type": "Feature", "properties": { "LOCATIENUMMER": "2326", "STATUS": "In dienst", "INTERACTIVITEIT": "Interactief-ready", "LICHTBRON_GROEP": "LED", "BRANDPROGRAMMA": "D22H6.30 (Doven)", "BRANDPROGRAMMA_GROEP": "DxxHyy DOV" }, "geometry": { "type": "Point", "coordinates": [ 192894.538999999989755, 194667.226 ] } },
{ "type": "Feature", "properties": { "LOCATIENUMMER": "2315", "STATUS": "In dienst", "INTERACTIVITEIT": "Interactief-ready", "LICHTBRON_GROEP": "LED", "BRANDPROGRAMMA": "N", "BRANDPROGRAMMA_GROEP": "N" }, "geometry": { "type": "Point", "coordinates": [ 193045.761999999987893, 194302.904 ] } },
{ "type": "Feature", "properties": { "LOCATIENUMMER": "2316", "STATUS": "In dienst", "INTERACTIVITEIT": "Interactief-ready", "LICHTBRON_GROEP": "LED", "BRANDPROGRAMMA": "D22H6.30 (Doven)", "BRANDPROGRAMMA_GROEP": "DxxHyy DOV" }, "geometry": { "type": "Point", "coordinates": [ 193025.272999999986496, 194336.88 ] } },
{ "type": "Feature", "properties": { "LOCATIENUMMER": "2317", "STATUS": "In dienst", "INTERACTIVITEIT": "Interactief-ready", "LICHTBRON_GROEP": "LED", "BRANDPROGRAMMA": "D22H6.30 (Doven)", "BRANDPROGRAMMA_GROEP": "DxxHyy DOV" }, "geometry": { "type": "Point", "coordinates": [ 193012.108, 194371.114 ] } },
{ "type": "Feature", "properties": { "LOCATIENUMMER": "2318", "STATUS": "In dienst", "INTERACTIVITEIT": "Interactief-ready", "LICHTBRON_GROEP": "LED", "BRANDPROGRAMMA": "N", "BRANDPROGRAMMA_GROEP": "N" }, "geometry": { "type": "Point", "coordinates": [ 193001.07, 194408.793 ] } },
{ "type": "Feature", "properties": { "LOCATIENUMMER": "2319", "STATUS": "In dienst", "INTERACTIVITEIT": "Interactief-ready", "LICHTBRON_GROEP": "LED", "BRANDPROGRAMMA": "D22H6.30 (Doven)", "BRANDPROGRAMMA_GROEP": "DxxHyy DOV" }, "geometry": { "type": "Point", "coordinates": [ 192988.608, 194451.592 ] } },
{ "type": "Feature", "properties": { "LOCATIENUMMER": "2324", "STATUS": "In dienst", "INTERACTIVITEIT": "Interactief-ready", "LICHTBRON_GROEP": "LED", "BRANDPROGRAMMA": "N", "BRANDPROGRAMMA_GROEP": "N" }, "geometry": { "type": "Point", "coordinates": [ 192912.945, 194632.655999999988126 ] } },
{ "type": "Feature", "properties": { "LOCATIENUMMER": "2320", "STATUS": "In dienst", "INTERACTIVITEIT": "Interactief-ready", "LICHTBRON_GROEP": "LED", "BRANDPROGRAMMA": "D22H6.30 (Doven)", "BRANDPROGRAMMA_GROEP": "DxxHyy DOV" }, "geometry": { "type": "Point", "coordinates": [ 192978.219000000011874, 194487.867 ] } },
{ "type": "Feature", "properties": { "LOCATIENUMMER": "2321", "STATUS": "In dienst", "INTERACTIVITEIT": "Interactief-ready", "LICHTBRON_GROEP": "LED", "BRANDPROGRAMMA": "N", "BRANDPROGRAMMA_GROEP": "N" }, "geometry": { "type": "Point", "coordinates": [ 192967.651000000012573, 194523.278 ] } },
{ "type": "Feature", "properties": { "LOCATIENUMMER": "2322", "STATUS": "In dienst", "INTERACTIVITEIT": "Interactief-ready", "LICHTBRON_GROEP": "LED", "BRANDPROGRAMMA": "D22H6.30 (Doven)", "BRANDPROGRAMMA_GROEP": "DxxHyy DOV" }, "geometry": { "type": "Point", "coordinates": [ 192951.942000000010012, 194559.26 ] } },
{ "type": "Feature", "properties": { "LOCATIENUMMER": "2323", "STATUS": "In dienst", "INTERACTIVITEIT": "Interactief-ready", "LICHTBRON_GROEP": "LED", "BRANDPROGRAMMA": "D22H6.30 (Doven)", "BRANDPROGRAMMA_GROEP": "DxxHyy DOV" }, "geometry": { "type": "Point", "coordinates": [ 192932.36799999998766, 194595.86799999998766 ] } },
{ "type": "Feature", "properties": { "LOCATIENUMMER": "2314", "STATUS": "In dienst", "INTERACTIVITEIT": "Interactief-ready", "LICHTBRON_GROEP": "LED", "BRANDPROGRAMMA": "D22H6.30 (Doven)", "BRANDPROGRAMMA_GROEP": "DxxHyy DOV" }, "geometry": { "type": "Point", "coordinates": [ 193053.545000000012806, 194258.643000000010943 ] } },
{ "type": "Feature", "properties": { "LOCATIENUMMER": "2308", "STATUS": "In dienst", "INTERACTIVITEIT": "Interactief-ready", "LICHTBRON_GROEP": "LED", "BRANDPROGRAMMA": "N", "BRANDPROGRAMMA_GROEP": "N" }, "geometry": { "type": "Point", "coordinates": [ 193036.019999999989523, 194236.941 ] } },
{ "type": "Feature", "properties": { "LOCATIENUMMER": "2309", "STATUS": "In dienst", "INTERACTIVITEIT": "Interactief-ready", "LICHTBRON_GROEP": "LED", "BRANDPROGRAMMA": "D22H6.30 (Doven)", "BRANDPROGRAMMA_GROEP": "DxxHyy DOV" }, "geometry": { "type": "Point", "coordinates": [ 193045.541999999986729, 194218.526000000012573 ] } },
{ "type": "Feature", "properties": { "LOCATIENUMMER": "2310", "STATUS": "In dienst", "INTERACTIVITEIT": "Interactief-ready", "LICHTBRON_GROEP": "LED", "BRANDPROGRAMMA": "D22H6.30 (Doven)", "BRANDPROGRAMMA_GROEP": "DxxHyy DOV" }, "geometry": { "type": "Point", "coordinates": [ 193048.342, 194181.089 ] } },
{ "type": "Feature", "properties": { "LOCATIENUMMER": "2311", "STATUS": "In dienst", "INTERACTIVITEIT": "Interactief-ready", "LICHTBRON_GROEP": "LED", "BRANDPROGRAMMA": "N", "BRANDPROGRAMMA_GROEP": "N" }, "geometry": { "type": "Point", "coordinates": [ 193057.823, 194139.37400000001071 ] } },
{ "type": "Feature", "properties": { "LOCATIENUMMER": "2312", "STATUS": "In dienst", "INTERACTIVITEIT": "Interactief-ready", "LICHTBRON_GROEP": "LED", "BRANDPROGRAMMA": "D22H6.30 (Doven)", "BRANDPROGRAMMA_GROEP": "DxxHyy DOV" }, "geometry": { "type": "Point", "coordinates": [ 193066.09, 194102.303000000014435 ] } },
{ "type": "Feature", "properties": { "LOCATIENUMMER": "2313", "STATUS": "In dienst", "INTERACTIVITEIT": "Interactief-ready", "LICHTBRON_GROEP": "LED", "BRANDPROGRAMMA": "D22H6.30 (Doven)", "BRANDPROGRAMMA_GROEP": "DxxHyy DOV" }, "geometry": { "type": "Point", "coordinates": [ 193074.840999999985797, 194064.095 ] } },
{ "type": "Feature", "properties": { "LOCATIENUMMER": "1591", "STATUS": "In dienst", "INTERACTIVITEIT": "Interactief-ready", "LICHTBRON_GROEP": "LED", "BRANDPROGRAMMA": "N", "BRANDPROGRAMMA_GROEP": "N" }, "geometry": { "type": "Point", "coordinates": [ 193079.511999999987893, 194017.891 ] } },
{ "type": "Feature", "properties": { "LOCATIENUMMER": "2796", "STATUS": "In dienst", "INTERACTIVITEIT": "Niet interactief", "LICHTBRON_GROEP": "LED", "BRANDPROGRAMMA": "N", "BRANDPROGRAMMA_GROEP": "N" }, "geometry": { "type": "Point", "coordinates": [ 193189.984, 193840.772 ] } },
{ "type": "Feature", "properties": { "LOCATIENUMMER": "1813", "STATUS": "In dienst", "INTERACTIVITEIT": "Interactief-ready", "LICHTBRON_GROEP": "LED", "BRANDPROGRAMMA": "D22H6.30 (Doven)", "BRANDPROGRAMMA_GROEP": "DxxHyy DOV" }, "geometry": { "type": "Point", "coordinates": [ 192965.266, 195236.461000000010245 ] } },
{ "type": "Feature", "properties": { "LOCATIENUMMER": "2794", "STATUS": "In dienst", "INTERACTIVITEIT": "Niet interactief", "LICHTBRON_GROEP": "LED", "BRANDPROGRAMMA": "D22H6.30 (Doven)", "BRANDPROGRAMMA_GROEP": "DxxHyy DOV" }, "geometry": { "type": "Point", "coordinates": [ 193241.193, 193776.892 ] } },
{ "type": "Feature", "properties": { "LOCATIENUMMER": "1589", "STATUS": "In dienst", "INTERACTIVITEIT": "Niet interactief", "LICHTBRON_GROEP": "LED", "BRANDPROGRAMMA": "D22H6.30 (Doven)", "BRANDPROGRAMMA_GROEP": "DxxHyy DOV" }, "geometry": { "type": "Point", "coordinates": [ 193100.911, 193979.26500000001397 ] } },
{ "type": "Feature", "properties": { "LOCATIENUMMER": "2799", "STATUS": "In dienst", "INTERACTIVITEIT": "Niet interactief", "LICHTBRON_GROEP": "LED", "BRANDPROGRAMMA": "N", "BRANDPROGRAMMA_GROEP": "N" }, "geometry": { "type": "Point", "coordinates": [ 193124.073, 193941.677 ] } },
{ "type": "Feature", "properties": { "LOCATIENUMMER": "2792", "STATUS": "In dienst", "INTERACTIVITEIT": "Niet interactief", "LICHTBRON_GROEP": "LED", "BRANDPROGRAMMA": "N", "BRANDPROGRAMMA_GROEP": "N" }, "geometry": { "type": "Point", "coordinates": [ 193262.809, 193744.234 ] } },
{ "type": "Feature", "properties": { "LOCATIENUMMER": "2793", "STATUS": "In dienst", "INTERACTIVITEIT": "Niet interactief", "LICHTBRON_GROEP": "LED", "BRANDPROGRAMMA": "N", "BRANDPROGRAMMA_GROEP": "N" }, "geometry": { "type": "Point", "coordinates": [ 193287.26500000001397, 193707.092 ] } },
{ "type": "Feature", "properties": { "LOCATIENUMMER": "2798", "STATUS": "In dienst", "INTERACTIVITEIT": "Niet interactief", "LICHTBRON_GROEP": "LED", "BRANDPROGRAMMA": "D22H6.30 (Doven)", "BRANDPROGRAMMA_GROEP": "DxxHyy DOV" }, "geometry": { "type": "Point", "coordinates": [ 193146.560999999986961, 193907.391 ] } },
{ "type": "Feature", "properties": { "LOCATIENUMMER": "2003", "STATUS": "In dienst", "INTERACTIVITEIT": "Niet interactief", "LICHTBRON_GROEP": "LED", "BRANDPROGRAMMA": "D22H6.30 (Doven)", "BRANDPROGRAMMA_GROEP": "DxxHyy DOV" }, "geometry": { "type": "Point", "coordinates": [ 193305.56, 193675.074 ] } },
{ "type": "Feature", "properties": { "LOCATIENUMMER": "1939", "STATUS": "In dienst", "INTERACTIVITEIT": "Interactief", "LICHTBRON_GROEP": "LED", "BRANDPROGRAMMA": "BPIV UNI 20-22-23/DIM/4-5-6 VRZA50", "BRANDPROGRAMMA_GROEP": "BPIV DIM" }, "geometry": { "type": "Point", "coordinates": [ 193563.548, 195897.622 ] } },
{ "type": "Feature", "properties": { "LOCATIENUMMER": "1968", "STATUS": "In dienst", "INTERACTIVITEIT": "Interactief", "LICHTBRON_GROEP": "LED", "BRANDPROGRAMMA": "BPIV UNI 20-22-23/DIM/4-5-6 VRZA50", "BRANDPROGRAMMA_GROEP": "BPIV DIM" }, "geometry": { "type": "Point", "coordinates": [ 193561.372, 195884.191 ] } },
{ "type": "Feature", "properties": { "LOCATIENUMMER": "1966", "STATUS": "In dienst", "INTERACTIVITEIT": "Interactief", "LICHTBRON_GROEP": "LED", "BRANDPROGRAMMA": "BPIV UNI 20-22-23/DIM/4-5-6 VRZA50", "BRANDPROGRAMMA_GROEP": "BPIV DIM" }, "geometry": { "type": "Point", "coordinates": [ 193581.276000000012573, 195805.728 ] } },
{ "type": "Feature", "properties": { "LOCATIENUMMER": "1965", "STATUS": "In dienst", "INTERACTIVITEIT": "Interactief", "LICHTBRON_GROEP": "LED", "BRANDPROGRAMMA": "BPIV UNI 20-22-23/DIM/4-5-6 VRZA50", "BRANDPROGRAMMA_GROEP": "BPIV DIM" }, "geometry": { "type": "Point", "coordinates": [ 193597.429, 195790.646 ] } },
{ "type": "Feature", "properties": { "LOCATIENUMMER": "1963", "STATUS": "In dienst", "INTERACTIVITEIT": "Interactief", "LICHTBRON_GROEP": "LED", "BRANDPROGRAMMA": "BPIV UNI 20-22-23/DIM/4-5-6 VRZA50", "BRANDPROGRAMMA_GROEP": "BPIV DIM" }, "geometry": { "type": "Point", "coordinates": [ 193632.89000000001397, 195750.252 ] } },
{ "type": "Feature", "properties": { "LOCATIENUMMER": "1964", "STATUS": "In dienst", "INTERACTIVITEIT": "Interactief", "LICHTBRON_GROEP": "LED", "BRANDPROGRAMMA": "BPIV UNI 20-22-23/DIM/4-5-6 VRZA50", "BRANDPROGRAMMA_GROEP": "BPIV DIM" }, "geometry": { "type": "Point", "coordinates": [ 193623.715999999985797, 195788.978 ] } },
{ "type": "Feature", "properties": { "LOCATIENUMMER": "1961", "STATUS": "In dienst", "INTERACTIVITEIT": "Interactief", "LICHTBRON_GROEP": "LED", "BRANDPROGRAMMA": "BPIV UNI 20-22-23/DIM/4-5-6 VRZA50", "BRANDPROGRAMMA_GROEP": "BPIV DIM" }, "geometry": { "type": "Point", "coordinates": [ 193642.184, 195712.019 ] } },
{ "type": "Feature", "properties": { "LOCATIENUMMER": "1960", "STATUS": "In dienst", "INTERACTIVITEIT": "Interactief", "LICHTBRON_GROEP": "LED", "BRANDPROGRAMMA": "BPIV UNI 20-22-23/DIM/4-5-6 VRZA50", "BRANDPROGRAMMA_GROEP": "BPIV DIM" }, "geometry": { "type": "Point", "coordinates": [ 193649.853, 195741.026000000012573 ] } },
{ "type": "Feature", "properties": { "LOCATIENUMMER": "1946", "STATUS": "In dienst", "INTERACTIVITEIT": "Interactief", "LICHTBRON_GROEP": "LED", "BRANDPROGRAMMA": "BPIV UNI 20-22-23/DIM/4-5-6 VRZA50", "BRANDPROGRAMMA_GROEP": "BPIV DIM" }, "geometry": { "type": "Point", "coordinates": [ 193701.169, 195749.394 ] } },
{ "type": "Feature", "properties": { "LOCATIENUMMER": "1955", "STATUS": "In dienst", "INTERACTIVITEIT": "Interactief", "LICHTBRON_GROEP": "LED", "BRANDPROGRAMMA": "BPIV UNI 20-22-23/DIM/4-5-6 VRZA50", "BRANDPROGRAMMA_GROEP": "BPIV DIM" }, "geometry": { "type": "Point", "coordinates": [ 193780.336000000010245, 195761.076 ] } },
{ "type": "Feature", "properties": { "LOCATIENUMMER": "1953", "STATUS": "In dienst", "INTERACTIVITEIT": "Interactief", "LICHTBRON_GROEP": "LED", "BRANDPROGRAMMA": "BPIV UNI 20-22-23/DIM/4-5-6 VRZA50", "BRANDPROGRAMMA_GROEP": "BPIV DIM" }, "geometry": { "type": "Point", "coordinates": [ 193845.566, 195768.005 ] } },
{ "type": "Feature", "properties": { "LOCATIENUMMER": "2961", "STATUS": "In dienst", "INTERACTIVITEIT": "Interactief", "LICHTBRON_GROEP": "LED", "BRANDPROGRAMMA": "BPIV UNI 20-22-23/DIM/4-5-6 VRZA50", "BRANDPROGRAMMA_GROEP": "BPIV DIM" }, "geometry": { "type": "Point", "coordinates": [ 193879.024, 195702.025 ] } },
{ "type": "Feature", "properties": { "LOCATIENUMMER": "2960", "STATUS": "In dienst", "INTERACTIVITEIT": "Interactief", "LICHTBRON_GROEP": "LED", "BRANDPROGRAMMA": "BPIV UNI 20-22-23/DIM/4-5-6 VRZA50", "BRANDPROGRAMMA_GROEP": "BPIV DIM" }, "geometry": { "type": "Point", "coordinates": [ 193852.204, 195727.5 ] } },
{ "type": "Feature", "properties": { "LOCATIENUMMER": "1967", "STATUS": "In dienst", "INTERACTIVITEIT": "Interactief", "LICHTBRON_GROEP": "LED", "BRANDPROGRAMMA": "BPIV UNI 20-22-23/DIM/4-5-6 VRZA50", "BRANDPROGRAMMA_GROEP": "BPIV DIM" }, "geometry": { "type": "Point", "coordinates": [ 193571.215999999985797, 195845.367 ] } },
{ "type": "Feature", "properties": { "LOCATIENUMMER": "1950", "STATUS": "In dienst", "INTERACTIVITEIT": "Interactief", "LICHTBRON_GROEP": "LED", "BRANDPROGRAMMA": "BPIV UNI 20-22-23/DIM/4-5-6 VRZA50", "BRANDPROGRAMMA_GROEP": "BPIV DIM" }, "geometry": { "type": "Point", "coordinates": [ 193831.973999999987427, 195873.39000000001397 ] } },
{ "type": "Feature", "properties": { "LOCATIENUMMER": "1948", "STATUS": "In dienst", "INTERACTIVITEIT": "Interactief", "LICHTBRON_GROEP": "LED", "BRANDPROGRAMMA": "BPIV UNI 20-22-23/DIM/4-5-6 VRZA50", "BRANDPROGRAMMA_GROEP": "BPIV DIM" }, "geometry": { "type": "Point", "coordinates": [ 193752.076, 195860.457 ] } },
{ "type": "Feature", "properties": { "LOCATIENUMMER": "1941", "STATUS": "In dienst", "INTERACTIVITEIT": "Interactief", "LICHTBRON_GROEP": "LED", "BRANDPROGRAMMA": "BPIV UNI 20-22-23/DIM/4-5-6 VRZA50", "BRANDPROGRAMMA_GROEP": "BPIV DIM" }, "geometry": { "type": "Point", "coordinates": [ 193672.196999999985565, 195852.769 ] } },
{ "type": "Feature", "properties": { "LOCATIENUMMER": "1942", "STATUS": "In dienst", "INTERACTIVITEIT": "Interactief", "LICHTBRON_GROEP": "LED", "BRANDPROGRAMMA": "BPIV UNI 20-22-23/DIM/4-5-6 VRZA50", "BRANDPROGRAMMA_GROEP": "BPIV DIM" }, "geometry": { "type": "Point", "coordinates": [ 193684.604, 195892.636 ] } },
{ "type": "Feature", "properties": { "LOCATIENUMMER": "3342", "STATUS": "In dienst", "INTERACTIVITEIT": "Interactief", "LICHTBRON_GROEP": "LED", "BRANDPROGRAMMA": "BPIV UNI 20-22-23/DIM/4-5-6 VRZA50", "BRANDPROGRAMMA_GROEP": "BPIV DIM" }, "geometry": { "type": "Point", "coordinates": [ 195514.848999999987427, 197091.548 ] } },
{ "type": "Feature", "properties": { "LOCATIENUMMER": "3339", "STATUS": "In dienst", "INTERACTIVITEIT": "Interactief", "LICHTBRON_GROEP": "LED", "BRANDPROGRAMMA": "BPIV UNI 20-22-23/DIM/4-5-6 VRZA50", "BRANDPROGRAMMA_GROEP": "BPIV DIM" }, "geometry": { "type": "Point", "coordinates": [ 195517.214, 197205.60999999998603 ] } },
{ "type": "Feature", "properties": { "LOCATIENUMMER": "3338", "STATUS": "In dienst", "INTERACTIVITEIT": "Interactief", "LICHTBRON_GROEP": "LED", "BRANDPROGRAMMA": "BPIV UNI 20-22-23/DIM/4-5-6 VRZA50", "BRANDPROGRAMMA_GROEP": "BPIV DIM" }, "geometry": { "type": "Point", "coordinates": [ 195518.003999999986263, 197245.01500000001397 ] } },
{ "type": "Feature", "properties": { "LOCATIENUMMER": "3337", "STATUS": "In dienst", "INTERACTIVITEIT": "Interactief", "LICHTBRON_GROEP": "LED", "BRANDPROGRAMMA": "BPIV UNI 20-22-23/DIM/4-5-6 VRZA50", "BRANDPROGRAMMA_GROEP": "BPIV DIM" }, "geometry": { "type": "Point", "coordinates": [ 195519.796, 197282.41 ] } },
{ "type": "Feature", "properties": { "LOCATIENUMMER": "3336", "STATUS": "In dienst", "INTERACTIVITEIT": "Interactief", "LICHTBRON_GROEP": "LED", "BRANDPROGRAMMA": "BPIV UNI 20-22-23/DIM/4-5-6 VRZA50", "BRANDPROGRAMMA_GROEP": "BPIV DIM" }, "geometry": { "type": "Point", "coordinates": [ 195521.617, 197320.604 ] } },
{ "type": "Feature", "properties": { "LOCATIENUMMER": "3335", "STATUS": "In dienst", "INTERACTIVITEIT": "Interactief", "LICHTBRON_GROEP": "LED", "BRANDPROGRAMMA": "BPIV UNI 20-22-23/DIM/4-5-6 VRZA50", "BRANDPROGRAMMA_GROEP": "BPIV DIM" }, "geometry": { "type": "Point", "coordinates": [ 195524.519, 197357.052 ] } },
{ "type": "Feature", "properties": { "LOCATIENUMMER": "3333", "STATUS": "In dienst", "INTERACTIVITEIT": "Interactief", "LICHTBRON_GROEP": "LED", "BRANDPROGRAMMA": "BPIV UNI 20-22-23/DIM/4-5-6 VRZA50", "BRANDPROGRAMMA_GROEP": "BPIV DIM" }, "geometry": { "type": "Point", "coordinates": [ 195526.413999999989755, 197396.903 ] } },
{ "type": "Feature", "properties": { "LOCATIENUMMER": "3334", "STATUS": "In dienst", "INTERACTIVITEIT": "Niet interactief", "LICHTBRON_GROEP": "MHHP-QZ", "BRANDPROGRAMMA": "N", "BRANDPROGRAMMA_GROEP": "N" }, "geometry": { "type": "Point", "coordinates": [ 195534.685999999986961, 197402.046 ] } },
{ "type": "Feature", "properties": { "LOCATIENUMMER": "3331", "STATUS": "In dienst", "INTERACTIVITEIT": "Interactief", "LICHTBRON_GROEP": "LED", "BRANDPROGRAMMA": "BPIV UNI 20-22-23/DIM/4-5-6 VRZA50", "BRANDPROGRAMMA_GROEP": "BPIV DIM" }, "geometry": { "type": "Point", "coordinates": [ 195531.26, 197469.747 ] } },
{ "type": "Feature", "properties": { "LOCATIENUMMER": "3332", "STATUS": "In dienst", "INTERACTIVITEIT": "Interactief", "LICHTBRON_GROEP": "LED", "BRANDPROGRAMMA": "BPIV UNI 20-22-23/DIM/4-5-6 VRZA50", "BRANDPROGRAMMA_GROEP": "BPIV DIM" }, "geometry": { "type": "Point", "coordinates": [ 195528.386, 197434.783 ] } },
{ "type": "Feature", "properties": { "LOCATIENUMMER": "3330", "STATUS": "In dienst", "INTERACTIVITEIT": "Interactief", "LICHTBRON_GROEP": "LED", "BRANDPROGRAMMA": "BPIV UNI 20-22-23/DIM/4-5-6 VRZA50", "BRANDPROGRAMMA_GROEP": "BPIV DIM" }, "geometry": { "type": "Point", "coordinates": [ 195533.816, 197505.397999999986496 ] } },
{ "type": "Feature", "properties": { "LOCATIENUMMER": "3341", "STATUS": "In dienst", "INTERACTIVITEIT": "Interactief", "LICHTBRON_GROEP": "LED", "BRANDPROGRAMMA": "BPIV UNI 20-22-23/DIM/4-5-6 VRZA50", "BRANDPROGRAMMA_GROEP": "BPIV DIM" }, "geometry": { "type": "Point", "coordinates": [ 195515.644, 197130.179 ] } },
{ "type": "Feature", "properties": { "LOCATIENUMMER": "3329", "STATUS": "In dienst", "INTERACTIVITEIT": "Interactief", "LICHTBRON_GROEP": "LED", "BRANDPROGRAMMA": "BPIV UNI 20-22-23/DIM/4-5-6 VRZA50", "BRANDPROGRAMMA_GROEP": "BPIV DIM" }, "geometry": { "type": "Point", "coordinates": [ 195536.239, 197540.551 ] } },
{ "type": "Feature", "properties": { "LOCATIENUMMER": "3327", "STATUS": "In dienst", "INTERACTIVITEIT": "Interactief", "LICHTBRON_GROEP": "LED", "BRANDPROGRAMMA": "BPIV UNI 20-22-23/DIM/4-5-6 VRZA50", "BRANDPROGRAMMA_GROEP": "BPIV DIM" }, "geometry": { "type": "Point", "coordinates": [ 195541.524, 197614.87599999998929 ] } },
{ "type": "Feature", "properties": { "LOCATIENUMMER": "3328", "STATUS": "In dienst", "INTERACTIVITEIT": "Interactief", "LICHTBRON_GROEP": "LED", "BRANDPROGRAMMA": "BPIV UNI 20-22-23/DIM/4-5-6 VRZA50", "BRANDPROGRAMMA_GROEP": "BPIV DIM" }, "geometry": { "type": "Point", "coordinates": [ 195539.13, 197578.502 ] } },
{ "type": "Feature", "properties": { "LOCATIENUMMER": "3324", "STATUS": "In dienst", "INTERACTIVITEIT": "Interactief", "LICHTBRON_GROEP": "LED", "BRANDPROGRAMMA": "BPIV UNI 20-22-23/DIM/4-5-6 VRZA50", "BRANDPROGRAMMA_GROEP": "BPIV DIM" }, "geometry": { "type": "Point", "coordinates": [ 195529.094000000011874, 197723.464 ] } },
{ "type": "Feature", "properties": { "LOCATIENUMMER": "3325", "STATUS": "In dienst", "INTERACTIVITEIT": "Niet interactief", "LICHTBRON_GROEP": "MHHP-CR-PGZ12", "BRANDPROGRAMMA": "D22H6.30 (Doven)", "BRANDPROGRAMMA_GROEP": "DxxHyy DOV" }, "geometry": { "type": "Point", "coordinates": [ 195540.008, 197690.025 ] } },
{ "type": "Feature", "properties": { "LOCATIENUMMER": "3326", "STATUS": "In dienst", "INTERACTIVITEIT": "Interactief", "LICHTBRON_GROEP": "LED", "BRANDPROGRAMMA": "BPIV UNI 20-22-23/DIM/4-5-6 VRZA50", "BRANDPROGRAMMA_GROEP": "BPIV DIM" }, "geometry": { "type": "Point", "coordinates": [ 195544.668, 197652.471 ] } },
{ "type": "Feature", "properties": { "LOCATIENUMMER": "3323", "STATUS": "In dienst", "INTERACTIVITEIT": "Interactief", "LICHTBRON_GROEP": "LED", "BRANDPROGRAMMA": "BPIV UNI 20-22-23/DIM/4-5-6 VRZA50", "BRANDPROGRAMMA_GROEP": "BPIV DIM" }, "geometry": { "type": "Point", "coordinates": [ 195514.662000000011176, 197757.511 ] } },
{ "type": "Feature", "properties": { "LOCATIENUMMER": "3316", "STATUS": "In dienst", "INTERACTIVITEIT": "Interactief", "LICHTBRON_GROEP": "LED", "BRANDPROGRAMMA": "BPIV UNI 20-22-23/DIM/4-5-6 VRZA50", "BRANDPROGRAMMA_GROEP": "BPIV DIM" }, "geometry": { "type": "Point", "coordinates": [ 195411.676, 198001.181000000011409 ] } },
{ "type": "Feature", "properties": { "LOCATIENUMMER": "3317", "STATUS": "In dienst", "INTERACTIVITEIT": "Interactief", "LICHTBRON_GROEP": "LED", "BRANDPROGRAMMA": "BPIV UNI 20-22-23/DIM/4-5-6 VRZA50", "BRANDPROGRAMMA_GROEP": "BPIV DIM" }, "geometry": { "type": "Point", "coordinates": [ 195426.473, 197966.168 ] } },
{ "type": "Feature", "properties": { "LOCATIENUMMER": "3318", "STATUS": "In dienst", "INTERACTIVITEIT": "Interactief", "LICHTBRON_GROEP": "LED", "BRANDPROGRAMMA": "BPIV UNI 20-22-23/DIM/4-5-6 VRZA50", "BRANDPROGRAMMA_GROEP": "BPIV DIM" }, "geometry": { "type": "Point", "coordinates": [ 195441.309, 197931.202 ] } },
{ "type": "Feature", "properties": { "LOCATIENUMMER": "3319", "STATUS": "In dienst", "INTERACTIVITEIT": "Interactief", "LICHTBRON_GROEP": "LED", "BRANDPROGRAMMA": "BPIV UNI 20-22-23/DIM/4-5-6 VRZA50", "BRANDPROGRAMMA_GROEP": "BPIV DIM" }, "geometry": { "type": "Point", "coordinates": [ 195456.25099999998929, 197896.214 ] } },
{ "type": "Feature", "properties": { "LOCATIENUMMER": "3320", "STATUS": "In dienst", "INTERACTIVITEIT": "Interactief", "LICHTBRON_GROEP": "LED", "BRANDPROGRAMMA": "BPIV UNI 20-22-23/DIM/4-5-6 VRZA50", "BRANDPROGRAMMA_GROEP": "BPIV DIM" }, "geometry": { "type": "Point", "coordinates": [ 195470.752, 197861.10999999998603 ] } },
{ "type": "Feature", "properties": { "LOCATIENUMMER": "3321", "STATUS": "In dienst", "INTERACTIVITEIT": "Interactief", "LICHTBRON_GROEP": "LED", "BRANDPROGRAMMA": "BPIV UNI 20-22-23/DIM/4-5-6 VRZA50", "BRANDPROGRAMMA_GROEP": "BPIV DIM" }, "geometry": { "type": "Point", "coordinates": [ 195485.586000000010245, 197826.112 ] } },
{ "type": "Feature", "properties": { "LOCATIENUMMER": "3322", "STATUS": "In dienst", "INTERACTIVITEIT": "Interactief", "LICHTBRON_GROEP": "LED", "BRANDPROGRAMMA": "BPIV UNI 20-22-23/DIM/4-5-6 VRZA50", "BRANDPROGRAMMA_GROEP": "BPIV DIM" }, "geometry": { "type": "Point", "coordinates": [ 195500.405999999988126, 197791.146 ] } },
{ "type": "Feature", "properties": { "LOCATIENUMMER": "3340", "STATUS": "In dienst", "INTERACTIVITEIT": "Interactief", "LICHTBRON_GROEP": "LED", "BRANDPROGRAMMA": "BPIV UNI 20-22-23/DIM/4-5-6 VRZA50", "BRANDPROGRAMMA_GROEP": "BPIV DIM" }, "geometry": { "type": "Point", "coordinates": [ 195516.256, 197169.689000000013039 ] } },
{ "type": "Feature", "properties": { "LOCATIENUMMER": "542", "STATUS": "In dienst", "INTERACTIVITEIT": "Interactief", "LICHTBRON_GROEP": "LED", "BRANDPROGRAMMA": "BPIV UNI 20-22-23/DIM/4-5-6 VRZA50", "BRANDPROGRAMMA_GROEP": "BPIV DIM" }, "geometry": { "type": "Point", "coordinates": [ 199124.530999999988126, 198967.556000000011409 ] } },
{ "type": "Feature", "properties": { "LOCATIENUMMER": "543", "STATUS": "In dienst", "INTERACTIVITEIT": "Interactief", "LICHTBRON_GROEP": "LED", "BRANDPROGRAMMA": "BPIV UNI 20-22-23/DIM/4-5-6 VRZA50", "BRANDPROGRAMMA_GROEP": "BPIV DIM" }, "geometry": { "type": "Point", "coordinates": [ 199099.142, 198957.69 ] } },
{ "type": "Feature", "properties": { "LOCATIENUMMER": "544", "STATUS": "In dienst", "INTERACTIVITEIT": "Interactief", "LICHTBRON_GROEP": "LED", "BRANDPROGRAMMA": "BPIV UNI 20-22-23/DIM/4-5-6 VRZA50", "BRANDPROGRAMMA_GROEP": "BPIV DIM" }, "geometry": { "type": "Point", "coordinates": [ 199105.564000000013039, 198924.782 ] } },
{ "type": "Feature", "properties": { "LOCATIENUMMER": "545", "STATUS": "In dienst", "INTERACTIVITEIT": "Interactief", "LICHTBRON_GROEP": "LED", "BRANDPROGRAMMA": "BPIV UNI 20-22-23/DIM/4-5-6 VRZA50", "BRANDPROGRAMMA_GROEP": "BPIV DIM" }, "geometry": { "type": "Point", "coordinates": [ 199058.634, 198953.986 ] } },
{ "type": "Feature", "properties": { "LOCATIENUMMER": "546", "STATUS": "In dienst", "INTERACTIVITEIT": "Interactief", "LICHTBRON_GROEP": "LED", "BRANDPROGRAMMA": "BPIV UNI 20-22-23/DIM/4-5-6 VRZA50", "BRANDPROGRAMMA_GROEP": "BPIV DIM" }, "geometry": { "type": "Point", "coordinates": [ 199021.473999999987427, 198962.496000000013737 ] } },
{ "type": "Feature", "properties": { "LOCATIENUMMER": "547", "STATUS": "In dienst", "INTERACTIVITEIT": "Interactief", "LICHTBRON_GROEP": "LED", "BRANDPROGRAMMA": "BPIV UNI 20-22-23/DIM/4-5-6 VRZA50", "BRANDPROGRAMMA_GROEP": "BPIV DIM" }, "geometry": { "type": "Point", "coordinates": [ 198984.367, 198970.99 ] } },
{ "type": "Feature", "properties": { "LOCATIENUMMER": "4541", "STATUS": "In dienst", "INTERACTIVITEIT": "Interactief", "LICHTBRON_GROEP": "LED", "BRANDPROGRAMMA": "BPIV UNI 20-22-23/DIM/4-5-6 VRZA50", "BRANDPROGRAMMA_GROEP": "BPIV DIM" }, "geometry": { "type": "Point", "coordinates": [ 199330.699, 199361.674999999988358 ] } },
{ "type": "Feature", "properties": { "LOCATIENUMMER": "508", "STATUS": "In dienst", "INTERACTIVITEIT": "Niet interactief", "LICHTBRON_GROEP": "NAHP", "BRANDPROGRAMMA": "D22H6.30 (Doven)", "BRANDPROGRAMMA_GROEP": "DxxHyy DOV" }, "geometry": { "type": "Point", "coordinates": [ 199191.35999999998603, 199106.246000000013737 ] } },
{ "type": "Feature", "properties": { "LOCATIENUMMER": "4543", "STATUS": "In dienst", "INTERACTIVITEIT": "Interactief", "LICHTBRON_GROEP": "LED", "BRANDPROGRAMMA": "BPIV UNI 20-22-23/DIM/4-5-6 VRZA50", "BRANDPROGRAMMA_GROEP": "BPIV DIM" }, "geometry": { "type": "Point", "coordinates": [ 199345.401000000012573, 199414.791 ] } },
{ "type": "Feature", "properties": { "LOCATIENUMMER": "517", "STATUS": "In dienst", "INTERACTIVITEIT": "Interactief", "LICHTBRON_GROEP": "LED", "BRANDPROGRAMMA": "BPIV UNI 20-22-23/DIM/4-5-6 VRZA50", "BRANDPROGRAMMA_GROEP": "BPIV DIM" }, "geometry": { "type": "Point", "coordinates": [ 199308.079999999987194, 199457.767 ] } },
{ "type": "Feature", "properties": { "LOCATIENUMMER": "4545", "STATUS": "In dienst", "INTERACTIVITEIT": "Interactief", "LICHTBRON_GROEP": "LED", "BRANDPROGRAMMA": "BPIV UNI 20-22-23/DIM/4-5-6 VRZA50", "BRANDPROGRAMMA_GROEP": "BPIV DIM" }, "geometry": { "type": "Point", "coordinates": [ 199357.28, 199467.492 ] } },
{ "type": "Feature", "properties": { "LOCATIENUMMER": "512", "STATUS": "In dienst", "INTERACTIVITEIT": "Interactief", "LICHTBRON_GROEP": "LED", "BRANDPROGRAMMA": "BPIV UNI 20-22-23/DIM/4-5-6 VRZA50", "BRANDPROGRAMMA_GROEP": "BPIV DIM" }, "geometry": { "type": "Point", "coordinates": [ 199244.975, 199257.272999999986496 ] } },
{ "type": "Feature", "properties": { "LOCATIENUMMER": "4537", "STATUS": "In dienst", "INTERACTIVITEIT": "Interactief", "LICHTBRON_GROEP": "LED", "BRANDPROGRAMMA": "BPIV UNI 20-22-23/DIM/4-5-6 VRZA50", "BRANDPROGRAMMA_GROEP": "BPIV DIM" }, "geometry": { "type": "Point", "coordinates": [ 199281.409000000014203, 199265.239 ] } },
{ "type": "Feature", "properties": { "LOCATIENUMMER": "521", "STATUS": "In dienst", "INTERACTIVITEIT": "Interactief", "LICHTBRON_GROEP": "LED", "BRANDPROGRAMMA": "BPIV UNI 20-22-23/DIM/4-5-6 VRZA50", "BRANDPROGRAMMA_GROEP": "BPIV DIM" }, "geometry": { "type": "Point", "coordinates": [ 199209.022999999986496, 199364.162000000011176 ] } },
{ "type": "Feature", "properties": { "LOCATIENUMMER": "540", "STATUS": "In dienst", "INTERACTIVITEIT": "Interactief", "LICHTBRON_GROEP": "LED", "BRANDPROGRAMMA": "BPIV UNI 20-22-23/DIM/4-5-6 VRZA50", "BRANDPROGRAMMA_GROEP": "BPIV DIM" }, "geometry": { "type": "Point", "coordinates": [ 199156.565, 199034.215999999985797 ] } },
{ "type": "Feature", "properties": { "LOCATIENUMMER": "541", "STATUS": "In dienst", "INTERACTIVITEIT": "Interactief", "LICHTBRON_GROEP": "LED", "BRANDPROGRAMMA": "BPIV UNI 20-22-23/DIM/4-5-6 VRZA50", "BRANDPROGRAMMA_GROEP": "BPIV DIM" }, "geometry": { "type": "Point", "coordinates": [ 199138.676, 198997.362 ] } },
{ "type": "Feature", "properties": { "LOCATIENUMMER": "573", "STATUS": "In dienst", "INTERACTIVITEIT": "Interactief", "LICHTBRON_GROEP": "LED", "BRANDPROGRAMMA": "BPIV UNI 20-22-23/DIM/4-5-6 VRZA50", "BRANDPROGRAMMA_GROEP": "BPIV DIM" }, "geometry": { "type": "Point", "coordinates": [ 199201.01, 199054.902 ] } },
{ "type": "Feature", "properties": { "LOCATIENUMMER": "514", "STATUS": "In dienst", "INTERACTIVITEIT": "Interactief", "LICHTBRON_GROEP": "LED", "BRANDPROGRAMMA": "BPIV UNI 20-22-23/DIM/4-5-6 VRZA50", "BRANDPROGRAMMA_GROEP": "BPIV DIM" }, "geometry": { "type": "Point", "coordinates": [ 199269.737, 199334.699 ] } },
{ "type": "Feature", "properties": { "LOCATIENUMMER": "4539", "STATUS": "In dienst", "INTERACTIVITEIT": "Interactief", "LICHTBRON_GROEP": "LED", "BRANDPROGRAMMA": "BPIV UNI 20-22-23/DIM/4-5-6 VRZA50", "BRANDPROGRAMMA_GROEP": "BPIV DIM" }, "geometry": { "type": "Point", "coordinates": [ 199309.03, 199312.364 ] } },
{ "type": "Feature", "properties": { "LOCATIENUMMER": "3007", "STATUS": "In dienst", "INTERACTIVITEIT": "Niet interactief", "LICHTBRON_GROEP": "MHHP-QZ", "BRANDPROGRAMMA": "N", "BRANDPROGRAMMA_GROEP": "N" }, "geometry": { "type": "Point", "coordinates": [ 199778.388, 198766.579999999987194 ] } },
{ "type": "Feature", "properties": { "LOCATIENUMMER": "3008", "STATUS": "In dienst", "INTERACTIVITEIT": "Niet interactief", "LICHTBRON_GROEP": "NAHP", "BRANDPROGRAMMA": "D22H6.30 (Doven)", "BRANDPROGRAMMA_GROEP": "DxxHyy DOV" }, "geometry": { "type": "Point", "coordinates": [ 199811.931000000011409, 198756.47 ] } },
{ "type": "Feature", "properties": { "LOCATIENUMMER": "4184", "STATUS": "In dienst", "INTERACTIVITEIT": "Niet interactief", "LICHTBRON_GROEP": "NAHP", "BRANDPROGRAMMA": "D22H6.30 (Doven)", "BRANDPROGRAMMA_GROEP": "DxxHyy DOV" }, "geometry": { "type": "Point", "coordinates": [ 199788.280999999988126, 198779.182999999989988 ] } },
{ "type": "Feature", "properties": { "LOCATIENUMMER": "537", "STATUS": "In dienst", "INTERACTIVITEIT": "Interactief-ready", "LICHTBRON_GROEP": "LED", "BRANDPROGRAMMA": "D22H6.30 (Standaard dimmen)", "BRANDPROGRAMMA_GROEP": "DxxHyy DIM" }, "geometry": { "type": "Point", "coordinates": [ 199141.066, 199074.678000000014435 ] } },
{ "type": "Feature", "properties": { "LOCATIENUMMER": "538", "STATUS": "In dienst", "INTERACTIVITEIT": "Interactief-ready", "LICHTBRON_GROEP": "LED", "BRANDPROGRAMMA": "D22H6.30 (Standaard dimmen)", "BRANDPROGRAMMA_GROEP": "DxxHyy DIM" }, "geometry": { "type": "Point", "coordinates": [ 199115.889, 199175.921 ] } },
{ "type": "Feature", "properties": { "LOCATIENUMMER": "539", "STATUS": "In dienst", "INTERACTIVITEIT": "Interactief-ready", "LICHTBRON_GROEP": "LED", "BRANDPROGRAMMA": "D22H6.30 (Standaard dimmen)", "BRANDPROGRAMMA_GROEP": "DxxHyy DIM" }, "geometry": { "type": "Point", "coordinates": [ 199092.5, 199277.877 ] } },
{ "type": "Feature", "properties": { "LOCATIENUMMER": "515", "STATUS": "In dienst", "INTERACTIVITEIT": "Interactief", "LICHTBRON_GROEP": "LED", "BRANDPROGRAMMA": "BPIV UNI 20-22-23/DIM/4-5-6 VRZA50", "BRANDPROGRAMMA_GROEP": "BPIV DIM" }, "geometry": { "type": "Point", "coordinates": [ 199282.669, 199376.301 ] } },
{ "type": "Feature", "properties": { "LOCATIENUMMER": "1634", "STATUS": "In dienst", "INTERACTIVITEIT": "Interactief", "LICHTBRON_GROEP": "LED", "BRANDPROGRAMMA": "BPIV UNI 20-22-23/DIM/4-5-6 VRZA50", "BRANDPROGRAMMA_GROEP": "BPIV DIM" }, "geometry": { "type": "Point", "coordinates": [ 193346.32, 195300.049999999988358 ] } },
{ "type": "Feature", "properties": { "LOCATIENUMMER": "1632", "STATUS": "In dienst", "INTERACTIVITEIT": "Interactief", "LICHTBRON_GROEP": "LED", "BRANDPROGRAMMA": "BPIV UNI 20-22-23/DIM/4-5-6 VRZA50", "BRANDPROGRAMMA_GROEP": "BPIV DIM" }, "geometry": { "type": "Point", "coordinates": [ 193300.519, 195372.113000000012107 ] } },
{ "type": "Feature", "properties": { "LOCATIENUMMER": "1633", "STATUS": "In dienst", "INTERACTIVITEIT": "Interactief", "LICHTBRON_GROEP": "LED", "BRANDPROGRAMMA": "BPIV UNI 20-22-23/DIM/4-5-6 VRZA50", "BRANDPROGRAMMA_GROEP": "BPIV DIM" }, "geometry": { "type": "Point", "coordinates": [ 193326.192000000010012, 195339.187 ] } },
{ "type": "Feature", "properties": { "LOCATIENUMMER": "3826", "STATUS": "In dienst", "INTERACTIVITEIT": "Interactief", "LICHTBRON_GROEP": "LED", "BRANDPROGRAMMA": "BPIV UNI 20-22-23/DIM/4-5-6 VRZA50", "BRANDPROGRAMMA_GROEP": "BPIV DIM" }, "geometry": { "type": "Point", "coordinates": [ 198531.077, 197295.09 ] } },
{ "type": "Feature", "properties": { "LOCATIENUMMER": "3828", "STATUS": "In dienst", "INTERACTIVITEIT": "Interactief", "LICHTBRON_GROEP": "LED", "BRANDPROGRAMMA": "BPIV UNI 20-22-23/DIM/4-5-6 VRZA50", "BRANDPROGRAMMA_GROEP": "BPIV DIM" }, "geometry": { "type": "Point", "coordinates": [ 198538.104, 197207.192000000010012 ] } },
{ "type": "Feature", "properties": { "LOCATIENUMMER": "3865", "STATUS": "In dienst", "INTERACTIVITEIT": "Niet interactief", "LICHTBRON_GROEP": "NAHP", "BRANDPROGRAMMA": "D22H6.30 (Doven)", "BRANDPROGRAMMA_GROEP": "DxxHyy DOV" }, "geometry": { "type": "Point", "coordinates": [ 198432.113000000012107, 197200.301 ] } },
{ "type": "Feature", "properties": { "LOCATIENUMMER": "3840", "STATUS": "In dienst", "INTERACTIVITEIT": "Interactief", "LICHTBRON_GROEP": "LED", "BRANDPROGRAMMA": "BPIV UNI 20-22-23/DIM/4-5-6 VRZA50", "BRANDPROGRAMMA_GROEP": "BPIV DIM" }, "geometry": { "type": "Point", "coordinates": [ 198346.51500000001397, 196822.385 ] } },
{ "type": "Feature", "properties": { "LOCATIENUMMER": "3841", "STATUS": "In dienst", "INTERACTIVITEIT": "Interactief", "LICHTBRON_GROEP": "LED", "BRANDPROGRAMMA": "BPIV UNI 20-22-23/DIM/4-5-6 VRZA50", "BRANDPROGRAMMA_GROEP": "BPIV DIM" }, "geometry": { "type": "Point", "coordinates": [ 198306.307999999989988, 196801.384 ] } },
{ "type": "Feature", "properties": { "LOCATIENUMMER": "3815", "STATUS": "In dienst", "INTERACTIVITEIT": "Interactief", "LICHTBRON_GROEP": "LED", "BRANDPROGRAMMA": "BPIV UNI 20-22-23/DIM/4-5-6 VRZA50", "BRANDPROGRAMMA_GROEP": "BPIV DIM" }, "geometry": { "type": "Point", "coordinates": [ 198148.024, 196870.905 ] } },
{ "type": "Feature", "properties": { "LOCATIENUMMER": "3816", "STATUS": "In dienst", "INTERACTIVITEIT": "Interactief", "LICHTBRON_GROEP": "LED", "BRANDPROGRAMMA": "BPIV UNI 20-22-23/DIM/4-5-6 VRZA50", "BRANDPROGRAMMA_GROEP": "BPIV DIM" }, "geometry": { "type": "Point", "coordinates": [ 198207.021, 196852.353 ] } },
{ "type": "Feature", "properties": { "LOCATIENUMMER": "3817", "STATUS": "In dienst", "INTERACTIVITEIT": "Interactief", "LICHTBRON_GROEP": "LED", "BRANDPROGRAMMA": "BPIV UNI 20-22-23/DIM/4-5-6 VRZA50", "BRANDPROGRAMMA_GROEP": "BPIV DIM" }, "geometry": { "type": "Point", "coordinates": [ 198259.97, 196815.954 ] } },
{ "type": "Feature", "properties": { "LOCATIENUMMER": "3813", "STATUS": "In dienst", "INTERACTIVITEIT": "Interactief", "LICHTBRON_GROEP": "LED", "BRANDPROGRAMMA": "BPIV UNI 20-22-23/DIM/4-5-6 VRZA50", "BRANDPROGRAMMA_GROEP": "BPIV DIM" }, "geometry": { "type": "Point", "coordinates": [ 198075.692000000010012, 196958.079 ] } },
{ "type": "Feature", "properties": { "LOCATIENUMMER": "3814", "STATUS": "In dienst", "INTERACTIVITEIT": "Interactief", "LICHTBRON_GROEP": "LED", "BRANDPROGRAMMA": "BPIV UNI 20-22-23/DIM/4-5-6 VRZA50", "BRANDPROGRAMMA_GROEP": "BPIV DIM" }, "geometry": { "type": "Point", "coordinates": [ 198100.809, 196893.554 ] } },
{ "type": "Feature", "properties": { "LOCATIENUMMER": "3861", "STATUS": "In dienst", "INTERACTIVITEIT": "Interactief", "LICHTBRON_GROEP": "LED", "BRANDPROGRAMMA": "BPIV UNI 20-22-23/DIM/4-5-6 VRZA50", "BRANDPROGRAMMA_GROEP": "BPIV DIM" }, "geometry": { "type": "Point", "coordinates": [ 198311.261999999987893, 196996.556000000011409 ] } },
{ "type": "Feature", "properties": { "LOCATIENUMMER": "3870", "STATUS": "In dienst", "INTERACTIVITEIT": "Niet interactief", "LICHTBRON_GROEP": "NAHP", "BRANDPROGRAMMA": "D22H6.30 (Doven)", "BRANDPROGRAMMA_GROEP": "DxxHyy DOV" }, "geometry": { "type": "Point", "coordinates": [ 198347.82, 197127.15 ] } },
{ "type": "Feature", "properties": { "LOCATIENUMMER": "3838", "STATUS": "In dienst", "INTERACTIVITEIT": "Interactief", "LICHTBRON_GROEP": "LED", "BRANDPROGRAMMA": "BPIV UNI 20-22-23/DIM/4-5-6 VRZA50", "BRANDPROGRAMMA_GROEP": "BPIV DIM" }, "geometry": { "type": "Point", "coordinates": [ 198418.154, 196866.052 ] } },
{ "type": "Feature", "properties": { "LOCATIENUMMER": "3855", "STATUS": "In dienst", "INTERACTIVITEIT": "Interactief", "LICHTBRON_GROEP": "LED", "BRANDPROGRAMMA": "BPIV UNI 20-22-23/DIM/4-5-6 VRZA50", "BRANDPROGRAMMA_GROEP": "BPIV DIM" }, "geometry": { "type": "Point", "coordinates": [ 198335.968, 196849.351 ] } },
{ "type": "Feature", "properties": { "LOCATIENUMMER": "3855", "STATUS": "In dienst", "INTERACTIVITEIT": "Interactief", "LICHTBRON_GROEP": "LED", "BRANDPROGRAMMA": "BPIV UNI 20-22-23/DIM/4-5-6 VRZA50", "BRANDPROGRAMMA_GROEP": "BPIV DIM" }, "geometry": { "type": "Point", "coordinates": [ 198335.968, 196849.351 ] } },
{ "type": "Feature", "properties": { "LOCATIENUMMER": "3856", "STATUS": "In dienst", "INTERACTIVITEIT": "Interactief", "LICHTBRON_GROEP": "LED", "BRANDPROGRAMMA": "BPIV UNI 20-22-23/DIM/4-5-6 VRZA50", "BRANDPROGRAMMA_GROEP": "BPIV DIM" }, "geometry": { "type": "Point", "coordinates": [ 198393.916999999986729, 196861.272999999986496 ] } },
{ "type": "Feature", "properties": { "LOCATIENUMMER": "3857", "STATUS": "In dienst", "INTERACTIVITEIT": "Interactief", "LICHTBRON_GROEP": "LED", "BRANDPROGRAMMA": "BPIV UNI 20-22-23/DIM/4-5-6 VRZA50", "BRANDPROGRAMMA_GROEP": "BPIV DIM" }, "geometry": { "type": "Point", "coordinates": [ 198364.948, 196855.313 ] } },
{ "type": "Feature", "properties": { "LOCATIENUMMER": "3857", "STATUS": "In dienst", "INTERACTIVITEIT": "Interactief", "LICHTBRON_GROEP": "LED", "BRANDPROGRAMMA": "BPIV UNI 20-22-23/DIM/4-5-6 VRZA50", "BRANDPROGRAMMA_GROEP": "BPIV DIM" }, "geometry": { "type": "Point", "coordinates": [ 198364.948, 196855.313 ] } },
{ "type": "Feature", "properties": { "LOCATIENUMMER": "3858", "STATUS": "In dienst", "INTERACTIVITEIT": "Interactief", "LICHTBRON_GROEP": "LED", "BRANDPROGRAMMA": "BPIV UNI 20-22-23/DIM/4-5-6 VRZA50", "BRANDPROGRAMMA_GROEP": "BPIV DIM" }, "geometry": { "type": "Point", "coordinates": [ 198312.514, 196880.662000000011176 ] } },
{ "type": "Feature", "properties": { "LOCATIENUMMER": "3859", "STATUS": "In dienst", "INTERACTIVITEIT": "Interactief", "LICHTBRON_GROEP": "LED", "BRANDPROGRAMMA": "BPIV UNI 20-22-23/DIM/4-5-6 VRZA50", "BRANDPROGRAMMA_GROEP": "BPIV DIM" }, "geometry": { "type": "Point", "coordinates": [ 198320.584, 196924.041999999986729 ] } },
{ "type": "Feature", "properties": { "LOCATIENUMMER": "3860", "STATUS": "In dienst", "INTERACTIVITEIT": "Interactief", "LICHTBRON_GROEP": "LED", "BRANDPROGRAMMA": "BPIV UNI 20-22-23/DIM/4-5-6 VRZA50", "BRANDPROGRAMMA_GROEP": "BPIV DIM" }, "geometry": { "type": "Point", "coordinates": [ 198314.943, 196960.778 ] } },
{ "type": "Feature", "properties": { "LOCATIENUMMER": "3833", "STATUS": "In dienst", "INTERACTIVITEIT": "Interactief", "LICHTBRON_GROEP": "LED", "BRANDPROGRAMMA": "BPIV UNI 20-22-23/DIM/4-5-6 VRZA50", "BRANDPROGRAMMA_GROEP": "BPIV DIM" }, "geometry": { "type": "Point", "coordinates": [ 198538.144, 197114.555 ] } },
{ "type": "Feature", "properties": { "LOCATIENUMMER": "3866", "STATUS": "In dienst", "INTERACTIVITEIT": "Niet interactief", "LICHTBRON_GROEP": "NAHP", "BRANDPROGRAMMA": "N", "BRANDPROGRAMMA_GROEP": "N" }, "geometry": { "type": "Point", "coordinates": [ 198434.69, 197157.155 ] } },
{ "type": "Feature", "properties": { "LOCATIENUMMER": "3868", "STATUS": "In dienst", "INTERACTIVITEIT": "Interactief", "LICHTBRON_GROEP": "LED", "BRANDPROGRAMMA": "BPIV UNI 20-22-23/DIM/4-5-6 VRZA50", "BRANDPROGRAMMA_GROEP": "BPIV DIM" }, "geometry": { "type": "Point", "coordinates": [ 198435.37400000001071, 197110.471 ] } },
{ "type": "Feature", "properties": { "LOCATIENUMMER": "3869", "STATUS": "In dienst", "INTERACTIVITEIT": "Niet interactief", "LICHTBRON_GROEP": "NAHP", "BRANDPROGRAMMA": "D22H6.30 (Doven)", "BRANDPROGRAMMA_GROEP": "DxxHyy DOV" }, "geometry": { "type": "Point", "coordinates": [ 198400.729, 197130.35 ] } },
{ "type": "Feature", "properties": { "LOCATIENUMMER": "3872", "STATUS": "In dienst", "INTERACTIVITEIT": "Interactief", "LICHTBRON_GROEP": "LED", "BRANDPROGRAMMA": "BPIV UNI 20-22-23/DIM/4-5-6 VRZA50", "BRANDPROGRAMMA_GROEP": "BPIV DIM" }, "geometry": { "type": "Point", "coordinates": [ 198520.223999999987427, 197176.738000000012107 ] } },
{ "type": "Feature", "properties": { "LOCATIENUMMER": "3873", "STATUS": "In dienst", "INTERACTIVITEIT": "Interactief", "LICHTBRON_GROEP": "LED", "BRANDPROGRAMMA": "BPIV UNI 20-22-23/DIM/4-5-6 VRZA50", "BRANDPROGRAMMA_GROEP": "BPIV DIM" }, "geometry": { "type": "Point", "coordinates": [ 198479.443, 197172.545000000012806 ] } },
{ "type": "Feature", "properties": { "LOCATIENUMMER": "3832", "STATUS": "In dienst", "INTERACTIVITEIT": "Interactief", "LICHTBRON_GROEP": "LED", "BRANDPROGRAMMA": "BPIV UNI 20-22-23/DIM/4-5-6 VRZA50", "BRANDPROGRAMMA_GROEP": "BPIV DIM" }, "geometry": { "type": "Point", "coordinates": [ 198531.666999999986729, 197039.54 ] } },
{ "type": "Feature", "properties": { "LOCATIENUMMER": "3830", "STATUS": "In dienst", "INTERACTIVITEIT": "Interactief", "LICHTBRON_GROEP": "LED", "BRANDPROGRAMMA": "BPIV UNI 20-22-23/DIM/4-5-6 VRZA50", "BRANDPROGRAMMA_GROEP": "BPIV DIM" }, "geometry": { "type": "Point", "coordinates": [ 198531.727000000013504, 196980.458000000013271 ] } },
{ "type": "Feature", "properties": { "LOCATIENUMMER": "3836", "STATUS": "In dienst", "INTERACTIVITEIT": "Interactief", "LICHTBRON_GROEP": "LED", "BRANDPROGRAMMA": "BPIV UNI 20-22-23/DIM/4-5-6 VRZA50", "BRANDPROGRAMMA_GROEP": "BPIV DIM" }, "geometry": { "type": "Point", "coordinates": [ 198473.038999999989755, 196920.902 ] } },
{ "type": "Feature", "properties": { "LOCATIENUMMER": "3845", "STATUS": "In dienst", "INTERACTIVITEIT": "Interactief", "LICHTBRON_GROEP": "LED", "BRANDPROGRAMMA": "BPIV UNI 20-22-23/DIM/4-5-6 VRZA50", "BRANDPROGRAMMA_GROEP": "BPIV DIM" }, "geometry": { "type": "Point", "coordinates": [ 198608.883, 197015.256 ] } },
{ "type": "Feature", "properties": { "LOCATIENUMMER": "955", "STATUS": "In dienst", "INTERACTIVITEIT": "Niet interactief", "LICHTBRON_GROEP": "NAHP", "BRANDPROGRAMMA": "N", "BRANDPROGRAMMA_GROEP": "N" }, "geometry": { "type": "Point", "coordinates": [ 193987.688, 199251.48499999998603 ] } },
{ "type": "Feature", "properties": { "LOCATIENUMMER": "2717", "STATUS": "In dienst", "INTERACTIVITEIT": "Niet interactief", "LICHTBRON_GROEP": "NAHP", "BRANDPROGRAMMA": "N", "BRANDPROGRAMMA_GROEP": "N" }, "geometry": { "type": "Point", "coordinates": [ 194562.967, 195423.88200000001234 ] } },
{ "type": "Feature", "properties": { "LOCATIENUMMER": "2724", "STATUS": "In dienst", "INTERACTIVITEIT": "Niet interactief", "LICHTBRON_GROEP": "NAHP", "BRANDPROGRAMMA": "N", "BRANDPROGRAMMA_GROEP": "N" }, "geometry": { "type": "Point", "coordinates": [ 194853.416999999986729, 195453.75700000001234 ] } },
{ "type": "Feature", "properties": { "LOCATIENUMMER": "2719", "STATUS": "In dienst", "INTERACTIVITEIT": "Niet interactief", "LICHTBRON_GROEP": "NAHP", "BRANDPROGRAMMA": "D22H6.30 (Doven)", "BRANDPROGRAMMA_GROEP": "DxxHyy DOV" }, "geometry": { "type": "Point", "coordinates": [ 194644.055, 195442.564000000013039 ] } },
{ "type": "Feature", "properties": { "LOCATIENUMMER": "2722", "STATUS": "In dienst", "INTERACTIVITEIT": "Niet interactief", "LICHTBRON_GROEP": "NAHP", "BRANDPROGRAMMA": "N", "BRANDPROGRAMMA_GROEP": "N" }, "geometry": { "type": "Point", "coordinates": [ 194758.15, 195466.782 ] } },
{ "type": "Feature", "properties": { "LOCATIENUMMER": "2668", "STATUS": "In dienst", "INTERACTIVITEIT": "Niet interactief", "LICHTBRON_GROEP": "NAHP", "BRANDPROGRAMMA": "N", "BRANDPROGRAMMA_GROEP": "N" }, "geometry": { "type": "Point", "coordinates": [ 193787.861, 196258.794 ] } },
{ "type": "Feature", "properties": { "LOCATIENUMMER": "2694", "STATUS": "In dienst", "INTERACTIVITEIT": "Interactief-ready", "LICHTBRON_GROEP": "LED", "BRANDPROGRAMMA": "N", "BRANDPROGRAMMA_GROEP": "N" }, "geometry": { "type": "Point", "coordinates": [ 193842.964, 196249.892 ] } },
{ "type": "Feature", "properties": { "LOCATIENUMMER": "2665", "STATUS": "In dienst", "INTERACTIVITEIT": "Niet interactief", "LICHTBRON_GROEP": "NALP", "BRANDPROGRAMMA": "N", "BRANDPROGRAMMA_GROEP": "N" }, "geometry": { "type": "Point", "coordinates": [ 193666.12599999998929, 196252.706 ] } },
{ "type": "Feature", "properties": { "LOCATIENUMMER": "2666", "STATUS": "In dienst", "INTERACTIVITEIT": "Niet interactief", "LICHTBRON_GROEP": "NAHP", "BRANDPROGRAMMA": "D22H6.30 (Doven)", "BRANDPROGRAMMA_GROEP": "DxxHyy DOV" }, "geometry": { "type": "Point", "coordinates": [ 193698.72, 196245.775 ] } },
{ "type": "Feature", "properties": { "LOCATIENUMMER": "2693", "STATUS": "In dienst", "INTERACTIVITEIT": "Niet interactief", "LICHTBRON_GROEP": "NALP", "BRANDPROGRAMMA": "D22H6.30 (Doven)", "BRANDPROGRAMMA_GROEP": "DxxHyy DOV" }, "geometry": { "type": "Point", "coordinates": [ 193782.799999999988358, 196307.761 ] } },
{ "type": "Feature", "properties": { "LOCATIENUMMER": "2374", "STATUS": "In dienst", "INTERACTIVITEIT": "Niet interactief", "LICHTBRON_GROEP": "NALP", "BRANDPROGRAMMA": "D22H6.30 (Doven)", "BRANDPROGRAMMA_GROEP": "DxxHyy DOV" }, "geometry": { "type": "Point", "coordinates": [ 193594.443999999988591, 195673.609 ] } },
{ "type": "Feature", "properties": { "LOCATIENUMMER": "2375", "STATUS": "In dienst", "INTERACTIVITEIT": "Niet interactief", "LICHTBRON_GROEP": "NALP", "BRANDPROGRAMMA": "D22H6.30 (Doven)", "BRANDPROGRAMMA_GROEP": "DxxHyy DOV" }, "geometry": { "type": "Point", "coordinates": [ 193514.166, 195692.057999999989988 ] } },
{ "type": "Feature", "properties": { "LOCATIENUMMER": "2372", "STATUS": "In dienst", "INTERACTIVITEIT": "Niet interactief", "LICHTBRON_GROEP": "NALP", "BRANDPROGRAMMA": "D22H6.30 (Doven)", "BRANDPROGRAMMA_GROEP": "DxxHyy DOV" }, "geometry": { "type": "Point", "coordinates": [ 193634.423, 195663.424999999988358 ] } },
{ "type": "Feature", "properties": { "LOCATIENUMMER": "2955", "STATUS": "In dienst", "INTERACTIVITEIT": "Interactief", "LICHTBRON_GROEP": "LED", "BRANDPROGRAMMA": "BPIV UNI 20-22-23/DIM/4-5-6 VRZA50", "BRANDPROGRAMMA_GROEP": "BPIV DIM" }, "geometry": { "type": "Point", "coordinates": [ 193673.695, 195652.786 ] } },
{ "type": "Feature", "properties": { "LOCATIENUMMER": "1962", "STATUS": "In dienst", "INTERACTIVITEIT": "Interactief", "LICHTBRON_GROEP": "LED", "BRANDPROGRAMMA": "BPIV UNI 20-22-23/DIM/4-5-6 VRZA50", "BRANDPROGRAMMA_GROEP": "BPIV DIM" }, "geometry": { "type": "Point", "coordinates": [ 193651.602000000013504, 195672.934 ] } },
{ "type": "Feature", "properties": { "LOCATIENUMMER": "2377", "STATUS": "In dienst", "INTERACTIVITEIT": "Niet interactief", "LICHTBRON_GROEP": "NALP", "BRANDPROGRAMMA": "D22H6.30 (Doven)", "BRANDPROGRAMMA_GROEP": "DxxHyy DOV" }, "geometry": { "type": "Point", "coordinates": [ 193433.288, 195690.826 ] } },
{ "type": "Feature", "properties": { "LOCATIENUMMER": "2378", "STATUS": "In dienst", "INTERACTIVITEIT": "Niet interactief", "LICHTBRON_GROEP": "NALP", "BRANDPROGRAMMA": "D22H6.30 (Doven)", "BRANDPROGRAMMA_GROEP": "DxxHyy DOV" }, "geometry": { "type": "Point", "coordinates": [ 193398.326, 195710.38200000001234 ] } },
{ "type": "Feature", "properties": { "LOCATIENUMMER": "2954", "STATUS": "In dienst", "INTERACTIVITEIT": "Interactief", "LICHTBRON_GROEP": "LED", "BRANDPROGRAMMA": "BPIV UNI 20-22-23/DIM/4-5-6 VRZA50", "BRANDPROGRAMMA_GROEP": "BPIV DIM" }, "geometry": { "type": "Point", "coordinates": [ 193716.902, 195638.064000000013039 ] } },
{ "type": "Feature", "properties": { "LOCATIENUMMER": "2953", "STATUS": "In dienst", "INTERACTIVITEIT": "Interactief", "LICHTBRON_GROEP": "LED", "BRANDPROGRAMMA": "BPIV UNI 20-22-23/DIM/4-5-6 VRZA50", "BRANDPROGRAMMA_GROEP": "BPIV DIM" }, "geometry": { "type": "Point", "coordinates": [ 193758.076, 195622.403 ] } },
{ "type": "Feature", "properties": { "LOCATIENUMMER": "2964", "STATUS": "In dienst", "INTERACTIVITEIT": "Interactief", "LICHTBRON_GROEP": "LED", "BRANDPROGRAMMA": "BPIV UNI 20-22-23/DIM/4-5-6 VRZA50", "BRANDPROGRAMMA_GROEP": "BPIV DIM" }, "geometry": { "type": "Point", "coordinates": [ 193816.324, 195621.538 ] } },
{ "type": "Feature", "properties": { "LOCATIENUMMER": "2951", "STATUS": "In dienst", "INTERACTIVITEIT": "Interactief", "LICHTBRON_GROEP": "LED", "BRANDPROGRAMMA": "BPIV UNI 20-22-23/DIM/4-5-6 VRZA50", "BRANDPROGRAMMA_GROEP": "BPIV DIM" }, "geometry": { "type": "Point", "coordinates": [ 193828.829, 195599.87400000001071 ] } },
{ "type": "Feature", "properties": { "LOCATIENUMMER": "2952", "STATUS": "In dienst", "INTERACTIVITEIT": "Interactief", "LICHTBRON_GROEP": "LED", "BRANDPROGRAMMA": "BPIV UNI 20-22-23/DIM/4-5-6 VRZA50", "BRANDPROGRAMMA_GROEP": "BPIV DIM" }, "geometry": { "type": "Point", "coordinates": [ 193792.185999999986961, 195610.113000000012107 ] } },
{ "type": "Feature", "properties": { "LOCATIENUMMER": "2950", "STATUS": "In dienst", "INTERACTIVITEIT": "Interactief", "LICHTBRON_GROEP": "LED", "BRANDPROGRAMMA": "BPIV UNI 20-22-23/DIM/4-5-6 VRZA50", "BRANDPROGRAMMA_GROEP": "BPIV DIM" }, "geometry": { "type": "Point", "coordinates": [ 193866.91, 195592.438 ] } },
{ "type": "Feature", "properties": { "LOCATIENUMMER": "2949", "STATUS": "In dienst", "INTERACTIVITEIT": "Interactief", "LICHTBRON_GROEP": "LED", "BRANDPROGRAMMA": "BPIV UNI 20-22-23/DIM/4-5-6 VRZA50", "BRANDPROGRAMMA_GROEP": "BPIV DIM" }, "geometry": { "type": "Point", "coordinates": [ 193908.852000000013504, 195588.185999999986961 ] } },
{ "type": "Feature", "properties": { "LOCATIENUMMER": "2946", "STATUS": "In dienst", "INTERACTIVITEIT": "Interactief", "LICHTBRON_GROEP": "LED", "BRANDPROGRAMMA": "BPIV UNI 20-22-23/DIM/4-5-6 VRZA50", "BRANDPROGRAMMA_GROEP": "BPIV DIM" }, "geometry": { "type": "Point", "coordinates": [ 193947.894, 195585.57 ] } },
{ "type": "Feature", "properties": { "LOCATIENUMMER": "2947", "STATUS": "In dienst", "INTERACTIVITEIT": "Interactief", "LICHTBRON_GROEP": "LED", "BRANDPROGRAMMA": "BPIV UNI 20-22-23/DIM/4-5-6 VRZA50", "BRANDPROGRAMMA_GROEP": "BPIV DIM" }, "geometry": { "type": "Point", "coordinates": [ 193995.793, 195581.99900000001071 ] } },
{ "type": "Feature", "properties": { "LOCATIENUMMER": "2373", "STATUS": "In dienst", "INTERACTIVITEIT": "Niet interactief", "LICHTBRON_GROEP": "NALP", "BRANDPROGRAMMA": "D22H6.30 (Doven)", "BRANDPROGRAMMA_GROEP": "DxxHyy DOV" }, "geometry": { "type": "Point", "coordinates": [ 193556.489, 195682.91 ] } },
{ "type": "Feature", "properties": { "LOCATIENUMMER": "2942", "STATUS": "In dienst", "INTERACTIVITEIT": "Interactief", "LICHTBRON_GROEP": "LED", "BRANDPROGRAMMA": "BPIV UNI 20-22-23/DIM/4-5-6 VRZA50", "BRANDPROGRAMMA_GROEP": "BPIV DIM" }, "geometry": { "type": "Point", "coordinates": [ 194083.854, 195561.905999999988126 ] } },
{ "type": "Feature", "properties": { "LOCATIENUMMER": "2938", "STATUS": "In dienst", "INTERACTIVITEIT": "Interactief", "LICHTBRON_GROEP": "LED", "BRANDPROGRAMMA": "BPIV UNI 20-22-23/DIM/4-5-6 VRZA50", "BRANDPROGRAMMA_GROEP": "BPIV DIM" }, "geometry": { "type": "Point", "coordinates": [ 194182.473, 195520.141 ] } },
{ "type": "Feature", "properties": { "LOCATIENUMMER": "2936", "STATUS": "In dienst", "INTERACTIVITEIT": "Interactief", "LICHTBRON_GROEP": "LED", "BRANDPROGRAMMA": "BPIV UNI 20-22-23/DIM/4-5-6 VRZA50", "BRANDPROGRAMMA_GROEP": "BPIV DIM" }, "geometry": { "type": "Point", "coordinates": [ 194242.965999999985797, 195459.337999999988824 ] } },
{ "type": "Feature", "properties": { "LOCATIENUMMER": "2376", "STATUS": "In dienst", "INTERACTIVITEIT": "Niet interactief", "LICHTBRON_GROEP": "NALP", "BRANDPROGRAMMA": "D22H6.30 (Doven)", "BRANDPROGRAMMA_GROEP": "DxxHyy DOV" }, "geometry": { "type": "Point", "coordinates": [ 193472.268000000010943, 195691.894999999989523 ] } },
{ "type": "Feature", "properties": { "LOCATIENUMMER": "1933", "STATUS": "In dienst", "INTERACTIVITEIT": "Interactief", "LICHTBRON_GROEP": "LED", "BRANDPROGRAMMA": "BPIV UNI 20-22-23/DIM/4-5-6 VRZA50", "BRANDPROGRAMMA_GROEP": "BPIV DIM" }, "geometry": { "type": "Point", "coordinates": [ 193792.553000000014435, 195947.86799999998766 ] } },
{ "type": "Feature", "properties": { "LOCATIENUMMER": "1969", "STATUS": "In dienst", "INTERACTIVITEIT": "Interactief-ready", "LICHTBRON_GROEP": "LED", "BRANDPROGRAMMA": "N", "BRANDPROGRAMMA_GROEP": "N" }, "geometry": { "type": "Point", "coordinates": [ 193678.738000000012107, 195919.915 ] } },
{ "type": "Feature", "properties": { "LOCATIENUMMER": "1934", "STATUS": "In dienst", "INTERACTIVITEIT": "Interactief", "LICHTBRON_GROEP": "LED", "BRANDPROGRAMMA": "BPIV UNI 20-22-23/DIM/4-5-6 VRZA50", "BRANDPROGRAMMA_GROEP": "BPIV DIM" }, "geometry": { "type": "Point", "coordinates": [ 193869.503999999986263, 195960.775 ] } },
{ "type": "Feature", "properties": { "LOCATIENUMMER": "1935", "STATUS": "In dienst", "INTERACTIVITEIT": "Interactief", "LICHTBRON_GROEP": "LED", "BRANDPROGRAMMA": "BPIV UNI 20-22-23/DIM/4-5-6 VRZA50", "BRANDPROGRAMMA_GROEP": "BPIV DIM" }, "geometry": { "type": "Point", "coordinates": [ 193948.568, 195971.598999999987427 ] } },
{ "type": "Feature", "properties": { "LOCATIENUMMER": "1936", "STATUS": "In dienst", "INTERACTIVITEIT": "Interactief", "LICHTBRON_GROEP": "LED", "BRANDPROGRAMMA": "BPIV UNI 20-22-23/DIM/4-5-6 VRZA50", "BRANDPROGRAMMA_GROEP": "BPIV DIM" }, "geometry": { "type": "Point", "coordinates": [ 194032.47, 195968.435999999986961 ] } },
{ "type": "Feature", "properties": { "LOCATIENUMMER": "1938", "STATUS": "In dienst", "INTERACTIVITEIT": "Interactief", "LICHTBRON_GROEP": "LED", "BRANDPROGRAMMA": "BPIV UNI 20-22-23/DIM/4-5-6 VRZA50", "BRANDPROGRAMMA_GROEP": "BPIV DIM" }, "geometry": { "type": "Point", "coordinates": [ 193713.346, 195937.928000000014435 ] } },
{ "type": "Feature", "properties": { "LOCATIENUMMER": "3219", "STATUS": "In dienst", "INTERACTIVITEIT": "Interactief", "LICHTBRON_GROEP": "LED", "BRANDPROGRAMMA": "BPIV UNI 20-22-23/DIM/4-5-6 VRZA50", "BRANDPROGRAMMA_GROEP": "BPIV DIM" }, "geometry": { "type": "Point", "coordinates": [ 198802.173, 198511.594000000011874 ] } },
{ "type": "Feature", "properties": { "LOCATIENUMMER": "3222", "STATUS": "In dienst", "INTERACTIVITEIT": "Interactief", "LICHTBRON_GROEP": "LED", "BRANDPROGRAMMA": "BPIV UNI 20-22-23/DIM/4-5-6 VRZA50", "BRANDPROGRAMMA_GROEP": "BPIV DIM" }, "geometry": { "type": "Point", "coordinates": [ 198775.014, 198482.964 ] } },
{ "type": "Feature", "properties": { "LOCATIENUMMER": "3205", "STATUS": "In dienst", "INTERACTIVITEIT": "Interactief", "LICHTBRON_GROEP": "LED", "BRANDPROGRAMMA": "BPIV UNI 20-22-23/DIM/4-5-6 VRZA50", "BRANDPROGRAMMA_GROEP": "BPIV DIM" }, "geometry": { "type": "Point", "coordinates": [ 198757.496000000013737, 198524.725 ] } },
{ "type": "Feature", "properties": { "LOCATIENUMMER": "3208", "STATUS": "In dienst", "INTERACTIVITEIT": "Interactief", "LICHTBRON_GROEP": "LED", "BRANDPROGRAMMA": "BPIV UNI 20-22-23/DIM/4-5-6 VRZA50", "BRANDPROGRAMMA_GROEP": "BPIV DIM" }, "geometry": { "type": "Point", "coordinates": [ 198675.155, 198629.416999999986729 ] } },
{ "type": "Feature", "properties": { "LOCATIENUMMER": "3409", "STATUS": "In dienst", "INTERACTIVITEIT": "Niet interactief", "LICHTBRON_GROEP": "LED", "BRANDPROGRAMMA": "N", "BRANDPROGRAMMA_GROEP": "N" }, "geometry": { "type": "Point", "coordinates": [ 195659.63, 196871.779 ] } },
{ "type": "Feature", "properties": { "LOCATIENUMMER": "3416", "STATUS": "In dienst", "INTERACTIVITEIT": "Interactief-ready", "LICHTBRON_GROEP": "LED", "BRANDPROGRAMMA": "D22H6.30 (Doven)", "BRANDPROGRAMMA_GROEP": "DxxHyy DOV" }, "geometry": { "type": "Point", "coordinates": [ 195659.59, 196882.07 ] } },
{ "type": "Feature", "properties": { "LOCATIENUMMER": "3417", "STATUS": "In dienst", "INTERACTIVITEIT": "Niet interactief", "LICHTBRON_GROEP": "LED", "BRANDPROGRAMMA": "N", "BRANDPROGRAMMA_GROEP": "N" }, "geometry": { "type": "Point", "coordinates": [ 195675.316, 196889.560999999986961 ] } },
{ "type": "Feature", "properties": { "LOCATIENUMMER": "99116", "STATUS": "In dienst", "INTERACTIVITEIT": "Niet interactief", "LICHTBRON_GROEP": "LED", "BRANDPROGRAMMA": "N", "BRANDPROGRAMMA_GROEP": "N" }, "geometry": { "type": "Point", "coordinates": [ 195650.647, 196890.049 ] } },
{ "type": "Feature", "properties": { "LOCATIENUMMER": "3413", "STATUS": "In dienst", "INTERACTIVITEIT": "Niet interactief", "LICHTBRON_GROEP": "LED", "BRANDPROGRAMMA": "D22H6.30 (Doven)", "BRANDPROGRAMMA_GROEP": "DxxHyy DOV" }, "geometry": { "type": "Point", "coordinates": [ 195638.045000000012806, 196910.428000000014435 ] } },
{ "type": "Feature", "properties": { "LOCATIENUMMER": "3413", "STATUS": "In dienst", "INTERACTIVITEIT": "Niet interactief", "LICHTBRON_GROEP": "LED", "BRANDPROGRAMMA": "D22H6.30 (Doven)", "BRANDPROGRAMMA_GROEP": "DxxHyy DOV" }, "geometry": { "type": "Point", "coordinates": [ 195638.045000000012806, 196910.428000000014435 ] } },
{ "type": "Feature", "properties": { "LOCATIENUMMER": "4324", "STATUS": "In dienst", "INTERACTIVITEIT": "Niet interactief", "LICHTBRON_GROEP": "LED", "BRANDPROGRAMMA": "N", "BRANDPROGRAMMA_GROEP": "N" }, "geometry": { "type": "Point", "coordinates": [ 195621.026000000012573, 196907.079999999987194 ] } },
{ "type": "Feature", "properties": { "LOCATIENUMMER": "99117", "STATUS": "In dienst", "INTERACTIVITEIT": "Niet interactief", "LICHTBRON_GROEP": "LED", "BRANDPROGRAMMA": "N", "BRANDPROGRAMMA_GROEP": "N" }, "geometry": { "type": "Point", "coordinates": [ 195643.098999999987427, 196917.333000000013271 ] } },
{ "type": "Feature", "properties": { "LOCATIENUMMER": "3414", "STATUS": "In dienst", "INTERACTIVITEIT": "Niet interactief", "LICHTBRON_GROEP": "LED", "BRANDPROGRAMMA": "N", "BRANDPROGRAMMA_GROEP": "N" }, "geometry": { "type": "Point", "coordinates": [ 195629.628, 196933.775 ] } },
{ "type": "Feature", "properties": { "LOCATIENUMMER": "3414", "STATUS": "In dienst", "INTERACTIVITEIT": "Niet interactief", "LICHTBRON_GROEP": "LED", "BRANDPROGRAMMA": "N", "BRANDPROGRAMMA_GROEP": "N" }, "geometry": { "type": "Point", "coordinates": [ 195629.628, 196933.775 ] } },
{ "type": "Feature", "properties": { "LOCATIENUMMER": "4325", "STATUS": "In dienst", "INTERACTIVITEIT": "Niet interactief", "LICHTBRON_GROEP": "LED", "BRANDPROGRAMMA": "D22H6.30 (Doven)", "BRANDPROGRAMMA_GROEP": "DxxHyy DOV" }, "geometry": { "type": "Point", "coordinates": [ 195617.142, 196928.921 ] } },
{ "type": "Feature", "properties": { "LOCATIENUMMER": "3427", "STATUS": "In dienst", "INTERACTIVITEIT": "Niet interactief", "LICHTBRON_GROEP": "LED", "BRANDPROGRAMMA": "D22H6.30 (Doven)", "BRANDPROGRAMMA_GROEP": "DxxHyy DOV" }, "geometry": { "type": "Point", "coordinates": [ 195645.827, 196932.377 ] } },
{ "type": "Feature", "properties": { "LOCATIENUMMER": "3451", "STATUS": "In dienst", "INTERACTIVITEIT": "Niet interactief", "LICHTBRON_GROEP": "LED", "BRANDPROGRAMMA": "D22H6.30 (Standaard dimmen)", "BRANDPROGRAMMA_GROEP": "DxxHyy DIM" }, "geometry": { "type": "Point", "coordinates": [ 195677.87400000001071, 197005.116 ] } },
{ "type": "Feature", "properties": { "LOCATIENUMMER": "3426", "STATUS": "In dienst", "INTERACTIVITEIT": "Niet interactief", "LICHTBRON_GROEP": "LED", "BRANDPROGRAMMA": "D22H6.30 (Doven)", "BRANDPROGRAMMA_GROEP": "DxxHyy DOV" }, "geometry": { "type": "Point", "coordinates": [ 195667.549999999988358, 196933.51500000001397 ] } },
{ "type": "Feature", "properties": { "LOCATIENUMMER": "3425", "STATUS": "In dienst", "INTERACTIVITEIT": "Niet interactief", "LICHTBRON_GROEP": "LED", "BRANDPROGRAMMA": "D22H6.30 (Standaard dimmen)", "BRANDPROGRAMMA_GROEP": "DxxHyy DIM" }, "geometry": { "type": "Point", "coordinates": [ 195693.358, 196941.829999999987194 ] } },
{ "type": "Feature", "properties": { "LOCATIENUMMER": "3425", "STATUS": "In dienst", "INTERACTIVITEIT": "Niet interactief", "LICHTBRON_GROEP": "LED", "BRANDPROGRAMMA": "N", "BRANDPROGRAMMA_GROEP": "N" }, "geometry": { "type": "Point", "coordinates": [ 195689.685, 196934.804 ] } },
{ "type": "Feature", "properties": { "LOCATIENUMMER": "3452", "STATUS": "In dienst", "INTERACTIVITEIT": "Niet interactief", "LICHTBRON_GROEP": "LED", "BRANDPROGRAMMA": "D22H6.30 (Standaard dimmen)", "BRANDPROGRAMMA_GROEP": "DxxHyy DIM" }, "geometry": { "type": "Point", "coordinates": [ 195687.886999999987893, 196981.865 ] } },
{ "type": "Feature", "properties": { "LOCATIENUMMER": "3458", "STATUS": "In dienst", "INTERACTIVITEIT": "Niet interactief", "LICHTBRON_GROEP": "LED", "BRANDPROGRAMMA": "D22H6.30 (Standaard dimmen)", "BRANDPROGRAMMA_GROEP": "DxxHyy DIM" }, "geometry": { "type": "Point", "coordinates": [ 195692.106999999989057, 196956.14000000001397 ] } },
{ "type": "Feature", "properties": { "LOCATIENUMMER": "3458", "STATUS": "In dienst", "INTERACTIVITEIT": "Niet interactief", "LICHTBRON_GROEP": "LED", "BRANDPROGRAMMA": "D22H6.30 (Standaard dimmen)", "BRANDPROGRAMMA_GROEP": "DxxHyy DIM" }, "geometry": { "type": "Point", "coordinates": [ 195692.764, 196949.334 ] } },
{ "type": "Feature", "properties": { "LOCATIENUMMER": "3423", "STATUS": "In dienst", "INTERACTIVITEIT": "Niet interactief", "LICHTBRON_GROEP": "LED", "BRANDPROGRAMMA": "D22H6.30 (Doven)", "BRANDPROGRAMMA_GROEP": "DxxHyy DOV" }, "geometry": { "type": "Point", "coordinates": [ 195724.524, 196935.104 ] } },
{ "type": "Feature", "properties": { "LOCATIENUMMER": "3424", "STATUS": "In dienst", "INTERACTIVITEIT": "Niet interactief", "LICHTBRON_GROEP": "LED", "BRANDPROGRAMMA": "D22H6.30 (Doven)", "BRANDPROGRAMMA_GROEP": "DxxHyy DOV" }, "geometry": { "type": "Point", "coordinates": [ 195704.828, 196935.587 ] } },
{ "type": "Feature", "properties": { "LOCATIENUMMER": "3444", "STATUS": "In dienst", "INTERACTIVITEIT": "Niet interactief", "LICHTBRON_GROEP": "LED", "BRANDPROGRAMMA": "D22H6.30 (Standaard dimmen)", "BRANDPROGRAMMA_GROEP": "DxxHyy DIM" }, "geometry": { "type": "Point", "coordinates": [ 195700.271, 196962.479 ] } },
{ "type": "Feature", "properties": { "LOCATIENUMMER": "99108", "STATUS": "In dienst", "INTERACTIVITEIT": "Niet interactief", "LICHTBRON_GROEP": "LED", "BRANDPROGRAMMA": "D22H6.30 (Standaard dimmen)", "BRANDPROGRAMMA_GROEP": "DxxHyy DIM" }, "geometry": { "type": "Point", "coordinates": [ 195710.682, 196922.668 ] } },
{ "type": "Feature", "properties": { "LOCATIENUMMER": "99123", "STATUS": "In dienst", "INTERACTIVITEIT": "Niet interactief", "LICHTBRON_GROEP": "LED", "BRANDPROGRAMMA": "N", "BRANDPROGRAMMA_GROEP": "N" }, "geometry": { "type": "Point", "coordinates": [ 195705.583000000013271, 196925.991 ] } },
{ "type": "Feature", "properties": { "LOCATIENUMMER": "99127", "STATUS": "In dienst", "INTERACTIVITEIT": "Niet interactief", "LICHTBRON_GROEP": "LED", "BRANDPROGRAMMA": "D22H6.30 (Standaard dimmen)", "BRANDPROGRAMMA_GROEP": "DxxHyy DIM" }, "geometry": { "type": "Point", "coordinates": [ 195709.498, 196944.932 ] } },
{ "type": "Feature", "properties": { "LOCATIENUMMER": "99128", "STATUS": "In dienst", "INTERACTIVITEIT": "Niet interactief", "LICHTBRON_GROEP": "LED", "BRANDPROGRAMMA": "D22H6.30 (Standaard dimmen)", "BRANDPROGRAMMA_GROEP": "DxxHyy DIM" }, "geometry": { "type": "Point", "coordinates": [ 195708.177, 196947.827 ] } },
{ "type": "Feature", "properties": { "LOCATIENUMMER": "99129", "STATUS": "In dienst", "INTERACTIVITEIT": "Niet interactief", "LICHTBRON_GROEP": "LED", "BRANDPROGRAMMA": "D22H6.30 (Standaard dimmen)", "BRANDPROGRAMMA_GROEP": "DxxHyy DIM" }, "geometry": { "type": "Point", "coordinates": [ 195710.122, 196948.079999999987194 ] } },
{ "type": "Feature", "properties": { "LOCATIENUMMER": "99130", "STATUS": "In dienst", "INTERACTIVITEIT": "Niet interactief", "LICHTBRON_GROEP": "LED", "BRANDPROGRAMMA": "D22H6.30 (Standaard dimmen)", "BRANDPROGRAMMA_GROEP": "DxxHyy DIM" }, "geometry": { "type": "Point", "coordinates": [ 195708.236, 196947.491 ] } },
{ "type": "Feature", "properties": { "LOCATIENUMMER": "99131", "STATUS": "In dienst", "INTERACTIVITEIT": "Niet interactief", "LICHTBRON_GROEP": "LED", "BRANDPROGRAMMA": "D22H6.30 (Standaard dimmen)", "BRANDPROGRAMMA_GROEP": "DxxHyy DIM" }, "geometry": { "type": "Point", "coordinates": [ 195709.681000000011409, 196946.413999999989755 ] } },
{ "type": "Feature", "properties": { "LOCATIENUMMER": "3441", "STATUS": "In dienst", "INTERACTIVITEIT": "Niet interactief", "LICHTBRON_GROEP": "LED", "BRANDPROGRAMMA": "D22H6.30 (Standaard dimmen)", "BRANDPROGRAMMA_GROEP": "DxxHyy DIM" }, "geometry": { "type": "Point", "coordinates": [ 195722.12, 196964.392 ] } },
{ "type": "Feature", "properties": { "LOCATIENUMMER": "3442", "STATUS": "In dienst", "INTERACTIVITEIT": "Niet interactief", "LICHTBRON_GROEP": "LED", "BRANDPROGRAMMA": "D22H6.30 (Standaard dimmen)", "BRANDPROGRAMMA_GROEP": "DxxHyy DIM" }, "geometry": { "type": "Point", "coordinates": [ 195723.217, 196949.921 ] } },
{ "type": "Feature", "properties": { "LOCATIENUMMER": "3443", "STATUS": "In dienst", "INTERACTIVITEIT": "Niet interactief", "LICHTBRON_GROEP": "LED", "BRANDPROGRAMMA": "D22H6.30 (Standaard dimmen)", "BRANDPROGRAMMA_GROEP": "DxxHyy DIM" }, "geometry": { "type": "Point", "coordinates": [ 195737.752, 196967.712999999988824 ] } },
{ "type": "Feature", "properties": { "LOCATIENUMMER": "3457", "STATUS": "In dienst", "INTERACTIVITEIT": "Niet interactief", "LICHTBRON_GROEP": "LED", "BRANDPROGRAMMA": "D22H6.30 (Standaard dimmen)", "BRANDPROGRAMMA_GROEP": "DxxHyy DIM" }, "geometry": { "type": "Point", "coordinates": [ 195730.071999999985565, 196987.198 ] } },
{ "type": "Feature", "properties": { "LOCATIENUMMER": "3391", "STATUS": "In dienst", "INTERACTIVITEIT": "Interactief", "LICHTBRON_GROEP": "LED", "BRANDPROGRAMMA": "BPIV UNI 20-22-23/DIM/4-5-6 VRZA50", "BRANDPROGRAMMA_GROEP": "BPIV DIM" }, "geometry": { "type": "Point", "coordinates": [ 195771.109, 196936.679 ] } },
{ "type": "Feature", "properties": { "LOCATIENUMMER": "3422", "STATUS": "In dienst", "INTERACTIVITEIT": "Niet interactief", "LICHTBRON_GROEP": "LED", "BRANDPROGRAMMA": "D22H6.30 (Doven)", "BRANDPROGRAMMA_GROEP": "DxxHyy DOV" }, "geometry": { "type": "Point", "coordinates": [ 195748.548, 196937.081 ] } },
{ "type": "Feature", "properties": { "LOCATIENUMMER": "3421", "STATUS": "In dienst", "INTERACTIVITEIT": "Niet interactief", "LICHTBRON_GROEP": "LED", "BRANDPROGRAMMA": "N", "BRANDPROGRAMMA_GROEP": "N" }, "geometry": { "type": "Point", "coordinates": [ 195733.818, 196925.116 ] } },
{ "type": "Feature", "properties": { "LOCATIENUMMER": "3420", "STATUS": "In dienst", "INTERACTIVITEIT": "Niet interactief", "LICHTBRON_GROEP": "LED", "BRANDPROGRAMMA": "D22H6.30 (Doven)", "BRANDPROGRAMMA_GROEP": "DxxHyy DOV" }, "geometry": { "type": "Point", "coordinates": [ 195725.261, 196913.783 ] } },
{ "type": "Feature", "properties": { "LOCATIENUMMER": "3419", "STATUS": "In dienst", "INTERACTIVITEIT": "Niet interactief", "LICHTBRON_GROEP": "LED", "BRANDPROGRAMMA": "D22H6.30 (Doven)", "BRANDPROGRAMMA_GROEP": "DxxHyy DOV" }, "geometry": { "type": "Point", "coordinates": [ 195708.878999999986263, 196904.965 ] } },
{ "type": "Feature", "properties": { "LOCATIENUMMER": "3418", "STATUS": "In dienst", "INTERACTIVITEIT": "Niet interactief", "LICHTBRON_GROEP": "LED", "BRANDPROGRAMMA": "N", "BRANDPROGRAMMA_GROEP": "N" }, "geometry": { "type": "Point", "coordinates": [ 195691.045000000012806, 196896.856999999989057 ] } },
{ "type": "Feature", "properties": { "LOCATIENUMMER": "3406", "STATUS": "In dienst", "INTERACTIVITEIT": "Niet interactief", "LICHTBRON_GROEP": "LED", "BRANDPROGRAMMA": "D22H6.30 (Standaard dimmen)", "BRANDPROGRAMMA_GROEP": "DxxHyy DIM" }, "geometry": { "type": "Point", "coordinates": [ 195674.595, 196920.144999999989523 ] } },
{ "type": "Feature", "properties": { "LOCATIENUMMER": "3406", "STATUS": "In dienst", "INTERACTIVITEIT": "Niet interactief", "LICHTBRON_GROEP": "LED", "BRANDPROGRAMMA": "D22H6.30 (Standaard dimmen)", "BRANDPROGRAMMA_GROEP": "DxxHyy DIM" }, "geometry": { "type": "Point", "coordinates": [ 195674.595, 196920.144999999989523 ] } },
{ "type": "Feature", "properties": { "LOCATIENUMMER": "99109", "STATUS": "In dienst", "INTERACTIVITEIT": "Niet interactief", "LICHTBRON_GROEP": "LED", "BRANDPROGRAMMA": "D22H6.30 (Standaard dimmen)", "BRANDPROGRAMMA_GROEP": "DxxHyy DIM" }, "geometry": { "type": "Point", "coordinates": [ 195669.022, 196912.217 ] } },
{ "type": "Feature", "properties": { "LOCATIENUMMER": "99110", "STATUS": "In dienst", "INTERACTIVITEIT": "Niet interactief", "LICHTBRON_GROEP": "LED", "BRANDPROGRAMMA": "D22H6.30 (Standaard dimmen)", "BRANDPROGRAMMA_GROEP": "DxxHyy DIM" }, "geometry": { "type": "Point", "coordinates": [ 195679.918, 196904.23499999998603 ] } },
{ "type": "Feature", "properties": { "LOCATIENUMMER": "99111", "STATUS": "In dienst", "INTERACTIVITEIT": "Niet interactief", "LICHTBRON_GROEP": "LED", "BRANDPROGRAMMA": "D22H6.30 (Standaard dimmen)", "BRANDPROGRAMMA_GROEP": "DxxHyy DIM" }, "geometry": { "type": "Point", "coordinates": [ 195689.888, 196904.324 ] } },
{ "type": "Feature", "properties": { "LOCATIENUMMER": "99112", "STATUS": "In dienst", "INTERACTIVITEIT": "Niet interactief", "LICHTBRON_GROEP": "LED", "BRANDPROGRAMMA": "D22H6.30 (Standaard dimmen)", "BRANDPROGRAMMA_GROEP": "DxxHyy DIM" }, "geometry": { "type": "Point", "coordinates": [ 195695.098999999987427, 196917.021 ] } },
{ "type": "Feature", "properties": { "LOCATIENUMMER": "99113", "STATUS": "In dienst", "INTERACTIVITEIT": "Niet interactief", "LICHTBRON_GROEP": "LED", "BRANDPROGRAMMA": "D22H6.30 (Standaard dimmen)", "BRANDPROGRAMMA_GROEP": "DxxHyy DIM" }, "geometry": { "type": "Point", "coordinates": [ 195694.783, 196910.009 ] } },
{ "type": "Feature", "properties": { "LOCATIENUMMER": "99114", "STATUS": "In dienst", "INTERACTIVITEIT": "Niet interactief", "LICHTBRON_GROEP": "LED", "BRANDPROGRAMMA": "D22H6.30 (Standaard dimmen)", "BRANDPROGRAMMA_GROEP": "DxxHyy DIM" }, "geometry": { "type": "Point", "coordinates": [ 195684.918, 196921.9 ] } },
{ "type": "Feature", "properties": { "LOCATIENUMMER": "99115", "STATUS": "In dienst", "INTERACTIVITEIT": "Niet interactief", "LICHTBRON_GROEP": "LED", "BRANDPROGRAMMA": "D22H6.30 (Standaard dimmen)", "BRANDPROGRAMMA_GROEP": "DxxHyy DIM" }, "geometry": { "type": "Point", "coordinates": [ 195678.16, 196920.318999999988591 ] } },
{ "type": "Feature", "properties": { "LOCATIENUMMER": "99118", "STATUS": "In dienst", "INTERACTIVITEIT": "Niet interactief", "LICHTBRON_GROEP": "LED", "BRANDPROGRAMMA": "N", "BRANDPROGRAMMA_GROEP": "N" }, "geometry": { "type": "Point", "coordinates": [ 195667.729, 196912.342 ] } },
{ "type": "Feature", "properties": { "LOCATIENUMMER": "99119", "STATUS": "In dienst", "INTERACTIVITEIT": "Niet interactief", "LICHTBRON_GROEP": "LED", "BRANDPROGRAMMA": "N", "BRANDPROGRAMMA_GROEP": "N" }, "geometry": { "type": "Point", "coordinates": [ 195655.25700000001234, 196908.72 ] } },
{ "type": "Feature", "properties": { "LOCATIENUMMER": "99120", "STATUS": "In dienst", "INTERACTIVITEIT": "Niet interactief", "LICHTBRON_GROEP": "LED", "BRANDPROGRAMMA": "N", "BRANDPROGRAMMA_GROEP": "N" }, "geometry": { "type": "Point", "coordinates": [ 195656.259, 196904.755 ] } },
{ "type": "Feature", "properties": { "LOCATIENUMMER": "99121", "STATUS": "In dienst", "INTERACTIVITEIT": "Niet interactief", "LICHTBRON_GROEP": "LED", "BRANDPROGRAMMA": "N", "BRANDPROGRAMMA_GROEP": "N" }, "geometry": { "type": "Point", "coordinates": [ 195668.731, 196908.377 ] } },
{ "type": "Feature", "properties": { "LOCATIENUMMER": "99122", "STATUS": "In dienst", "INTERACTIVITEIT": "Niet interactief", "LICHTBRON_GROEP": "LED", "BRANDPROGRAMMA": "N", "BRANDPROGRAMMA_GROEP": "N" }, "geometry": { "type": "Point", "coordinates": [ 195696.567000000010012, 196923.236 ] } },
{ "type": "Feature", "properties": { "LOCATIENUMMER": "99124", "STATUS": "In dienst", "INTERACTIVITEIT": "Niet interactief", "LICHTBRON_GROEP": "LED", "BRANDPROGRAMMA": "N", "BRANDPROGRAMMA_GROEP": "N" }, "geometry": { "type": "Point", "coordinates": [ 195699.405999999988126, 196914.261999999987893 ] } },
{ "type": "Feature", "properties": { "LOCATIENUMMER": "99125", "STATUS": "In dienst", "INTERACTIVITEIT": "Niet interactief", "LICHTBRON_GROEP": "LED", "BRANDPROGRAMMA": "N", "BRANDPROGRAMMA_GROEP": "N" }, "geometry": { "type": "Point", "coordinates": [ 195708.337999999988824, 196916.85 ] } },
{ "type": "Feature", "properties": { "LOCATIENUMMER": "99126", "STATUS": "In dienst", "INTERACTIVITEIT": "Niet interactief", "LICHTBRON_GROEP": "LED", "BRANDPROGRAMMA": "N", "BRANDPROGRAMMA_GROEP": "N" }, "geometry": { "type": "Point", "coordinates": [ 195707.334, 196923.149 ] } },
{ "type": "Feature", "properties": { "LOCATIENUMMER": "3408", "STATUS": "In dienst", "INTERACTIVITEIT": "Niet interactief", "LICHTBRON_GROEP": "LED", "BRANDPROGRAMMA": "D22H6.30 (Doven)", "BRANDPROGRAMMA_GROEP": "DxxHyy DOV" }, "geometry": { "type": "Point", "coordinates": [ 195665.517, 196850.037000000011176 ] } },
{ "type": "Feature", "properties": { "LOCATIENUMMER": "3415", "STATUS": "In dienst", "INTERACTIVITEIT": "Niet interactief", "LICHTBRON_GROEP": "LED", "BRANDPROGRAMMA": "D22H6.30 (Doven)", "BRANDPROGRAMMA_GROEP": "DxxHyy DOV" }, "geometry": { "type": "Point", "coordinates": [ 195650.809, 196853.435999999986961 ] } },
{ "type": "Feature", "properties": { "LOCATIENUMMER": "3407", "STATUS": "In dienst", "INTERACTIVITEIT": "Niet interactief", "LICHTBRON_GROEP": "LED", "BRANDPROGRAMMA": "N", "BRANDPROGRAMMA_GROEP": "N" }, "geometry": { "type": "Point", "coordinates": [ 195672.236, 196829.092 ] } },
{ "type": "Feature", "properties": { "LOCATIENUMMER": "3410", "STATUS": "In dienst", "INTERACTIVITEIT": "Niet interactief", "LICHTBRON_GROEP": "LED", "BRANDPROGRAMMA": "D22H6.30 (Doven)", "BRANDPROGRAMMA_GROEP": "DxxHyy DOV" }, "geometry": { "type": "Point", "coordinates": [ 195652.954999999987194, 196833.684 ] } },
{ "type": "Feature", "properties": { "LOCATIENUMMER": "4301", "STATUS": "In dienst", "INTERACTIVITEIT": "Niet interactief", "LICHTBRON_GROEP": "MHHP-TC", "BRANDPROGRAMMA": "N", "BRANDPROGRAMMA_GROEP": "N" }, "geometry": { "type": "Point", "coordinates": [ 195628.416999999986729, 196811.704 ] } },
{ "type": "Feature", "properties": { "LOCATIENUMMER": "4321", "STATUS": "In dienst", "INTERACTIVITEIT": "Niet interactief", "LICHTBRON_GROEP": "LED", "BRANDPROGRAMMA": "N", "BRANDPROGRAMMA_GROEP": "N" }, "geometry": { "type": "Point", "coordinates": [ 195636.93, 196826.38 ] } },
{ "type": "Feature", "properties": { "LOCATIENUMMER": "3411", "STATUS": "In dienst", "INTERACTIVITEIT": "Niet interactief", "LICHTBRON_GROEP": "LED", "BRANDPROGRAMMA": "N", "BRANDPROGRAMMA_GROEP": "N" }, "geometry": { "type": "Point", "coordinates": [ 195644.464, 196861.625 ] } },
{ "type": "Feature", "properties": { "LOCATIENUMMER": "3411", "STATUS": "In dienst", "INTERACTIVITEIT": "Niet interactief", "LICHTBRON_GROEP": "LED", "BRANDPROGRAMMA": "N", "BRANDPROGRAMMA_GROEP": "N" }, "geometry": { "type": "Point", "coordinates": [ 195644.464, 196861.625 ] } },
{ "type": "Feature", "properties": { "LOCATIENUMMER": "4322", "STATUS": "In dienst", "INTERACTIVITEIT": "Niet interactief", "LICHTBRON_GROEP": "LED", "BRANDPROGRAMMA": "D22H6.30 (Doven)", "BRANDPROGRAMMA_GROEP": "DxxHyy DOV" }, "geometry": { "type": "Point", "coordinates": [ 195630.863000000012107, 196857.684 ] } },
{ "type": "Feature", "properties": { "LOCATIENUMMER": "3412", "STATUS": "In dienst", "INTERACTIVITEIT": "Niet interactief", "LICHTBRON_GROEP": "LED", "BRANDPROGRAMMA": "N", "BRANDPROGRAMMA_GROEP": "N" }, "geometry": { "type": "Point", "coordinates": [ 195640.502, 196886.54 ] } },
{ "type": "Feature", "properties": { "LOCATIENUMMER": "3412", "STATUS": "In dienst", "INTERACTIVITEIT": "Niet interactief", "LICHTBRON_GROEP": "LED", "BRANDPROGRAMMA": "N", "BRANDPROGRAMMA_GROEP": "N" }, "geometry": { "type": "Point", "coordinates": [ 195640.502, 196886.54 ] } },
{ "type": "Feature", "properties": { "LOCATIENUMMER": "4323", "STATUS": "In dienst", "INTERACTIVITEIT": "Niet interactief", "LICHTBRON_GROEP": "LED", "BRANDPROGRAMMA": "D22H6.30 (Doven)", "BRANDPROGRAMMA_GROEP": "DxxHyy DOV" }, "geometry": { "type": "Point", "coordinates": [ 195625.614, 196883.312 ] } },
{ "type": "Feature", "properties": { "LOCATIENUMMER": "3189", "STATUS": "In dienst", "INTERACTIVITEIT": "Interactief", "LICHTBRON_GROEP": "LED", "BRANDPROGRAMMA": "BPIV UNI 20-22-23/DIM/4-5-6 VRZA50", "BRANDPROGRAMMA_GROEP": "BPIV DIM" }, "geometry": { "type": "Point", "coordinates": [ 197544.585, 197641.381 ] } },
{ "type": "Feature", "properties": { "LOCATIENUMMER": "3218", "STATUS": "In dienst", "INTERACTIVITEIT": "Interactief", "LICHTBRON_GROEP": "LED", "BRANDPROGRAMMA": "BPIV UNI 20-22-23/DIM/4-5-6 VRZA50", "BRANDPROGRAMMA_GROEP": "BPIV DIM" }, "geometry": { "type": "Point", "coordinates": [ 198828.878999999986263, 198543.579 ] } },
{ "type": "Feature", "properties": { "LOCATIENUMMER": "3217", "STATUS": "In dienst", "INTERACTIVITEIT": "Interactief", "LICHTBRON_GROEP": "LED", "BRANDPROGRAMMA": "BPIV UNI 20-22-23/DIM/4-5-6 VRZA50", "BRANDPROGRAMMA_GROEP": "BPIV DIM" }, "geometry": { "type": "Point", "coordinates": [ 198855.13200000001234, 198575.06 ] } },
{ "type": "Feature", "properties": { "LOCATIENUMMER": "3216", "STATUS": "In dienst", "INTERACTIVITEIT": "Interactief", "LICHTBRON_GROEP": "LED", "BRANDPROGRAMMA": "BPIV UNI 20-22-23/DIM/4-5-6 VRZA50", "BRANDPROGRAMMA_GROEP": "BPIV DIM" }, "geometry": { "type": "Point", "coordinates": [ 198879.586000000010245, 198605.366 ] } },
{ "type": "Feature", "properties": { "LOCATIENUMMER": "3215", "STATUS": "In dienst", "INTERACTIVITEIT": "Interactief", "LICHTBRON_GROEP": "LED", "BRANDPROGRAMMA": "BPIV UNI 20-22-23/DIM/4-5-6 VRZA50", "BRANDPROGRAMMA_GROEP": "BPIV DIM" }, "geometry": { "type": "Point", "coordinates": [ 198903.888, 198634.526000000012573 ] } },
{ "type": "Feature", "properties": { "LOCATIENUMMER": "3691", "STATUS": "In dienst", "INTERACTIVITEIT": "Interactief", "LICHTBRON_GROEP": "LED", "BRANDPROGRAMMA": "BPIV UNI 20-22-23/DIM/4-5-6 VRZA50", "BRANDPROGRAMMA_GROEP": "BPIV DIM" }, "geometry": { "type": "Point", "coordinates": [ 197805.74299999998766, 197832.388 ] } },
{ "type": "Feature", "properties": { "LOCATIENUMMER": "3214", "STATUS": "In dienst", "INTERACTIVITEIT": "Interactief", "LICHTBRON_GROEP": "LED", "BRANDPROGRAMMA": "BPIV UNI 20-22-23/DIM/4-5-6 VRZA50", "BRANDPROGRAMMA_GROEP": "BPIV DIM" }, "geometry": { "type": "Point", "coordinates": [ 198930.711000000010245, 198666.813 ] } },
{ "type": "Feature", "properties": { "LOCATIENUMMER": "3212", "STATUS": "In dienst", "INTERACTIVITEIT": "Interactief", "LICHTBRON_GROEP": "LED", "BRANDPROGRAMMA": "BPIV UNI 20-22-23/DIM/4-5-6 VRZA50", "BRANDPROGRAMMA_GROEP": "BPIV DIM" }, "geometry": { "type": "Point", "coordinates": [ 198982.356, 198729.321999999985565 ] } },
{ "type": "Feature", "properties": { "LOCATIENUMMER": "3210", "STATUS": "In dienst", "INTERACTIVITEIT": "Interactief", "LICHTBRON_GROEP": "LED", "BRANDPROGRAMMA": "BPIV UNI 20-22-23/DIM/4-5-6 VRZA50", "BRANDPROGRAMMA_GROEP": "BPIV DIM" }, "geometry": { "type": "Point", "coordinates": [ 199035.956, 198796.456 ] } },
{ "type": "Feature", "properties": { "LOCATIENUMMER": "3209", "STATUS": "In dienst", "INTERACTIVITEIT": "Interactief", "LICHTBRON_GROEP": "LED", "BRANDPROGRAMMA": "BPIV UNI 20-22-23/DIM/4-5-6 VRZA50", "BRANDPROGRAMMA_GROEP": "BPIV DIM" }, "geometry": { "type": "Point", "coordinates": [ 199057.693, 198829.188 ] } },
{ "type": "Feature", "properties": { "LOCATIENUMMER": "3188", "STATUS": "In dienst", "INTERACTIVITEIT": "Interactief", "LICHTBRON_GROEP": "LED", "BRANDPROGRAMMA": "BPIV UNI 20-22-23/DIM/4-5-6 VRZA50", "BRANDPROGRAMMA_GROEP": "BPIV DIM" }, "geometry": { "type": "Point", "coordinates": [ 197704.258, 197759.304 ] } },
{ "type": "Feature", "properties": { "LOCATIENUMMER": "3690", "STATUS": "In dienst", "INTERACTIVITEIT": "Interactief", "LICHTBRON_GROEP": "LED", "BRANDPROGRAMMA": "BPIV UNI 20-22-23/DIM/4-5-6 VRZA50", "BRANDPROGRAMMA_GROEP": "BPIV DIM" }, "geometry": { "type": "Point", "coordinates": [ 197837.942000000010012, 197855.54 ] } },
{ "type": "Feature", "properties": { "LOCATIENUMMER": "3187", "STATUS": "In dienst", "INTERACTIVITEIT": "Interactief", "LICHTBRON_GROEP": "LED", "BRANDPROGRAMMA": "BPIV UNI 20-22-23/DIM/4-5-6 VRZA50", "BRANDPROGRAMMA_GROEP": "BPIV DIM" }, "geometry": { "type": "Point", "coordinates": [ 197736.835, 197782.739 ] } },
{ "type": "Feature", "properties": { "LOCATIENUMMER": "3689", "STATUS": "In dienst", "INTERACTIVITEIT": "Interactief", "LICHTBRON_GROEP": "LED", "BRANDPROGRAMMA": "BPIV UNI 20-22-23/DIM/4-5-6 VRZA50", "BRANDPROGRAMMA_GROEP": "BPIV DIM" }, "geometry": { "type": "Point", "coordinates": [ 197870.112, 197879.103 ] } },
{ "type": "Feature", "properties": { "LOCATIENUMMER": "3688", "STATUS": "In dienst", "INTERACTIVITEIT": "Interactief", "LICHTBRON_GROEP": "LED", "BRANDPROGRAMMA": "BPIV UNI 20-22-23/DIM/4-5-6 VRZA50", "BRANDPROGRAMMA_GROEP": "BPIV DIM" }, "geometry": { "type": "Point", "coordinates": [ 197902.402, 197901.82 ] } },
{ "type": "Feature", "properties": { "LOCATIENUMMER": "3687", "STATUS": "In dienst", "INTERACTIVITEIT": "Interactief", "LICHTBRON_GROEP": "LED", "BRANDPROGRAMMA": "BPIV UNI 20-22-23/DIM/4-5-6 VRZA50", "BRANDPROGRAMMA_GROEP": "BPIV DIM" }, "geometry": { "type": "Point", "coordinates": [ 197935.409000000014203, 197925.824 ] } },
{ "type": "Feature", "properties": { "LOCATIENUMMER": "3686", "STATUS": "In dienst", "INTERACTIVITEIT": "Interactief", "LICHTBRON_GROEP": "LED", "BRANDPROGRAMMA": "BPIV UNI 20-22-23/DIM/4-5-6 VRZA50", "BRANDPROGRAMMA_GROEP": "BPIV DIM" }, "geometry": { "type": "Point", "coordinates": [ 197969.918, 197951.003999999986263 ] } },
{ "type": "Feature", "properties": { "LOCATIENUMMER": "3685", "STATUS": "In dienst", "INTERACTIVITEIT": "Interactief", "LICHTBRON_GROEP": "LED", "BRANDPROGRAMMA": "BPIV UNI 20-22-23/DIM/4-5-6 VRZA50", "BRANDPROGRAMMA_GROEP": "BPIV DIM" }, "geometry": { "type": "Point", "coordinates": [ 198001.538999999989755, 197973.831 ] } },
{ "type": "Feature", "properties": { "LOCATIENUMMER": "3684", "STATUS": "In dienst", "INTERACTIVITEIT": "Interactief", "LICHTBRON_GROEP": "LED", "BRANDPROGRAMMA": "BPIV UNI 20-22-23/DIM/4-5-6 VRZA50", "BRANDPROGRAMMA_GROEP": "BPIV DIM" }, "geometry": { "type": "Point", "coordinates": [ 198034.14000000001397, 197997.397 ] } },
{ "type": "Feature", "properties": { "LOCATIENUMMER": "3683", "STATUS": "In dienst", "INTERACTIVITEIT": "Interactief", "LICHTBRON_GROEP": "LED", "BRANDPROGRAMMA": "BPIV UNI 20-22-23/DIM/4-5-6 VRZA50", "BRANDPROGRAMMA_GROEP": "BPIV DIM" }, "geometry": { "type": "Point", "coordinates": [ 198067.361, 198021.18 ] } },
{ "type": "Feature", "properties": { "LOCATIENUMMER": "3645", "STATUS": "In dienst", "INTERACTIVITEIT": "Niet interactief", "LICHTBRON_GROEP": "NAHP", "BRANDPROGRAMMA": "N", "BRANDPROGRAMMA_GROEP": "N" }, "geometry": { "type": "Point", "coordinates": [ 198091.566, 198046.133 ] } },
{ "type": "Feature", "properties": { "LOCATIENUMMER": "3678", "STATUS": "In dienst", "INTERACTIVITEIT": "Interactief", "LICHTBRON_GROEP": "LED", "BRANDPROGRAMMA": "BPIV UNI 20-22-23/DIM/4-5-6 VRZA50", "BRANDPROGRAMMA_GROEP": "BPIV DIM" }, "geometry": { "type": "Point", "coordinates": [ 198098.94, 198044.195 ] } },
{ "type": "Feature", "properties": { "LOCATIENUMMER": "3680", "STATUS": "In dienst", "INTERACTIVITEIT": "Interactief", "LICHTBRON_GROEP": "LED", "BRANDPROGRAMMA": "BPIV UNI 20-22-23/DIM/4-5-6 VRZA50", "BRANDPROGRAMMA_GROEP": "BPIV DIM" }, "geometry": { "type": "Point", "coordinates": [ 198160.325000000011642, 198088.555 ] } },
{ "type": "Feature", "properties": { "LOCATIENUMMER": "3679", "STATUS": "In dienst", "INTERACTIVITEIT": "Interactief", "LICHTBRON_GROEP": "LED", "BRANDPROGRAMMA": "BPIV UNI 20-22-23/DIM/4-5-6 VRZA50", "BRANDPROGRAMMA_GROEP": "BPIV DIM" }, "geometry": { "type": "Point", "coordinates": [ 198130.404, 198065.881 ] } },
{ "type": "Feature", "properties": { "LOCATIENUMMER": "3193", "STATUS": "In dienst", "INTERACTIVITEIT": "Interactief", "LICHTBRON_GROEP": "LED", "BRANDPROGRAMMA": "BPIV UNI 20-22-23/DIM/4-5-6 VRZA50", "BRANDPROGRAMMA_GROEP": "BPIV DIM" }, "geometry": { "type": "Point", "coordinates": [ 197577.932, 197668.198 ] } },
{ "type": "Feature", "properties": { "LOCATIENUMMER": "3681", "STATUS": "In dienst", "INTERACTIVITEIT": "Interactief", "LICHTBRON_GROEP": "LED", "BRANDPROGRAMMA": "BPIV UNI 20-22-23/DIM/4-5-6 VRZA50", "BRANDPROGRAMMA_GROEP": "BPIV DIM" }, "geometry": { "type": "Point", "coordinates": [ 198200.491, 198116.76 ] } },
{ "type": "Feature", "properties": { "LOCATIENUMMER": "3682", "STATUS": "In dienst", "INTERACTIVITEIT": "Interactief", "LICHTBRON_GROEP": "LED", "BRANDPROGRAMMA": "BPIV UNI 20-22-23/DIM/4-5-6 VRZA50", "BRANDPROGRAMMA_GROEP": "BPIV DIM" }, "geometry": { "type": "Point", "coordinates": [ 198231.458000000013271, 198138.668 ] } },
{ "type": "Feature", "properties": { "LOCATIENUMMER": "3243", "STATUS": "In dienst", "INTERACTIVITEIT": "Interactief", "LICHTBRON_GROEP": "LED", "BRANDPROGRAMMA": "BPIV UNI 20-22-23/DIM/4-5-6 VRZA50", "BRANDPROGRAMMA_GROEP": "BPIV DIM" }, "geometry": { "type": "Point", "coordinates": [ 198258.617, 198159.11799999998766 ] } },
{ "type": "Feature", "properties": { "LOCATIENUMMER": "3242", "STATUS": "In dienst", "INTERACTIVITEIT": "Interactief", "LICHTBRON_GROEP": "LED", "BRANDPROGRAMMA": "BPIV UNI 20-22-23/DIM/4-5-6 VRZA50", "BRANDPROGRAMMA_GROEP": "BPIV DIM" }, "geometry": { "type": "Point", "coordinates": [ 198365.359, 198236.73499999998603 ] } },
{ "type": "Feature", "properties": { "LOCATIENUMMER": "3244", "STATUS": "In dienst", "INTERACTIVITEIT": "Interactief", "LICHTBRON_GROEP": "LED", "BRANDPROGRAMMA": "BPIV UNI 20-22-23/DIM/4-5-6 VRZA50", "BRANDPROGRAMMA_GROEP": "BPIV DIM" }, "geometry": { "type": "Point", "coordinates": [ 198292.682, 198183.736 ] } },
{ "type": "Feature", "properties": { "LOCATIENUMMER": "3245", "STATUS": "In dienst", "INTERACTIVITEIT": "Interactief", "LICHTBRON_GROEP": "LED", "BRANDPROGRAMMA": "BPIV UNI 20-22-23/DIM/4-5-6 VRZA50", "BRANDPROGRAMMA_GROEP": "BPIV DIM" }, "geometry": { "type": "Point", "coordinates": [ 198325.017, 198207.154 ] } },
{ "type": "Feature", "properties": { "LOCATIENUMMER": "3190", "STATUS": "In dienst", "INTERACTIVITEIT": "Interactief", "LICHTBRON_GROEP": "LED", "BRANDPROGRAMMA": "BPIV UNI 20-22-23/DIM/4-5-6 VRZA50", "BRANDPROGRAMMA_GROEP": "BPIV DIM" }, "geometry": { "type": "Point", "coordinates": [ 197673.048, 197736.636 ] } },
{ "type": "Feature", "properties": { "LOCATIENUMMER": "3191", "STATUS": "In dienst", "INTERACTIVITEIT": "Interactief", "LICHTBRON_GROEP": "LED", "BRANDPROGRAMMA": "BPIV UNI 20-22-23/DIM/4-5-6 VRZA50", "BRANDPROGRAMMA_GROEP": "BPIV DIM" }, "geometry": { "type": "Point", "coordinates": [ 197641.585, 197714.116 ] } },
{ "type": "Feature", "properties": { "LOCATIENUMMER": "3241", "STATUS": "In dienst", "INTERACTIVITEIT": "Interactief", "LICHTBRON_GROEP": "LED", "BRANDPROGRAMMA": "BPIV UNI 20-22-23/DIM/4-5-6 VRZA50", "BRANDPROGRAMMA_GROEP": "BPIV DIM" }, "geometry": { "type": "Point", "coordinates": [ 198397.704999999987194, 198260.131 ] } },
{ "type": "Feature", "properties": { "LOCATIENUMMER": "3240", "STATUS": "In dienst", "INTERACTIVITEIT": "Interactief", "LICHTBRON_GROEP": "LED", "BRANDPROGRAMMA": "BPIV UNI 20-22-23/DIM/4-5-6 VRZA50", "BRANDPROGRAMMA_GROEP": "BPIV DIM" }, "geometry": { "type": "Point", "coordinates": [ 198428.875, 198282.327 ] } },
{ "type": "Feature", "properties": { "LOCATIENUMMER": "3239", "STATUS": "In dienst", "INTERACTIVITEIT": "Interactief", "LICHTBRON_GROEP": "LED", "BRANDPROGRAMMA": "BPIV UNI 20-22-23/DIM/4-5-6 VRZA50", "BRANDPROGRAMMA_GROEP": "BPIV DIM" }, "geometry": { "type": "Point", "coordinates": [ 198461.247, 198305.783 ] } },
{ "type": "Feature", "properties": { "LOCATIENUMMER": "3192", "STATUS": "In dienst", "INTERACTIVITEIT": "Interactief", "LICHTBRON_GROEP": "LED", "BRANDPROGRAMMA": "BPIV UNI 20-22-23/DIM/4-5-6 VRZA50", "BRANDPROGRAMMA_GROEP": "BPIV DIM" }, "geometry": { "type": "Point", "coordinates": [ 197609.684, 197690.962 ] } },
{ "type": "Feature", "properties": { "LOCATIENUMMER": "3227", "STATUS": "In dienst", "INTERACTIVITEIT": "Interactief", "LICHTBRON_GROEP": "LED", "BRANDPROGRAMMA": "BPIV UNI 20-22-23/DIM/4-5-6 VRZA50", "BRANDPROGRAMMA_GROEP": "BPIV DIM" }, "geometry": { "type": "Point", "coordinates": [ 198559.307, 198367.528 ] } },
{ "type": "Feature", "properties": { "LOCATIENUMMER": "3224", "STATUS": "In dienst", "INTERACTIVITEIT": "Interactief", "LICHTBRON_GROEP": "LED", "BRANDPROGRAMMA": "BPIV UNI 20-22-23/DIM/4-5-6 VRZA50", "BRANDPROGRAMMA_GROEP": "BPIV DIM" }, "geometry": { "type": "Point", "coordinates": [ 198591.991, 198384.954999999987194 ] } },
{ "type": "Feature", "properties": { "LOCATIENUMMER": "3213", "STATUS": "In dienst", "INTERACTIVITEIT": "Interactief", "LICHTBRON_GROEP": "LED", "BRANDPROGRAMMA": "BPIV UNI 20-22-23/DIM/4-5-6 VRZA50", "BRANDPROGRAMMA_GROEP": "BPIV DIM" }, "geometry": { "type": "Point", "coordinates": [ 198954.198, 198693.805 ] } },
{ "type": "Feature", "properties": { "LOCATIENUMMER": "3225", "STATUS": "In dienst", "INTERACTIVITEIT": "Interactief", "LICHTBRON_GROEP": "LED", "BRANDPROGRAMMA": "BPIV UNI 20-22-23/DIM/4-5-6 VRZA50", "BRANDPROGRAMMA_GROEP": "BPIV DIM" }, "geometry": { "type": "Point", "coordinates": [ 198627.655, 198403.986 ] } },
{ "type": "Feature", "properties": { "LOCATIENUMMER": "3108", "STATUS": "In dienst", "INTERACTIVITEIT": "Niet interactief", "LICHTBRON_GROEP": "NAHP", "BRANDPROGRAMMA": "N", "BRANDPROGRAMMA_GROEP": "N" }, "geometry": { "type": "Point", "coordinates": [ 197754.584, 197807.663999999989755 ] } },
{ "type": "Feature", "properties": { "LOCATIENUMMER": "3109", "STATUS": "In dienst", "INTERACTIVITEIT": "Niet interactief", "LICHTBRON_GROEP": "NAHP", "BRANDPROGRAMMA": "D22H6.30 (Doven)", "BRANDPROGRAMMA_GROEP": "DxxHyy DOV" }, "geometry": { "type": "Point", "coordinates": [ 197738.075000000011642, 197838.459 ] } },
{ "type": "Feature", "properties": { "LOCATIENUMMER": "3692", "STATUS": "In dienst", "INTERACTIVITEIT": "Interactief", "LICHTBRON_GROEP": "LED", "BRANDPROGRAMMA": "BPIV UNI 20-22-23/DIM/4-5-6 VRZA50", "BRANDPROGRAMMA_GROEP": "BPIV DIM" }, "geometry": { "type": "Point", "coordinates": [ 197771.619, 197807.633 ] } },
{ "type": "Feature", "properties": { "LOCATIENUMMER": "3211", "STATUS": "In dienst", "INTERACTIVITEIT": "Interactief", "LICHTBRON_GROEP": "LED", "BRANDPROGRAMMA": "BPIV UNI 20-22-23/DIM/4-5-6 VRZA50", "BRANDPROGRAMMA_GROEP": "BPIV DIM" }, "geometry": { "type": "Point", "coordinates": [ 199010.424999999988358, 198764.571 ] } },
{ "type": "Feature", "properties": { "LOCATIENUMMER": "3226", "STATUS": "In dienst", "INTERACTIVITEIT": "Interactief", "LICHTBRON_GROEP": "LED", "BRANDPROGRAMMA": "BPIV UNI 20-22-23/DIM/4-5-6 VRZA50", "BRANDPROGRAMMA_GROEP": "BPIV DIM" }, "geometry": { "type": "Point", "coordinates": [ 198664.309, 198423.404 ] } },
{ "type": "Feature", "properties": { "LOCATIENUMMER": "3204", "STATUS": "In dienst", "INTERACTIVITEIT": "Interactief", "LICHTBRON_GROEP": "LED", "BRANDPROGRAMMA": "BPIV UNI 20-22-23/DIM/4-5-6 VRZA50", "BRANDPROGRAMMA_GROEP": "BPIV DIM" }, "geometry": { "type": "Point", "coordinates": [ 199077.092, 198867.997 ] } },
{ "type": "Feature", "properties": { "LOCATIENUMMER": "4673", "STATUS": "In dienst", "INTERACTIVITEIT": "Niet interactief", "LICHTBRON_GROEP": "LED", "BRANDPROGRAMMA": "N", "BRANDPROGRAMMA_GROEP": "N" }, "geometry": { "type": "Point", "coordinates": [ 199097.187, 198907.935 ] } },
{ "type": "Feature", "properties": { "LOCATIENUMMER": "4673", "STATUS": "In dienst", "INTERACTIVITEIT": "Niet interactief", "LICHTBRON_GROEP": "NAHP", "BRANDPROGRAMMA": "N", "BRANDPROGRAMMA_GROEP": "N" }, "geometry": { "type": "Point", "coordinates": [ 199097.187, 198907.935 ] } },
{ "type": "Feature", "properties": { "LOCATIENUMMER": "4674", "STATUS": "In dienst", "INTERACTIVITEIT": "Niet interactief", "LICHTBRON_GROEP": "LED", "BRANDPROGRAMMA": "N", "BRANDPROGRAMMA_GROEP": "N" }, "geometry": { "type": "Point", "coordinates": [ 199092.807999999989988, 198898.837999999988824 ] } },
{ "type": "Feature", "properties": { "LOCATIENUMMER": "4674", "STATUS": "In dienst", "INTERACTIVITEIT": "Niet interactief", "LICHTBRON_GROEP": "NAHP", "BRANDPROGRAMMA": "N", "BRANDPROGRAMMA_GROEP": "N" }, "geometry": { "type": "Point", "coordinates": [ 199092.807999999989988, 198898.837999999988824 ] } },
{ "type": "Feature", "properties": { "LOCATIENUMMER": "3223", "STATUS": "In dienst", "INTERACTIVITEIT": "Interactief", "LICHTBRON_GROEP": "LED", "BRANDPROGRAMMA": "BPIV UNI 20-22-23/DIM/4-5-6 VRZA50", "BRANDPROGRAMMA_GROEP": "BPIV DIM" }, "geometry": { "type": "Point", "coordinates": [ 198705.46, 198445.98499999998603 ] } },
{ "type": "Feature", "properties": { "LOCATIENUMMER": "3221", "STATUS": "In dienst", "INTERACTIVITEIT": "Interactief", "LICHTBRON_GROEP": "LED", "BRANDPROGRAMMA": "BPIV UNI 20-22-23/DIM/4-5-6 VRZA50", "BRANDPROGRAMMA_GROEP": "BPIV DIM" }, "geometry": { "type": "Point", "coordinates": [ 198745.364, 198466.25700000001234 ] } },
{ "type": "Feature", "properties": { "LOCATIENUMMER": "3794", "STATUS": "In dienst", "INTERACTIVITEIT": "Niet interactief", "LICHTBRON_GROEP": "MHHP-CR-PGZ12", "BRANDPROGRAMMA": "N", "BRANDPROGRAMMA_GROEP": "N" }, "geometry": { "type": "Point", "coordinates": [ 197846.566, 197145.291 ] } },
{ "type": "Feature", "properties": { "LOCATIENUMMER": "172", "STATUS": "In dienst", "INTERACTIVITEIT": "Niet interactief", "LICHTBRON_GROEP": "NAHP", "BRANDPROGRAMMA": "N", "BRANDPROGRAMMA_GROEP": "N" }, "geometry": { "type": "Point", "coordinates": [ 198980.068, 197513.818 ] } },
{ "type": "Feature", "properties": { "LOCATIENUMMER": "165", "STATUS": "In dienst", "INTERACTIVITEIT": "Niet interactief", "LICHTBRON_GROEP": "NAHP", "BRANDPROGRAMMA": "D22H6.30 (Doven)", "BRANDPROGRAMMA_GROEP": "DxxHyy DOV" }, "geometry": { "type": "Point", "coordinates": [ 198926.188, 197628.75 ] } },
{ "type": "Feature", "properties": { "LOCATIENUMMER": "166", "STATUS": "In dienst", "INTERACTIVITEIT": "Niet interactief", "LICHTBRON_GROEP": "NAHP", "BRANDPROGRAMMA": "D22H6.30 (Doven)", "BRANDPROGRAMMA_GROEP": "DxxHyy DOV" }, "geometry": { "type": "Point", "coordinates": [ 198943.46, 197582.889 ] } },
{ "type": "Feature", "properties": { "LOCATIENUMMER": "4530", "STATUS": "In dienst", "INTERACTIVITEIT": "Niet interactief", "LICHTBRON_GROEP": "NAHP", "BRANDPROGRAMMA": "N", "BRANDPROGRAMMA_GROEP": "N" }, "geometry": { "type": "Point", "coordinates": [ 198934.825000000011642, 197605.817000000010012 ] } },
{ "type": "Feature", "properties": { "LOCATIENUMMER": "173", "STATUS": "In dienst", "INTERACTIVITEIT": "Niet interactief", "LICHTBRON_GROEP": "NAHP", "BRANDPROGRAMMA": "N", "BRANDPROGRAMMA_GROEP": "N" }, "geometry": { "type": "Point", "coordinates": [ 199008.729, 197524.172 ] } },
{ "type": "Feature", "properties": { "LOCATIENUMMER": "3796", "STATUS": "In dienst", "INTERACTIVITEIT": "Niet interactief", "LICHTBRON_GROEP": "MHHP-CR-PGZ12", "BRANDPROGRAMMA": "D22H6.30 (Doven)", "BRANDPROGRAMMA_GROEP": "DxxHyy DOV" }, "geometry": { "type": "Point", "coordinates": [ 197897.453, 197169.859 ] } },
{ "type": "Feature", "properties": { "LOCATIENUMMER": "174", "STATUS": "In dienst", "INTERACTIVITEIT": "Niet interactief", "LICHTBRON_GROEP": "NAHP", "BRANDPROGRAMMA": "N", "BRANDPROGRAMMA_GROEP": "N" }, "geometry": { "type": "Point", "coordinates": [ 199047.032, 197537.253 ] } },
{ "type": "Feature", "properties": { "LOCATIENUMMER": "175", "STATUS": "In dienst", "INTERACTIVITEIT": "Niet interactief", "LICHTBRON_GROEP": "NAHP", "BRANDPROGRAMMA": "N", "BRANDPROGRAMMA_GROEP": "N" }, "geometry": { "type": "Point", "coordinates": [ 199071.932999999989988, 197546.796 ] } },
{ "type": "Feature", "properties": { "LOCATIENUMMER": "252", "STATUS": "In dienst", "INTERACTIVITEIT": "Niet interactief", "LICHTBRON_GROEP": "NAHP", "BRANDPROGRAMMA": "D22H6.30 (Doven)", "BRANDPROGRAMMA_GROEP": "DxxHyy DOV" }, "geometry": { "type": "Point", "coordinates": [ 199176.087, 197548.825000000011642 ] } },
{ "type": "Feature", "properties": { "LOCATIENUMMER": "252", "STATUS": "In dienst", "INTERACTIVITEIT": "Niet interactief", "LICHTBRON_GROEP": "NAHP", "BRANDPROGRAMMA": "D22H6.30 (Doven)", "BRANDPROGRAMMA_GROEP": "DxxHyy DOV" }, "geometry": { "type": "Point", "coordinates": [ 199176.087, 197548.825000000011642 ] } },
{ "type": "Feature", "properties": { "LOCATIENUMMER": "2988", "STATUS": "In dienst", "INTERACTIVITEIT": "Niet interactief", "LICHTBRON_GROEP": "NAHP", "BRANDPROGRAMMA": "D22H6.30 (Doven)", "BRANDPROGRAMMA_GROEP": "DxxHyy DOV" }, "geometry": { "type": "Point", "coordinates": [ 199121.07, 197511.142 ] } },
{ "type": "Feature", "properties": { "LOCATIENUMMER": "251", "STATUS": "In dienst", "INTERACTIVITEIT": "Niet interactief", "LICHTBRON_GROEP": "NAHP", "BRANDPROGRAMMA": "N", "BRANDPROGRAMMA_GROEP": "N" }, "geometry": { "type": "Point", "coordinates": [ 199204.094000000011874, 197562.312 ] } },
{ "type": "Feature", "properties": { "LOCATIENUMMER": "250", "STATUS": "In dienst", "INTERACTIVITEIT": "Niet interactief", "LICHTBRON_GROEP": "NAHP", "BRANDPROGRAMMA": "D22H6.30 (Doven)", "BRANDPROGRAMMA_GROEP": "DxxHyy DOV" }, "geometry": { "type": "Point", "coordinates": [ 199232.635, 197572.519 ] } },
{ "type": "Feature", "properties": { "LOCATIENUMMER": "249", "STATUS": "In dienst", "INTERACTIVITEIT": "Niet interactief", "LICHTBRON_GROEP": "NAHP", "BRANDPROGRAMMA": "D22H6.30 (Doven)", "BRANDPROGRAMMA_GROEP": "DxxHyy DOV" }, "geometry": { "type": "Point", "coordinates": [ 199272.354, 197585.814000000013039 ] } },
{ "type": "Feature", "properties": { "LOCATIENUMMER": "248", "STATUS": "In dienst", "INTERACTIVITEIT": "Niet interactief", "LICHTBRON_GROEP": "NAHP", "BRANDPROGRAMMA": "N", "BRANDPROGRAMMA_GROEP": "N" }, "geometry": { "type": "Point", "coordinates": [ 199310.101, 197599.76 ] } },
{ "type": "Feature", "properties": { "LOCATIENUMMER": "3810", "STATUS": "In dienst", "INTERACTIVITEIT": "Interactief", "LICHTBRON_GROEP": "LED", "BRANDPROGRAMMA": "BPIV UNI 20-22-23/DIM/4-5-6 VRZA50", "BRANDPROGRAMMA_GROEP": "BPIV DIM" }, "geometry": { "type": "Point", "coordinates": [ 197992.212, 197122.824 ] } },
{ "type": "Feature", "properties": { "LOCATIENUMMER": "3811", "STATUS": "In dienst", "INTERACTIVITEIT": "Interactief", "LICHTBRON_GROEP": "LED", "BRANDPROGRAMMA": "BPIV UNI 20-22-23/DIM/4-5-6 VRZA50", "BRANDPROGRAMMA_GROEP": "BPIV DIM" }, "geometry": { "type": "Point", "coordinates": [ 198007.783, 197056.028 ] } },
{ "type": "Feature", "properties": { "LOCATIENUMMER": "3812", "STATUS": "In dienst", "INTERACTIVITEIT": "Interactief", "LICHTBRON_GROEP": "LED", "BRANDPROGRAMMA": "BPIV UNI 20-22-23/DIM/4-5-6 VRZA50", "BRANDPROGRAMMA_GROEP": "BPIV DIM" }, "geometry": { "type": "Point", "coordinates": [ 198034.861, 197001.252 ] } },
{ "type": "Feature", "properties": { "LOCATIENUMMER": "147", "STATUS": "In dienst", "INTERACTIVITEIT": "Niet interactief", "LICHTBRON_GROEP": "NAHP", "BRANDPROGRAMMA": "D22H6.30 (Doven)", "BRANDPROGRAMMA_GROEP": "DxxHyy DOV" }, "geometry": { "type": "Point", "coordinates": [ 199346.477000000013504, 197610.932 ] } },
{ "type": "Feature", "properties": { "LOCATIENUMMER": "246", "STATUS": "In dienst", "INTERACTIVITEIT": "Niet interactief", "LICHTBRON_GROEP": "NAHP", "BRANDPROGRAMMA": "D22H6.30 (Doven)", "BRANDPROGRAMMA_GROEP": "DxxHyy DOV" }, "geometry": { "type": "Point", "coordinates": [ 199389.385, 197624.207 ] } },
{ "type": "Feature", "properties": { "LOCATIENUMMER": "245", "STATUS": "In dienst", "INTERACTIVITEIT": "Niet interactief", "LICHTBRON_GROEP": "NAHP", "BRANDPROGRAMMA": "N", "BRANDPROGRAMMA_GROEP": "N" }, "geometry": { "type": "Point", "coordinates": [ 199424.32, 197628.794 ] } },
{ "type": "Feature", "properties": { "LOCATIENUMMER": "244", "STATUS": "In dienst", "INTERACTIVITEIT": "Niet interactief", "LICHTBRON_GROEP": "NAHP", "BRANDPROGRAMMA": "D22H6.30 (Doven)", "BRANDPROGRAMMA_GROEP": "DxxHyy DOV" }, "geometry": { "type": "Point", "coordinates": [ 199465.479, 197626.053000000014435 ] } },
{ "type": "Feature", "properties": { "LOCATIENUMMER": "7", "STATUS": "In dienst", "INTERACTIVITEIT": "Interactief-ready", "LICHTBRON_GROEP": "LED", "BRANDPROGRAMMA": "N", "BRANDPROGRAMMA_GROEP": "N" }, "geometry": { "type": "Point", "coordinates": [ 199501.09, 197638.932999999989988 ] } },
{ "type": "Feature", "properties": { "LOCATIENUMMER": "243", "STATUS": "In dienst", "INTERACTIVITEIT": "Niet interactief", "LICHTBRON_GROEP": "NAHP", "BRANDPROGRAMMA": "N", "BRANDPROGRAMMA_GROEP": "N" }, "geometry": { "type": "Point", "coordinates": [ 199502.343, 197614.502 ] } },
{ "type": "Feature", "properties": { "LOCATIENUMMER": "3797", "STATUS": "In dienst", "INTERACTIVITEIT": "Niet interactief", "LICHTBRON_GROEP": "MHHP-CR-PGZ12", "BRANDPROGRAMMA": "N", "BRANDPROGRAMMA_GROEP": "N" }, "geometry": { "type": "Point", "coordinates": [ 197938.106, 197193.038999999989755 ] } },
{ "type": "Feature", "properties": { "LOCATIENUMMER": "242", "STATUS": "In dienst", "INTERACTIVITEIT": "Niet interactief", "LICHTBRON_GROEP": "NAHP", "BRANDPROGRAMMA": "D22H6.30 (Doven)", "BRANDPROGRAMMA_GROEP": "DxxHyy DOV" }, "geometry": { "type": "Point", "coordinates": [ 199535.019999999989523, 197598.986 ] } },
{ "type": "Feature", "properties": { "LOCATIENUMMER": "241", "STATUS": "In dienst", "INTERACTIVITEIT": "Niet interactief", "LICHTBRON_GROEP": "NAHP", "BRANDPROGRAMMA": "N", "BRANDPROGRAMMA_GROEP": "N" }, "geometry": { "type": "Point", "coordinates": [ 199569.121000000013737, 197580.483 ] } },
{ "type": "Feature", "properties": { "LOCATIENUMMER": "240", "STATUS": "In dienst", "INTERACTIVITEIT": "Niet interactief", "LICHTBRON_GROEP": "NAHP", "BRANDPROGRAMMA": "D22H6.30 (Doven)", "BRANDPROGRAMMA_GROEP": "DxxHyy DOV" }, "geometry": { "type": "Point", "coordinates": [ 199607.305, 197560.138 ] } },
{ "type": "Feature", "properties": { "LOCATIENUMMER": "139", "STATUS": "In dienst", "INTERACTIVITEIT": "Niet interactief", "LICHTBRON_GROEP": "NAHP", "BRANDPROGRAMMA": "D22H6.30 (Doven)", "BRANDPROGRAMMA_GROEP": "DxxHyy DOV" }, "geometry": { "type": "Point", "coordinates": [ 199641.673, 197541.913 ] } },
{ "type": "Feature", "properties": { "LOCATIENUMMER": "238", "STATUS": "In dienst", "INTERACTIVITEIT": "Niet interactief", "LICHTBRON_GROEP": "NAHP", "BRANDPROGRAMMA": "N", "BRANDPROGRAMMA_GROEP": "N" }, "geometry": { "type": "Point", "coordinates": [ 199679.496000000013737, 197520.851 ] } },
{ "type": "Feature", "properties": { "LOCATIENUMMER": "3809", "STATUS": "In dienst", "INTERACTIVITEIT": "Interactief", "LICHTBRON_GROEP": "LED", "BRANDPROGRAMMA": "BPIV UNI 20-22-23/DIM/4-5-6 VRZA50", "BRANDPROGRAMMA_GROEP": "BPIV DIM" }, "geometry": { "type": "Point", "coordinates": [ 197974.617, 197184.226 ] } },
{ "type": "Feature", "properties": { "LOCATIENUMMER": "237", "STATUS": "In dienst", "INTERACTIVITEIT": "Niet interactief", "LICHTBRON_GROEP": "NAHP", "BRANDPROGRAMMA": "D22H6.30 (Doven)", "BRANDPROGRAMMA_GROEP": "DxxHyy DOV" }, "geometry": { "type": "Point", "coordinates": [ 199717.834, 197499.57 ] } },
{ "type": "Feature", "properties": { "LOCATIENUMMER": "236", "STATUS": "In dienst", "INTERACTIVITEIT": "Niet interactief", "LICHTBRON_GROEP": "NAHP", "BRANDPROGRAMMA": "D22H6.30 (Doven)", "BRANDPROGRAMMA_GROEP": "DxxHyy DOV" }, "geometry": { "type": "Point", "coordinates": [ 199753.522999999986496, 197480.823 ] } },
{ "type": "Feature", "properties": { "LOCATIENUMMER": "235", "STATUS": "In dienst", "INTERACTIVITEIT": "Niet interactief", "LICHTBRON_GROEP": "NAHP", "BRANDPROGRAMMA": "N", "BRANDPROGRAMMA_GROEP": "N" }, "geometry": { "type": "Point", "coordinates": [ 199791.707, 197460.776000000012573 ] } },
{ "type": "Feature", "properties": { "LOCATIENUMMER": "234", "STATUS": "In dienst", "INTERACTIVITEIT": "Niet interactief", "LICHTBRON_GROEP": "NAHP", "BRANDPROGRAMMA": "D22H6.30 (Doven)", "BRANDPROGRAMMA_GROEP": "DxxHyy DOV" }, "geometry": { "type": "Point", "coordinates": [ 199825.752, 197442.479 ] } },
{ "type": "Feature", "properties": { "LOCATIENUMMER": "254", "STATUS": "In dienst", "INTERACTIVITEIT": "Interactief", "LICHTBRON_GROEP": "LED", "BRANDPROGRAMMA": "BPIV UNI 20-22-23/DIM/4-5-6 VRZA50", "BRANDPROGRAMMA_GROEP": "BPIV DIM" }, "geometry": { "type": "Point", "coordinates": [ 199919.614, 197419.685999999986961 ] } },
{ "type": "Feature", "properties": { "LOCATIENUMMER": "232", "STATUS": "In dienst", "INTERACTIVITEIT": "Interactief", "LICHTBRON_GROEP": "LED", "BRANDPROGRAMMA": "BPIV UNI 20-22-23/DIM/4-5-6 VRZA50", "BRANDPROGRAMMA_GROEP": "BPIV DIM" }, "geometry": { "type": "Point", "coordinates": [ 199894.639, 197405.219000000011874 ] } },
{ "type": "Feature", "properties": { "LOCATIENUMMER": "272", "STATUS": "In dienst", "INTERACTIVITEIT": "Niet interactief", "LICHTBRON_GROEP": "NAHP", "BRANDPROGRAMMA": "D22H6.30 (Doven)", "BRANDPROGRAMMA_GROEP": "DxxHyy DOV" }, "geometry": { "type": "Point", "coordinates": [ 199928.467, 197385.952 ] } },
{ "type": "Feature", "properties": { "LOCATIENUMMER": "3798", "STATUS": "In dienst", "INTERACTIVITEIT": "Niet interactief", "LICHTBRON_GROEP": "MHHP-CR-PGZ12", "BRANDPROGRAMMA": "N", "BRANDPROGRAMMA_GROEP": "N" }, "geometry": { "type": "Point", "coordinates": [ 197968.78, 197211.661 ] } },
{ "type": "Feature", "properties": { "LOCATIENUMMER": "273", "STATUS": "In dienst", "INTERACTIVITEIT": "Niet interactief", "LICHTBRON_GROEP": "NAHP", "BRANDPROGRAMMA": "D22H6.30 (Doven)", "BRANDPROGRAMMA_GROEP": "DxxHyy DOV" }, "geometry": { "type": "Point", "coordinates": [ 199961.25700000001234, 197369.37599999998929 ] } },
{ "type": "Feature", "properties": { "LOCATIENUMMER": "274", "STATUS": "In dienst", "INTERACTIVITEIT": "Niet interactief", "LICHTBRON_GROEP": "NAHP", "BRANDPROGRAMMA": "N", "BRANDPROGRAMMA_GROEP": "N" }, "geometry": { "type": "Point", "coordinates": [ 199994.421, 197351.663 ] } },
{ "type": "Feature", "properties": { "LOCATIENUMMER": "275", "STATUS": "In dienst", "INTERACTIVITEIT": "Niet interactief", "LICHTBRON_GROEP": "NAHP", "BRANDPROGRAMMA": "D22H6.30 (Doven)", "BRANDPROGRAMMA_GROEP": "DxxHyy DOV" }, "geometry": { "type": "Point", "coordinates": [ 200028.848999999987427, 197333.18 ] } },
{ "type": "Feature", "properties": { "LOCATIENUMMER": "281", "STATUS": "In dienst", "INTERACTIVITEIT": "Niet interactief", "LICHTBRON_GROEP": "NAHP", "BRANDPROGRAMMA": "N", "BRANDPROGRAMMA_GROEP": "N" }, "geometry": { "type": "Point", "coordinates": [ 200181.769999999989523, 197333.271 ] } },
{ "type": "Feature", "properties": { "LOCATIENUMMER": "276", "STATUS": "In dienst", "INTERACTIVITEIT": "Niet interactief", "LICHTBRON_GROEP": "NAHP", "BRANDPROGRAMMA": "D22H6.30 (Doven)", "BRANDPROGRAMMA_GROEP": "DxxHyy DOV" }, "geometry": { "type": "Point", "coordinates": [ 200067.68, 197312.378 ] } },
{ "type": "Feature", "properties": { "LOCATIENUMMER": "277", "STATUS": "In dienst", "INTERACTIVITEIT": "Niet interactief", "LICHTBRON_GROEP": "NAHP", "BRANDPROGRAMMA": "N", "BRANDPROGRAMMA_GROEP": "N" }, "geometry": { "type": "Point", "coordinates": [ 200101.923, 197294.067000000010012 ] } },
{ "type": "Feature", "properties": { "LOCATIENUMMER": "3799", "STATUS": "In dienst", "INTERACTIVITEIT": "Niet interactief", "LICHTBRON_GROEP": "MHHP-CR-PGZ12", "BRANDPROGRAMMA": "D22H6.30 (Doven)", "BRANDPROGRAMMA_GROEP": "DxxHyy DOV" }, "geometry": { "type": "Point", "coordinates": [ 198004.973, 197233.719000000011874 ] } },
{ "type": "Feature", "properties": { "LOCATIENUMMER": "3800", "STATUS": "In dienst", "INTERACTIVITEIT": "Niet interactief", "LICHTBRON_GROEP": "MHHP-CR-PGZ12", "BRANDPROGRAMMA": "D22H6.30 (Doven)", "BRANDPROGRAMMA_GROEP": "DxxHyy DOV" }, "geometry": { "type": "Point", "coordinates": [ 198031.921, 197250.068999999988591 ] } },
{ "type": "Feature", "properties": { "LOCATIENUMMER": "3854", "STATUS": "In dienst", "INTERACTIVITEIT": "Niet interactief", "LICHTBRON_GROEP": "MHHP-CR-PGZ12", "BRANDPROGRAMMA": "N", "BRANDPROGRAMMA_GROEP": "N" }, "geometry": { "type": "Point", "coordinates": [ 198059.267, 197266.665 ] } },
{ "type": "Feature", "properties": { "LOCATIENUMMER": "3853", "STATUS": "In dienst", "INTERACTIVITEIT": "Niet interactief", "LICHTBRON_GROEP": "MHHP-CR-PGZ12", "BRANDPROGRAMMA": "D22H6.30 (Doven)", "BRANDPROGRAMMA_GROEP": "DxxHyy DOV" }, "geometry": { "type": "Point", "coordinates": [ 198093.378999999986263, 197284.371000000013737 ] } },
{ "type": "Feature", "properties": { "LOCATIENUMMER": "3852", "STATUS": "In dienst", "INTERACTIVITEIT": "Niet interactief", "LICHTBRON_GROEP": "MHHP-CR-PGZ12", "BRANDPROGRAMMA": "D22H6.30 (Doven)", "BRANDPROGRAMMA_GROEP": "DxxHyy DOV" }, "geometry": { "type": "Point", "coordinates": [ 198133.166999999986729, 197301.363000000012107 ] } },
{ "type": "Feature", "properties": { "LOCATIENUMMER": "3849", "STATUS": "In dienst", "INTERACTIVITEIT": "Niet interactief", "LICHTBRON_GROEP": "MHHP-CR-PGZ12", "BRANDPROGRAMMA": "N", "BRANDPROGRAMMA_GROEP": "N" }, "geometry": { "type": "Point", "coordinates": [ 198166.951, 197313.991 ] } },
{ "type": "Feature", "properties": { "LOCATIENUMMER": "3848", "STATUS": "In dienst", "INTERACTIVITEIT": "Niet interactief", "LICHTBRON_GROEP": "MHHP-CR-PGZ12", "BRANDPROGRAMMA": "D22H6.30 (Doven)", "BRANDPROGRAMMA_GROEP": "DxxHyy DOV" }, "geometry": { "type": "Point", "coordinates": [ 198196.37599999998929, 197324.99900000001071 ] } },
{ "type": "Feature", "properties": { "LOCATIENUMMER": "3792", "STATUS": "In dienst", "INTERACTIVITEIT": "Niet interactief", "LICHTBRON_GROEP": "MHHP-CR-PGZ12", "BRANDPROGRAMMA": "D22H6.30 (Doven)", "BRANDPROGRAMMA_GROEP": "DxxHyy DOV" }, "geometry": { "type": "Point", "coordinates": [ 197777.219000000011874, 197111.867 ] } },
{ "type": "Feature", "properties": { "LOCATIENUMMER": "3847", "STATUS": "In dienst", "INTERACTIVITEIT": "Niet interactief", "LICHTBRON_GROEP": "MHHP-CR-PGZ12", "BRANDPROGRAMMA": "D22H6.30 (Doven)", "BRANDPROGRAMMA_GROEP": "DxxHyy DOV" }, "geometry": { "type": "Point", "coordinates": [ 198235.170000000012806, 197339.481999999989057 ] } },
{ "type": "Feature", "properties": { "LOCATIENUMMER": "3846", "STATUS": "In dienst", "INTERACTIVITEIT": "Niet interactief", "LICHTBRON_GROEP": "MHHP-CR-PGZ12", "BRANDPROGRAMMA": "N", "BRANDPROGRAMMA_GROEP": "N" }, "geometry": { "type": "Point", "coordinates": [ 198274.771, 197350.99900000001071 ] } },
{ "type": "Feature", "properties": { "LOCATIENUMMER": "3818", "STATUS": "In dienst", "INTERACTIVITEIT": "Niet interactief", "LICHTBRON_GROEP": "MHHP-CR-PGZ12", "BRANDPROGRAMMA": "D22H6.30 (Doven)", "BRANDPROGRAMMA_GROEP": "DxxHyy DOV" }, "geometry": { "type": "Point", "coordinates": [ 198313.074, 197358.036 ] } },
{ "type": "Feature", "properties": { "LOCATIENUMMER": "3819", "STATUS": "In dienst", "INTERACTIVITEIT": "Niet interactief", "LICHTBRON_GROEP": "MHHP-CR-PGZ12", "BRANDPROGRAMMA": "D22H6.30 (Doven)", "BRANDPROGRAMMA_GROEP": "DxxHyy DOV" }, "geometry": { "type": "Point", "coordinates": [ 198359.268000000010943, 197363.245 ] } },
{ "type": "Feature", "properties": { "LOCATIENUMMER": "3862", "STATUS": "In dienst", "INTERACTIVITEIT": "Niet interactief", "LICHTBRON_GROEP": "NAHP", "BRANDPROGRAMMA": "D22H6.30 (Doven)", "BRANDPROGRAMMA_GROEP": "DxxHyy DOV" }, "geometry": { "type": "Point", "coordinates": [ 198417.057999999989988, 197237.449 ] } },
{ "type": "Feature", "properties": { "LOCATIENUMMER": "3863", "STATUS": "In dienst", "INTERACTIVITEIT": "Niet interactief", "LICHTBRON_GROEP": "NAHP", "BRANDPROGRAMMA": "D22H6.30 (Doven)", "BRANDPROGRAMMA_GROEP": "DxxHyy DOV" }, "geometry": { "type": "Point", "coordinates": [ 198414.49, 197277.011 ] } },
{ "type": "Feature", "properties": { "LOCATIENUMMER": "4659", "STATUS": "In dienst", "INTERACTIVITEIT": "Interactief", "LICHTBRON_GROEP": "LED", "BRANDPROGRAMMA": "BPIV UNI 20-22-23/DIM/4-5-6 VRZA50", "BRANDPROGRAMMA_GROEP": "BPIV DIM" }, "geometry": { "type": "Point", "coordinates": [ 198396.451, 197415.196 ] } },
{ "type": "Feature", "properties": { "LOCATIENUMMER": "3820", "STATUS": "In dienst", "INTERACTIVITEIT": "Niet interactief", "LICHTBRON_GROEP": "MHHP-CR-PGZ12", "BRANDPROGRAMMA": "N", "BRANDPROGRAMMA_GROEP": "N" }, "geometry": { "type": "Point", "coordinates": [ 198392.226, 197366.929 ] } },
{ "type": "Feature", "properties": { "LOCATIENUMMER": "3821", "STATUS": "In dienst", "INTERACTIVITEIT": "Niet interactief", "LICHTBRON_GROEP": "MHHP-CR-PGZ12", "BRANDPROGRAMMA": "N", "BRANDPROGRAMMA_GROEP": "N" }, "geometry": { "type": "Point", "coordinates": [ 198417.096, 197369.851 ] } },
{ "type": "Feature", "properties": { "LOCATIENUMMER": "3822", "STATUS": "In dienst", "INTERACTIVITEIT": "Niet interactief", "LICHTBRON_GROEP": "MHHP-CR-PGZ12", "BRANDPROGRAMMA": "D22H6.30 (Doven)", "BRANDPROGRAMMA_GROEP": "DxxHyy DOV" }, "geometry": { "type": "Point", "coordinates": [ 198451.434, 197374.228 ] } },
{ "type": "Feature", "properties": { "LOCATIENUMMER": "3793", "STATUS": "In dienst", "INTERACTIVITEIT": "Niet interactief", "LICHTBRON_GROEP": "MHHP-CR-PGZ12", "BRANDPROGRAMMA": "D22H6.30 (Doven)", "BRANDPROGRAMMA_GROEP": "DxxHyy DOV" }, "geometry": { "type": "Point", "coordinates": [ 197809.522999999986496, 197127.462999999988824 ] } },
{ "type": "Feature", "properties": { "LOCATIENUMMER": "3823", "STATUS": "In dienst", "INTERACTIVITEIT": "Niet interactief", "LICHTBRON_GROEP": "MHHP-CR-PGZ12", "BRANDPROGRAMMA": "D22H6.30 (Doven)", "BRANDPROGRAMMA_GROEP": "DxxHyy DOV" }, "geometry": { "type": "Point", "coordinates": [ 198485.565, 197378.371000000013737 ] } },
{ "type": "Feature", "properties": { "LOCATIENUMMER": "3824", "STATUS": "In dienst", "INTERACTIVITEIT": "Niet interactief", "LICHTBRON_GROEP": "MHHP-CR-PGZ12", "BRANDPROGRAMMA": "N", "BRANDPROGRAMMA_GROEP": "N" }, "geometry": { "type": "Point", "coordinates": [ 198519.36799999998766, 197380.801 ] } },
{ "type": "Feature", "properties": { "LOCATIENUMMER": "155", "STATUS": "In dienst", "INTERACTIVITEIT": "Niet interactief", "LICHTBRON_GROEP": "MHHP-CR-PGZ12", "BRANDPROGRAMMA": "D22H6.30 (Doven)", "BRANDPROGRAMMA_GROEP": "DxxHyy DOV" }, "geometry": { "type": "Point", "coordinates": [ 198551.696, 197392.01500000001397 ] } },
{ "type": "Feature", "properties": { "LOCATIENUMMER": "3795", "STATUS": "In dienst", "INTERACTIVITEIT": "Niet interactief", "LICHTBRON_GROEP": "MHHP-CR-PGZ12", "BRANDPROGRAMMA": "D22H6.30 (Doven)", "BRANDPROGRAMMA_GROEP": "DxxHyy DOV" }, "geometry": { "type": "Point", "coordinates": [ 197874.533, 197158.783 ] } },
{ "type": "Feature", "properties": { "LOCATIENUMMER": "154", "STATUS": "In dienst", "INTERACTIVITEIT": "Niet interactief", "LICHTBRON_GROEP": "MHHP-CR-PGZ12", "BRANDPROGRAMMA": "D22H6.30 (Doven)", "BRANDPROGRAMMA_GROEP": "DxxHyy DOV" }, "geometry": { "type": "Point", "coordinates": [ 198596.396, 197407.119 ] } },
{ "type": "Feature", "properties": { "LOCATIENUMMER": "153", "STATUS": "In dienst", "INTERACTIVITEIT": "Niet interactief", "LICHTBRON_GROEP": "MHHP-CR-PGZ12", "BRANDPROGRAMMA": "N", "BRANDPROGRAMMA_GROEP": "N" }, "geometry": { "type": "Point", "coordinates": [ 198643.431000000011409, 197421.663 ] } },
{ "type": "Feature", "properties": { "LOCATIENUMMER": "152", "STATUS": "In dienst", "INTERACTIVITEIT": "Niet interactief", "LICHTBRON_GROEP": "MHHP-CR-PGZ12", "BRANDPROGRAMMA": "N", "BRANDPROGRAMMA_GROEP": "N" }, "geometry": { "type": "Point", "coordinates": [ 198683.784000000014203, 197433.622 ] } },
{ "type": "Feature", "properties": { "LOCATIENUMMER": "149", "STATUS": "In dienst", "INTERACTIVITEIT": "Niet interactief", "LICHTBRON_GROEP": "MHHP-CR-PGZ12", "BRANDPROGRAMMA": "D22H6.30 (Doven)", "BRANDPROGRAMMA_GROEP": "DxxHyy DOV" }, "geometry": { "type": "Point", "coordinates": [ 198787.019999999989523, 197450.700000000011642 ] } },
{ "type": "Feature", "properties": { "LOCATIENUMMER": "147", "STATUS": "In dienst", "INTERACTIVITEIT": "Niet interactief", "LICHTBRON_GROEP": "NAHP", "BRANDPROGRAMMA": "N", "BRANDPROGRAMMA_GROEP": "N" }, "geometry": { "type": "Point", "coordinates": [ 198815.761, 197464.378 ] } },
{ "type": "Feature", "properties": { "LOCATIENUMMER": "150", "STATUS": "In dienst", "INTERACTIVITEIT": "Niet interactief", "LICHTBRON_GROEP": "MHHP-CR-PGZ12", "BRANDPROGRAMMA": "D22H6.30 (Doven)", "BRANDPROGRAMMA_GROEP": "DxxHyy DOV" }, "geometry": { "type": "Point", "coordinates": [ 198752.866, 197445.594000000011874 ] } },
{ "type": "Feature", "properties": { "LOCATIENUMMER": "151", "STATUS": "In dienst", "INTERACTIVITEIT": "Niet interactief", "LICHTBRON_GROEP": "MHHP-CR-PGZ12", "BRANDPROGRAMMA": "N", "BRANDPROGRAMMA_GROEP": "N" }, "geometry": { "type": "Point", "coordinates": [ 198720.43, 197440.468 ] } },
{ "type": "Feature", "properties": { "LOCATIENUMMER": "146", "STATUS": "In dienst", "INTERACTIVITEIT": "Niet interactief", "LICHTBRON_GROEP": "NAHP", "BRANDPROGRAMMA": "N", "BRANDPROGRAMMA_GROEP": "N" }, "geometry": { "type": "Point", "coordinates": [ 198863.964, 197473.703 ] } },
{ "type": "Feature", "properties": { "LOCATIENUMMER": "145", "STATUS": "In dienst", "INTERACTIVITEIT": "Niet interactief", "LICHTBRON_GROEP": "NAHP", "BRANDPROGRAMMA": "N", "BRANDPROGRAMMA_GROEP": "N" }, "geometry": { "type": "Point", "coordinates": [ 198886.462999999988824, 197481.480000000010477 ] } },
{ "type": "Feature", "properties": { "LOCATIENUMMER": "170", "STATUS": "In dienst", "INTERACTIVITEIT": "Niet interactief", "LICHTBRON_GROEP": "NAHP", "BRANDPROGRAMMA": "N", "BRANDPROGRAMMA_GROEP": "N" }, "geometry": { "type": "Point", "coordinates": [ 198914.159000000014203, 197491.291 ] } },
{ "type": "Feature", "properties": { "LOCATIENUMMER": "148", "STATUS": "In dienst", "INTERACTIVITEIT": "Niet interactief", "LICHTBRON_GROEP": "MHHP-CR-PGZ12", "BRANDPROGRAMMA": "N", "BRANDPROGRAMMA_GROEP": "N" }, "geometry": { "type": "Point", "coordinates": [ 198815.813, 197454.885 ] } },
{ "type": "Feature", "properties": { "LOCATIENUMMER": "169", "STATUS": "In dienst", "INTERACTIVITEIT": "Niet interactief", "LICHTBRON_GROEP": "NAHP", "BRANDPROGRAMMA": "N", "BRANDPROGRAMMA_GROEP": "N" }, "geometry": { "type": "Point", "coordinates": [ 198967.396, 197519.416999999986729 ] } },
{ "type": "Feature", "properties": { "LOCATIENUMMER": "171", "STATUS": "In dienst", "INTERACTIVITEIT": "Niet interactief", "LICHTBRON_GROEP": "NAHP", "BRANDPROGRAMMA": "N", "BRANDPROGRAMMA_GROEP": "N" }, "geometry": { "type": "Point", "coordinates": [ 198948.068, 197503.051 ] } },
{ "type": "Feature", "properties": { "LOCATIENUMMER": "167", "STATUS": "In dienst", "INTERACTIVITEIT": "Niet interactief", "LICHTBRON_GROEP": "NAHP", "BRANDPROGRAMMA": "N", "BRANDPROGRAMMA_GROEP": "N" }, "geometry": { "type": "Point", "coordinates": [ 198951.668, 197561.094000000011874 ] } },
{ "type": "Feature", "properties": { "LOCATIENUMMER": "168", "STATUS": "In dienst", "INTERACTIVITEIT": "Niet interactief", "LICHTBRON_GROEP": "NAHP", "BRANDPROGRAMMA": "D22H6.30 (Doven)", "BRANDPROGRAMMA_GROEP": "DxxHyy DOV" }, "geometry": { "type": "Point", "coordinates": [ 198959.897, 197539.912000000011176 ] } },
{ "type": "Feature", "properties": { "LOCATIENUMMER": "132", "STATUS": "In dienst", "INTERACTIVITEIT": "Interactief", "LICHTBRON_GROEP": "LED", "BRANDPROGRAMMA": "BPIV UNI 20-22-23/DIM/4-5-6 VRZA50", "BRANDPROGRAMMA_GROEP": "BPIV DIM" }, "geometry": { "type": "Point", "coordinates": [ 198930.91, 197335.939000000013039 ] } },
{ "type": "Feature", "properties": { "LOCATIENUMMER": "134", "STATUS": "In dienst", "INTERACTIVITEIT": "Interactief", "LICHTBRON_GROEP": "LED", "BRANDPROGRAMMA": "BPIV UNI 20-22-23/DIM/4-5-6 VRZA50", "BRANDPROGRAMMA_GROEP": "BPIV DIM" }, "geometry": { "type": "Point", "coordinates": [ 198939.671, 197265.745 ] } },
{ "type": "Feature", "properties": { "LOCATIENUMMER": "135", "STATUS": "In dienst", "INTERACTIVITEIT": "Interactief", "LICHTBRON_GROEP": "LED", "BRANDPROGRAMMA": "BPIV UNI 20-22-23/DIM/4-5-6 VRZA50", "BRANDPROGRAMMA_GROEP": "BPIV DIM" }, "geometry": { "type": "Point", "coordinates": [ 198946.271, 197229.82 ] } },
{ "type": "Feature", "properties": { "LOCATIENUMMER": "136", "STATUS": "In dienst", "INTERACTIVITEIT": "Interactief", "LICHTBRON_GROEP": "LED", "BRANDPROGRAMMA": "BPIV UNI 20-22-23/DIM/4-5-6 VRZA50", "BRANDPROGRAMMA_GROEP": "BPIV DIM" }, "geometry": { "type": "Point", "coordinates": [ 198948.976, 197199.233 ] } },
{ "type": "Feature", "properties": { "LOCATIENUMMER": "130", "STATUS": "In dienst", "INTERACTIVITEIT": "Interactief", "LICHTBRON_GROEP": "LED", "BRANDPROGRAMMA": "BPIV UNI 20-22-23/DIM/4-5-6 VRZA50", "BRANDPROGRAMMA_GROEP": "BPIV DIM" }, "geometry": { "type": "Point", "coordinates": [ 198919.401000000012573, 197412.454 ] } },
{ "type": "Feature", "properties": { "LOCATIENUMMER": "969", "STATUS": "In dienst", "INTERACTIVITEIT": "Interactief", "LICHTBRON_GROEP": "LED", "BRANDPROGRAMMA": "BPIV UNI 20-22-23/DIM/4-5-6 VRZA50", "BRANDPROGRAMMA_GROEP": "BPIV DIM" }, "geometry": { "type": "Point", "coordinates": [ 194166.511999999987893, 199415.546 ] } },
{ "type": "Feature", "properties": { "LOCATIENUMMER": "968", "STATUS": "In dienst", "INTERACTIVITEIT": "Interactief", "LICHTBRON_GROEP": "LED", "BRANDPROGRAMMA": "BPIV UNI 20-22-23/DIM/4-5-6 VRZA50", "BRANDPROGRAMMA_GROEP": "BPIV DIM" }, "geometry": { "type": "Point", "coordinates": [ 194147.49299999998766, 199382.592 ] } },
{ "type": "Feature", "properties": { "LOCATIENUMMER": "0", "STATUS": "In dienst", "INTERACTIVITEIT": "Interactief", "LICHTBRON_GROEP": "LED", "BRANDPROGRAMMA": "BPIV UNI 20-22-23/DIM/4-5-6 VRZA50", "BRANDPROGRAMMA_GROEP": "BPIV DIM" }, "geometry": { "type": "Point", "coordinates": [ 194143.796, 199337.202 ] } },
{ "type": "Feature", "properties": { "LOCATIENUMMER": "4509", "STATUS": "In dienst", "INTERACTIVITEIT": "Interactief", "LICHTBRON_GROEP": "LED", "BRANDPROGRAMMA": "BPIV UNI 20-22-23/DIM/4-5-6 VRZA50", "BRANDPROGRAMMA_GROEP": "BPIV DIM" }, "geometry": { "type": "Point", "coordinates": [ 194163.863000000012107, 199306.089 ] } },
{ "type": "Feature", "properties": { "LOCATIENUMMER": "950", "STATUS": "In dienst", "INTERACTIVITEIT": "Interactief", "LICHTBRON_GROEP": "LED", "BRANDPROGRAMMA": "BPIV UNI 20-22-23/DIM/4-5-6 VRZA50", "BRANDPROGRAMMA_GROEP": "BPIV DIM" }, "geometry": { "type": "Point", "coordinates": [ 194129.10999999998603, 199350.29 ] } },
{ "type": "Feature", "properties": { "LOCATIENUMMER": "970", "STATUS": "In dienst", "INTERACTIVITEIT": "Interactief", "LICHTBRON_GROEP": "LED", "BRANDPROGRAMMA": "BPIV UNI 20-22-23/DIM/4-5-6 VRZA50", "BRANDPROGRAMMA_GROEP": "BPIV DIM" }, "geometry": { "type": "Point", "coordinates": [ 194185.201, 199442.451 ] } },
{ "type": "Feature", "properties": { "LOCATIENUMMER": "951", "STATUS": "In dienst", "INTERACTIVITEIT": "Interactief", "LICHTBRON_GROEP": "LED", "BRANDPROGRAMMA": "BPIV UNI 20-22-23/DIM/4-5-6 VRZA50", "BRANDPROGRAMMA_GROEP": "BPIV DIM" }, "geometry": { "type": "Point", "coordinates": [ 194108.878999999986263, 199314.983 ] } },
{ "type": "Feature", "properties": { "LOCATIENUMMER": "952", "STATUS": "In dienst", "INTERACTIVITEIT": "Interactief", "LICHTBRON_GROEP": "LED", "BRANDPROGRAMMA": "BPIV UNI 20-22-23/DIM/4-5-6 VRZA50", "BRANDPROGRAMMA_GROEP": "BPIV DIM" }, "geometry": { "type": "Point", "coordinates": [ 194089.033, 199279.282 ] } },
{ "type": "Feature", "properties": { "LOCATIENUMMER": "960", "STATUS": "In dienst", "INTERACTIVITEIT": "Interactief", "LICHTBRON_GROEP": "LED", "BRANDPROGRAMMA": "BPIV UNI 20-22-23/DIM/4-5-6 VRZA50", "BRANDPROGRAMMA_GROEP": "BPIV DIM" }, "geometry": { "type": "Point", "coordinates": [ 194079.967, 199158.788 ] } },
{ "type": "Feature", "properties": { "LOCATIENUMMER": "953", "STATUS": "In dienst", "INTERACTIVITEIT": "Interactief", "LICHTBRON_GROEP": "LED", "BRANDPROGRAMMA": "BPIV UNI 20-22-23/DIM/4-5-6 VRZA50", "BRANDPROGRAMMA_GROEP": "BPIV DIM" }, "geometry": { "type": "Point", "coordinates": [ 194067.081, 199240.560999999986961 ] } },
{ "type": "Feature", "properties": { "LOCATIENUMMER": "4508", "STATUS": "In dienst", "INTERACTIVITEIT": "Niet interactief", "LICHTBRON_GROEP": "DIVERSEN", "BRANDPROGRAMMA": "School", "BRANDPROGRAMMA_GROEP": "School" }, "geometry": { "type": "Point", "coordinates": [ 194051.586000000010245, 199215.604 ] } },
{ "type": "Feature", "properties": { "LOCATIENUMMER": "954", "STATUS": "In dienst", "INTERACTIVITEIT": "Interactief", "LICHTBRON_GROEP": "LED", "BRANDPROGRAMMA": "BPIV UNI 20-22-23/DIM/4-5-6 VRZA50", "BRANDPROGRAMMA_GROEP": "BPIV DIM" }, "geometry": { "type": "Point", "coordinates": [ 194045.666, 199202.929 ] } },
{ "type": "Feature", "properties": { "LOCATIENUMMER": "956", "STATUS": "In dienst", "INTERACTIVITEIT": "Interactief", "LICHTBRON_GROEP": "LED", "BRANDPROGRAMMA": "BPIV UNI 20-22-23/DIM/4-5-6 VRZA50", "BRANDPROGRAMMA_GROEP": "BPIV DIM" }, "geometry": { "type": "Point", "coordinates": [ 194028.106, 199171.954999999987194 ] } },
{ "type": "Feature", "properties": { "LOCATIENUMMER": "957", "STATUS": "In dienst", "INTERACTIVITEIT": "Interactief", "LICHTBRON_GROEP": "LED", "BRANDPROGRAMMA": "BPIV UNI 20-22-23/DIM/4-5-6 VRZA50", "BRANDPROGRAMMA_GROEP": "BPIV DIM" }, "geometry": { "type": "Point", "coordinates": [ 194010.616, 199141.337 ] } },
{ "type": "Feature", "properties": { "LOCATIENUMMER": "4258", "STATUS": "In dienst", "INTERACTIVITEIT": "Niet interactief", "LICHTBRON_GROEP": "NAHP", "BRANDPROGRAMMA": "N", "BRANDPROGRAMMA_GROEP": "N" }, "geometry": { "type": "Point", "coordinates": [ 193964.805, 199177.236 ] } },
{ "type": "Feature", "properties": { "LOCATIENUMMER": "958", "STATUS": "In dienst", "INTERACTIVITEIT": "Interactief", "LICHTBRON_GROEP": "LED", "BRANDPROGRAMMA": "BPIV UNI 20-22-23/DIM/4-5-6 VRZA50", "BRANDPROGRAMMA_GROEP": "BPIV DIM" }, "geometry": { "type": "Point", "coordinates": [ 193993.469000000011874, 199110.761 ] } },
{ "type": "Feature", "properties": { "LOCATIENUMMER": "4257", "STATUS": "In dienst", "INTERACTIVITEIT": "Niet interactief", "LICHTBRON_GROEP": "NAHP", "BRANDPROGRAMMA": "N", "BRANDPROGRAMMA_GROEP": "N" }, "geometry": { "type": "Point", "coordinates": [ 193979.753999999986263, 199133.815 ] } },
{ "type": "Feature", "properties": { "LOCATIENUMMER": "4103", "STATUS": "In dienst", "INTERACTIVITEIT": "Interactief", "LICHTBRON_GROEP": "LED", "BRANDPROGRAMMA": "BPIV UNI 20-22-23/DIM/4-5-6 VRZA50", "BRANDPROGRAMMA_GROEP": "BPIV DIM" }, "geometry": { "type": "Point", "coordinates": [ 193969.439000000013039, 199068.511 ] } },
{ "type": "Feature", "properties": { "LOCATIENUMMER": "4270", "STATUS": "In dienst", "INTERACTIVITEIT": "Niet interactief", "LICHTBRON_GROEP": "DIVERSEN", "BRANDPROGRAMMA": "School", "BRANDPROGRAMMA_GROEP": "School" }, "geometry": { "type": "Point", "coordinates": [ 193961.715, 199027.085 ] } },
{ "type": "Feature", "properties": { "LOCATIENUMMER": "4107", "STATUS": "In dienst", "INTERACTIVITEIT": "Interactief", "LICHTBRON_GROEP": "LED", "BRANDPROGRAMMA": "BPIV UNI 20-22-23/DIM/4-5-6 VRZA50", "BRANDPROGRAMMA_GROEP": "BPIV DIM" }, "geometry": { "type": "Point", "coordinates": [ 193950.995, 199032.191 ] } },
{ "type": "Feature", "properties": { "LOCATIENUMMER": "728", "STATUS": "In dienst", "INTERACTIVITEIT": "Interactief-ready", "LICHTBRON_GROEP": "LED", "BRANDPROGRAMMA": "D22H6.30 (Standaard dimmen)", "BRANDPROGRAMMA_GROEP": "DxxHyy DIM" }, "geometry": { "type": "Point", "coordinates": [ 194616.366, 200032.185999999986961 ] } },
{ "type": "Feature", "properties": { "LOCATIENUMMER": "725", "STATUS": "In dienst", "INTERACTIVITEIT": "Interactief-ready", "LICHTBRON_GROEP": "LED", "BRANDPROGRAMMA": "D22H6.30 (Standaard dimmen)", "BRANDPROGRAMMA_GROEP": "DxxHyy DIM" }, "geometry": { "type": "Point", "coordinates": [ 194599.846, 200059.233 ] } },
{ "type": "Feature", "properties": { "LOCATIENUMMER": "729", "STATUS": "In dienst", "INTERACTIVITEIT": "Interactief-ready", "LICHTBRON_GROEP": "LED", "BRANDPROGRAMMA": "D22H6.30 (Standaard dimmen)", "BRANDPROGRAMMA_GROEP": "DxxHyy DIM" }, "geometry": { "type": "Point", "coordinates": [ 194641.545000000012806, 200042.728 ] } },
{ "type": "Feature", "properties": { "LOCATIENUMMER": "730", "STATUS": "In dienst", "INTERACTIVITEIT": "Interactief-ready", "LICHTBRON_GROEP": "LED", "BRANDPROGRAMMA": "D22H6.30 (Standaard dimmen)", "BRANDPROGRAMMA_GROEP": "DxxHyy DIM" }, "geometry": { "type": "Point", "coordinates": [ 194660.047, 200050.323 ] } },
{ "type": "Feature", "properties": { "LOCATIENUMMER": "724", "STATUS": "In dienst", "INTERACTIVITEIT": "Interactief-ready", "LICHTBRON_GROEP": "LED", "BRANDPROGRAMMA": "D22H6.30 (Standaard dimmen)", "BRANDPROGRAMMA_GROEP": "DxxHyy DIM" }, "geometry": { "type": "Point", "coordinates": [ 194579.327, 200046.486 ] } },
{ "type": "Feature", "properties": { "LOCATIENUMMER": "2134", "STATUS": "In dienst", "INTERACTIVITEIT": "Interactief", "LICHTBRON_GROEP": "LED", "BRANDPROGRAMMA": "BPIV UNI 20-22-23/DIM/4-5-6 VRZA50", "BRANDPROGRAMMA_GROEP": "BPIV DIM" }, "geometry": { "type": "Point", "coordinates": [ 192774.136999999987893, 195329.513 ] } },
{ "type": "Feature", "properties": { "LOCATIENUMMER": "2146", "STATUS": "In dienst", "INTERACTIVITEIT": "Interactief", "LICHTBRON_GROEP": "LED", "BRANDPROGRAMMA": "BPIV UNI 20-22-23/DIM/4-5-6 VRZA50", "BRANDPROGRAMMA_GROEP": "BPIV DIM" }, "geometry": { "type": "Point", "coordinates": [ 192813.766, 195501.549 ] } },
{ "type": "Feature", "properties": { "LOCATIENUMMER": "2130", "STATUS": "In dienst", "INTERACTIVITEIT": "Interactief", "LICHTBRON_GROEP": "LED", "BRANDPROGRAMMA": "BPIV UNI 20-22-23/DIM/4-5-6 VRZA50", "BRANDPROGRAMMA_GROEP": "BPIV DIM" }, "geometry": { "type": "Point", "coordinates": [ 192814.009, 195455.85 ] } },
{ "type": "Feature", "properties": { "LOCATIENUMMER": "2132", "STATUS": "In dienst", "INTERACTIVITEIT": "Interactief", "LICHTBRON_GROEP": "LED", "BRANDPROGRAMMA": "BPIV UNI 20-22-23/DIM/4-5-6 VRZA50", "BRANDPROGRAMMA_GROEP": "BPIV DIM" }, "geometry": { "type": "Point", "coordinates": [ 192801.487, 195399.672 ] } },
{ "type": "Feature", "properties": { "LOCATIENUMMER": "4614", "STATUS": "In dienst", "INTERACTIVITEIT": "Interactief", "LICHTBRON_GROEP": "LED", "BRANDPROGRAMMA": "BPIV UNI 20-22-23/DIM/4-5-6 VRZA50", "BRANDPROGRAMMA_GROEP": "BPIV DIM" }, "geometry": { "type": "Point", "coordinates": [ 195451.013, 196773.448 ] } },
{ "type": "Feature", "properties": { "LOCATIENUMMER": "4616", "STATUS": "In dienst", "INTERACTIVITEIT": "Interactief", "LICHTBRON_GROEP": "LED", "BRANDPROGRAMMA": "BPIV UNI 20-22-23/DIM/4-5-6 VRZA50", "BRANDPROGRAMMA_GROEP": "BPIV DIM" }, "geometry": { "type": "Point", "coordinates": [ 195460.837999999988824, 196761.988000000012107 ] } },
{ "type": "Feature", "properties": { "LOCATIENUMMER": "4615", "STATUS": "In dienst", "INTERACTIVITEIT": "Interactief", "LICHTBRON_GROEP": "LED", "BRANDPROGRAMMA": "BPIV UNI 20-22-23/DIM/4-5-6 VRZA50", "BRANDPROGRAMMA_GROEP": "BPIV DIM" }, "geometry": { "type": "Point", "coordinates": [ 195421.228, 196775.93 ] } },
{ "type": "Feature", "properties": { "LOCATIENUMMER": "751", "STATUS": "In dienst", "INTERACTIVITEIT": "Niet interactief", "LICHTBRON_GROEP": "NAHP", "BRANDPROGRAMMA": "N", "BRANDPROGRAMMA_GROEP": "N" }, "geometry": { "type": "Point", "coordinates": [ 193773.532, 198856.574 ] } },
{ "type": "Feature", "properties": { "LOCATIENUMMER": "749", "STATUS": "In dienst", "INTERACTIVITEIT": "Niet interactief", "LICHTBRON_GROEP": "NAHP", "BRANDPROGRAMMA": "N", "BRANDPROGRAMMA_GROEP": "N" }, "geometry": { "type": "Point", "coordinates": [ 193706.221, 198811.818 ] } },
{ "type": "Feature", "properties": { "LOCATIENUMMER": "746", "STATUS": "In dienst", "INTERACTIVITEIT": "Niet interactief", "LICHTBRON_GROEP": "NAHP", "BRANDPROGRAMMA": "N", "BRANDPROGRAMMA_GROEP": "N" }, "geometry": { "type": "Point", "coordinates": [ 193606.847, 198751.834 ] } },
{ "type": "Feature", "properties": { "LOCATIENUMMER": "1063", "STATUS": "In dienst", "INTERACTIVITEIT": "Niet interactief", "LICHTBRON_GROEP": "NAHP", "BRANDPROGRAMMA": "N", "BRANDPROGRAMMA_GROEP": "N" }, "geometry": { "type": "Point", "coordinates": [ 193221.305, 198463.926 ] } },
{ "type": "Feature", "properties": { "LOCATIENUMMER": "762", "STATUS": "In dienst", "INTERACTIVITEIT": "Niet interactief", "LICHTBRON_GROEP": "NAHP", "BRANDPROGRAMMA": "N", "BRANDPROGRAMMA_GROEP": "N" }, "geometry": { "type": "Point", "coordinates": [ 193480.461000000010245, 198666.730000000010477 ] } },
{ "type": "Feature", "properties": { "LOCATIENUMMER": "765", "STATUS": "In dienst", "INTERACTIVITEIT": "Niet interactief", "LICHTBRON_GROEP": "NAHP", "BRANDPROGRAMMA": "N", "BRANDPROGRAMMA_GROEP": "N" }, "geometry": { "type": "Point", "coordinates": [ 193352.568, 198581.579 ] } },
{ "type": "Feature", "properties": { "LOCATIENUMMER": "753", "STATUS": "In dienst", "INTERACTIVITEIT": "Niet interactief", "LICHTBRON_GROEP": "NAHP", "BRANDPROGRAMMA": "N", "BRANDPROGRAMMA_GROEP": "N" }, "geometry": { "type": "Point", "coordinates": [ 193834.763, 198900.734 ] } },
{ "type": "Feature", "properties": { "LOCATIENUMMER": "1059", "STATUS": "In dienst", "INTERACTIVITEIT": "Niet interactief", "LICHTBRON_GROEP": "NAHP", "BRANDPROGRAMMA": "N", "BRANDPROGRAMMA_GROEP": "N" }, "geometry": { "type": "Point", "coordinates": [ 193196.666999999986729, 198335.178000000014435 ] } },
{ "type": "Feature", "properties": { "LOCATIENUMMER": "756", "STATUS": "In dienst", "INTERACTIVITEIT": "Niet interactief", "LICHTBRON_GROEP": "NAHP", "BRANDPROGRAMMA": "N", "BRANDPROGRAMMA_GROEP": "N" }, "geometry": { "type": "Point", "coordinates": [ 193915.068, 198962.227000000013504 ] } },
{ "type": "Feature", "properties": { "LOCATIENUMMER": "3392", "STATUS": "In dienst", "INTERACTIVITEIT": "Niet interactief", "LICHTBRON_GROEP": "MHHP-QZ", "BRANDPROGRAMMA": "D22H6.30 (Doven)", "BRANDPROGRAMMA_GROEP": "DxxHyy DOV" }, "geometry": { "type": "Point", "coordinates": [ 195755.769999999989523, 196989.411 ] } },
{ "type": "Feature", "properties": { "LOCATIENUMMER": "3430", "STATUS": "In dienst", "INTERACTIVITEIT": "Niet interactief", "LICHTBRON_GROEP": "LED", "BRANDPROGRAMMA": "N", "BRANDPROGRAMMA_GROEP": "N" }, "geometry": { "type": "Point", "coordinates": [ 195739.006, 196993.528 ] } },
{ "type": "Feature", "properties": { "LOCATIENUMMER": "3431", "STATUS": "In dienst", "INTERACTIVITEIT": "Niet interactief", "LICHTBRON_GROEP": "LED", "BRANDPROGRAMMA": "D22H6.30 (Doven)", "BRANDPROGRAMMA_GROEP": "DxxHyy DOV" }, "geometry": { "type": "Point", "coordinates": [ 195730.704999999987194, 197009.6 ] } },
{ "type": "Feature", "properties": { "LOCATIENUMMER": "3432", "STATUS": "In dienst", "INTERACTIVITEIT": "Niet interactief", "LICHTBRON_GROEP": "LED", "BRANDPROGRAMMA": "N", "BRANDPROGRAMMA_GROEP": "N" }, "geometry": { "type": "Point", "coordinates": [ 195722.867, 197028.312 ] } },
{ "type": "Feature", "properties": { "LOCATIENUMMER": "3439", "STATUS": "In dienst", "INTERACTIVITEIT": "Niet interactief", "LICHTBRON_GROEP": "LED", "BRANDPROGRAMMA": "D22H6.30 (Standaard dimmen)", "BRANDPROGRAMMA_GROEP": "DxxHyy DIM" }, "geometry": { "type": "Point", "coordinates": [ 195722.209, 197004.471 ] } },
{ "type": "Feature", "properties": { "LOCATIENUMMER": "3453", "STATUS": "In dienst", "INTERACTIVITEIT": "Niet interactief", "LICHTBRON_GROEP": "LED", "BRANDPROGRAMMA": "D22H6.30 (Standaard dimmen)", "BRANDPROGRAMMA_GROEP": "DxxHyy DIM" }, "geometry": { "type": "Point", "coordinates": [ 195707.638, 197034.573 ] } },
{ "type": "Feature", "properties": { "LOCATIENUMMER": "3398", "STATUS": "In dienst", "INTERACTIVITEIT": "Niet interactief", "LICHTBRON_GROEP": "MHHP-QZ", "BRANDPROGRAMMA": "N", "BRANDPROGRAMMA_GROEP": "N" }, "geometry": { "type": "Point", "coordinates": [ 195844.066, 197176.541999999986729 ] } },
{ "type": "Feature", "properties": { "LOCATIENUMMER": "3399", "STATUS": "In dienst", "INTERACTIVITEIT": "Niet interactief", "LICHTBRON_GROEP": "MHHP-QZ", "BRANDPROGRAMMA": "D22H6.30 (Doven)", "BRANDPROGRAMMA_GROEP": "DxxHyy DOV" }, "geometry": { "type": "Point", "coordinates": [ 195874.682, 197187.535 ] } },
{ "type": "Feature", "properties": { "LOCATIENUMMER": "3394", "STATUS": "In dienst", "INTERACTIVITEIT": "Niet interactief", "LICHTBRON_GROEP": "MHHP-QZ", "BRANDPROGRAMMA": "D22H6.30 (Doven)", "BRANDPROGRAMMA_GROEP": "DxxHyy DOV" }, "geometry": { "type": "Point", "coordinates": [ 195796.371000000013737, 197043.071999999985565 ] } },
{ "type": "Feature", "properties": { "LOCATIENUMMER": "3393", "STATUS": "In dienst", "INTERACTIVITEIT": "Niet interactief", "LICHTBRON_GROEP": "MHHP-QZ", "BRANDPROGRAMMA": "D22H6.30 (Doven)", "BRANDPROGRAMMA_GROEP": "DxxHyy DOV" }, "geometry": { "type": "Point", "coordinates": [ 195777.496000000013737, 197013.709 ] } },
{ "type": "Feature", "properties": { "LOCATIENUMMER": "3433", "STATUS": "In dienst", "INTERACTIVITEIT": "Niet interactief", "LICHTBRON_GROEP": "LED", "BRANDPROGRAMMA": "D22H6.30 (Doven)", "BRANDPROGRAMMA_GROEP": "DxxHyy DOV" }, "geometry": { "type": "Point", "coordinates": [ 195717.511999999987893, 197041.628 ] } },
{ "type": "Feature", "properties": { "LOCATIENUMMER": "3400", "STATUS": "In dienst", "INTERACTIVITEIT": "Niet interactief", "LICHTBRON_GROEP": "MHHP-QZ", "BRANDPROGRAMMA": "D22H6.30 (Doven)", "BRANDPROGRAMMA_GROEP": "DxxHyy DOV" }, "geometry": { "type": "Point", "coordinates": [ 195908.236, 197197.590999999985797 ] } },
{ "type": "Feature", "properties": { "LOCATIENUMMER": "3401", "STATUS": "In dienst", "INTERACTIVITEIT": "Niet interactief", "LICHTBRON_GROEP": "MHHP-QZ", "BRANDPROGRAMMA": "N", "BRANDPROGRAMMA_GROEP": "N" }, "geometry": { "type": "Point", "coordinates": [ 195936.715999999985797, 197208.177 ] } },
{ "type": "Feature", "properties": { "LOCATIENUMMER": "3355", "STATUS": "In dienst", "INTERACTIVITEIT": "Niet interactief", "LICHTBRON_GROEP": "NAHP", "BRANDPROGRAMMA": "D22H6.30 (Doven)", "BRANDPROGRAMMA_GROEP": "DxxHyy DOV" }, "geometry": { "type": "Point", "coordinates": [ 195952.328, 197318.973 ] } },
{ "type": "Feature", "properties": { "LOCATIENUMMER": "3395", "STATUS": "In dienst", "INTERACTIVITEIT": "Niet interactief", "LICHTBRON_GROEP": "MHHP-QZ", "BRANDPROGRAMMA": "D22H6.30 (Doven)", "BRANDPROGRAMMA_GROEP": "DxxHyy DOV" }, "geometry": { "type": "Point", "coordinates": [ 195807.685, 197076.39000000001397 ] } },
{ "type": "Feature", "properties": { "LOCATIENUMMER": "3358", "STATUS": "In dienst", "INTERACTIVITEIT": "Niet interactief", "LICHTBRON_GROEP": "NAHP", "BRANDPROGRAMMA": "D22H6.30 (Doven)", "BRANDPROGRAMMA_GROEP": "DxxHyy DOV" }, "geometry": { "type": "Point", "coordinates": [ 195962.196, 197438.824 ] } },
{ "type": "Feature", "properties": { "LOCATIENUMMER": "3362", "STATUS": "In dienst", "INTERACTIVITEIT": "Niet interactief", "LICHTBRON_GROEP": "NAHP", "BRANDPROGRAMMA": "D22H6.30 (Doven)", "BRANDPROGRAMMA_GROEP": "DxxHyy DOV" }, "geometry": { "type": "Point", "coordinates": [ 195977.327, 197595.555 ] } },
{ "type": "Feature", "properties": { "LOCATIENUMMER": "3396", "STATUS": "In dienst", "INTERACTIVITEIT": "Niet interactief", "LICHTBRON_GROEP": "MHHP-QZ", "BRANDPROGRAMMA": "D22H6.30 (Doven)", "BRANDPROGRAMMA_GROEP": "DxxHyy DOV" }, "geometry": { "type": "Point", "coordinates": [ 195818.863000000012107, 197110.707 ] } },
{ "type": "Feature", "properties": { "LOCATIENUMMER": "3397", "STATUS": "In dienst", "INTERACTIVITEIT": "Niet interactief", "LICHTBRON_GROEP": "MHHP-QZ", "BRANDPROGRAMMA": "D22H6.30 (Doven)", "BRANDPROGRAMMA_GROEP": "DxxHyy DOV" }, "geometry": { "type": "Point", "coordinates": [ 195830.304, 197144.842 ] } },
{ "type": "Feature", "properties": { "LOCATIENUMMER": "1342", "STATUS": "In dienst", "INTERACTIVITEIT": "Interactief", "LICHTBRON_GROEP": "LED", "BRANDPROGRAMMA": "BPIV UNI 20-22-23/DIM/4-5-6 VRZA50", "BRANDPROGRAMMA_GROEP": "BPIV DIM" }, "geometry": { "type": "Point", "coordinates": [ 192273.489, 198117.112 ] } },
{ "type": "Feature", "properties": { "LOCATIENUMMER": "1344", "STATUS": "In dienst", "INTERACTIVITEIT": "Interactief", "LICHTBRON_GROEP": "LED", "BRANDPROGRAMMA": "BPIV UNI 20-22-23/DIM/4-5-6 VRZA50", "BRANDPROGRAMMA_GROEP": "BPIV DIM" }, "geometry": { "type": "Point", "coordinates": [ 192213.219000000011874, 198175.949 ] } },
{ "type": "Feature", "properties": { "LOCATIENUMMER": "3753", "STATUS": "In dienst", "INTERACTIVITEIT": "Niet interactief", "LICHTBRON_GROEP": "NALP", "BRANDPROGRAMMA": "N", "BRANDPROGRAMMA_GROEP": "N" }, "geometry": { "type": "Point", "coordinates": [ 196260.494, 198018.00099999998929 ] } },
{ "type": "Feature", "properties": { "LOCATIENUMMER": "3751", "STATUS": "In dienst", "INTERACTIVITEIT": "Niet interactief", "LICHTBRON_GROEP": "NALP", "BRANDPROGRAMMA": "D22H6.30 (Doven)", "BRANDPROGRAMMA_GROEP": "DxxHyy DOV" }, "geometry": { "type": "Point", "coordinates": [ 196275.451, 197912.603 ] } },
{ "type": "Feature", "properties": { "LOCATIENUMMER": "3749", "STATUS": "In dienst", "INTERACTIVITEIT": "Niet interactief", "LICHTBRON_GROEP": "NALP", "BRANDPROGRAMMA": "N", "BRANDPROGRAMMA_GROEP": "N" }, "geometry": { "type": "Point", "coordinates": [ 196288.525, 197817.178000000014435 ] } },
{ "type": "Feature", "properties": { "LOCATIENUMMER": "3747", "STATUS": "In dienst", "INTERACTIVITEIT": "Niet interactief", "LICHTBRON_GROEP": "NALP", "BRANDPROGRAMMA": "D22H6.30 (Doven)", "BRANDPROGRAMMA_GROEP": "DxxHyy DOV" }, "geometry": { "type": "Point", "coordinates": [ 196303.553000000014435, 197712.981 ] } },
{ "type": "Feature", "properties": { "LOCATIENUMMER": "3780", "STATUS": "In dienst", "INTERACTIVITEIT": "Niet interactief", "LICHTBRON_GROEP": "NAHP", "BRANDPROGRAMMA": "N", "BRANDPROGRAMMA_GROEP": "N" }, "geometry": { "type": "Point", "coordinates": [ 196379.553000000014435, 197349.331 ] } },
{ "type": "Feature", "properties": { "LOCATIENUMMER": "3745", "STATUS": "In dienst", "INTERACTIVITEIT": "Niet interactief", "LICHTBRON_GROEP": "NALP", "BRANDPROGRAMMA": "D22H6.30 (Doven)", "BRANDPROGRAMMA_GROEP": "DxxHyy DOV" }, "geometry": { "type": "Point", "coordinates": [ 196317.562, 197613.04 ] } },
{ "type": "Feature", "properties": { "LOCATIENUMMER": "3787", "STATUS": "In dienst", "INTERACTIVITEIT": "Interactief-ready", "LICHTBRON_GROEP": "LED", "BRANDPROGRAMMA": "N", "BRANDPROGRAMMA_GROEP": "N" }, "geometry": { "type": "Point", "coordinates": [ 196426.163, 197251.538 ] } },
{ "type": "Feature", "properties": { "LOCATIENUMMER": "3744", "STATUS": "In dienst", "INTERACTIVITEIT": "Niet interactief", "LICHTBRON_GROEP": "NALP", "BRANDPROGRAMMA": "N", "BRANDPROGRAMMA_GROEP": "N" }, "geometry": { "type": "Point", "coordinates": [ 196325.41, 197562.984 ] } },
{ "type": "Feature", "properties": { "LOCATIENUMMER": "3742", "STATUS": "In dienst", "INTERACTIVITEIT": "Niet interactief", "LICHTBRON_GROEP": "NALP", "BRANDPROGRAMMA": "D22H6.30 (Doven)", "BRANDPROGRAMMA_GROEP": "DxxHyy DOV" }, "geometry": { "type": "Point", "coordinates": [ 196357.407, 197472.097 ] } },
{ "type": "Feature", "properties": { "LOCATIENUMMER": "3740", "STATUS": "In dienst", "INTERACTIVITEIT": "Niet interactief", "LICHTBRON_GROEP": "NALP", "BRANDPROGRAMMA": "N", "BRANDPROGRAMMA_GROEP": "N" }, "geometry": { "type": "Point", "coordinates": [ 196396.532, 197386.426 ] } },
{ "type": "Feature", "properties": { "LOCATIENUMMER": "3754", "STATUS": "In dienst", "INTERACTIVITEIT": "Interactief", "LICHTBRON_GROEP": "LED", "BRANDPROGRAMMA": "BPIV UNI 20-22-23/DIM/4-5-6 VRZA50", "BRANDPROGRAMMA_GROEP": "BPIV DIM" }, "geometry": { "type": "Point", "coordinates": [ 196431.984, 197402.519 ] } },
{ "type": "Feature", "properties": { "LOCATIENUMMER": "3738", "STATUS": "In dienst", "INTERACTIVITEIT": "Niet interactief", "LICHTBRON_GROEP": "NALP", "BRANDPROGRAMMA": "D22H6.30 (Doven)", "BRANDPROGRAMMA_GROEP": "DxxHyy DOV" }, "geometry": { "type": "Point", "coordinates": [ 196428.413999999989755, 197316.480000000010477 ] } },
{ "type": "Feature", "properties": { "LOCATIENUMMER": "3736", "STATUS": "In dienst", "INTERACTIVITEIT": "Niet interactief", "LICHTBRON_GROEP": "NALP", "BRANDPROGRAMMA": "D22H6.30 (Doven)", "BRANDPROGRAMMA_GROEP": "DxxHyy DOV" }, "geometry": { "type": "Point", "coordinates": [ 196463.299999999988358, 197241.691 ] } },
{ "type": "Feature", "properties": { "LOCATIENUMMER": "4289", "STATUS": "In dienst", "INTERACTIVITEIT": "Niet interactief", "LICHTBRON_GROEP": "MHHP-CR-PGZ12", "BRANDPROGRAMMA": "N", "BRANDPROGRAMMA_GROEP": "N" }, "geometry": { "type": "Point", "coordinates": [ 196495.321, 196893.943999999988591 ] } },
{ "type": "Feature", "properties": { "LOCATIENUMMER": "3272", "STATUS": "In dienst", "INTERACTIVITEIT": "Interactief", "LICHTBRON_GROEP": "LED", "BRANDPROGRAMMA": "BPIV UNI 20-22-23/DIM/4-5-6 VRZA50", "BRANDPROGRAMMA_GROEP": "BPIV DIM" }, "geometry": { "type": "Point", "coordinates": [ 196531.403, 196811.554 ] } },
{ "type": "Feature", "properties": { "LOCATIENUMMER": "3273", "STATUS": "In dienst", "INTERACTIVITEIT": "Interactief", "LICHTBRON_GROEP": "LED", "BRANDPROGRAMMA": "BPIV UNI 20-22-23/DIM/4-5-6 VRZA50", "BRANDPROGRAMMA_GROEP": "BPIV DIM" }, "geometry": { "type": "Point", "coordinates": [ 196526.242, 196773.011 ] } },
{ "type": "Feature", "properties": { "LOCATIENUMMER": "3255", "STATUS": "In dienst", "INTERACTIVITEIT": "Interactief", "LICHTBRON_GROEP": "LED", "BRANDPROGRAMMA": "BPIV UNI 20-22-23/DIM/4-5-6 VRZA50", "BRANDPROGRAMMA_GROEP": "BPIV DIM" }, "geometry": { "type": "Point", "coordinates": [ 196519.285, 196734.152 ] } },
{ "type": "Feature", "properties": { "LOCATIENUMMER": "3734", "STATUS": "In dienst", "INTERACTIVITEIT": "Niet interactief", "LICHTBRON_GROEP": "NALP", "BRANDPROGRAMMA": "D22H6.30 (Doven)", "BRANDPROGRAMMA_GROEP": "DxxHyy DOV" }, "geometry": { "type": "Point", "coordinates": [ 196493.635, 197160.189000000013039 ] } },
{ "type": "Feature", "properties": { "LOCATIENUMMER": "3729", "STATUS": "In dienst", "INTERACTIVITEIT": "Niet interactief", "LICHTBRON_GROEP": "NAHP", "BRANDPROGRAMMA": "D22H6.30 (Doven)", "BRANDPROGRAMMA_GROEP": "DxxHyy DOV" }, "geometry": { "type": "Point", "coordinates": [ 196518.98499999998603, 197006.954 ] } },
{ "type": "Feature", "properties": { "LOCATIENUMMER": "3248", "STATUS": "In dienst", "INTERACTIVITEIT": "Niet interactief", "LICHTBRON_GROEP": "NALP", "BRANDPROGRAMMA": "D22H6.30 (Doven)", "BRANDPROGRAMMA_GROEP": "DxxHyy DOV" }, "geometry": { "type": "Point", "coordinates": [ 196558.275, 196820.38200000001234 ] } },
{ "type": "Feature", "properties": { "LOCATIENUMMER": "3246", "STATUS": "In dienst", "INTERACTIVITEIT": "Niet interactief", "LICHTBRON_GROEP": "NALP", "BRANDPROGRAMMA": "D22H6.30 (Doven)", "BRANDPROGRAMMA_GROEP": "DxxHyy DOV" }, "geometry": { "type": "Point", "coordinates": [ 196584.516, 196739.494 ] } },
{ "type": "Feature", "properties": { "LOCATIENUMMER": "3288", "STATUS": "In dienst", "INTERACTIVITEIT": "Interactief", "LICHTBRON_GROEP": "LED", "BRANDPROGRAMMA": "BPIV UNI 20-22-23/DIM/4-5-6 VRZA50", "BRANDPROGRAMMA_GROEP": "BPIV DIM" }, "geometry": { "type": "Point", "coordinates": [ 196615.562, 196661.946 ] } },
{ "type": "Feature", "properties": { "LOCATIENUMMER": "49", "STATUS": "In dienst", "INTERACTIVITEIT": "Interactief", "LICHTBRON_GROEP": "LED", "BRANDPROGRAMMA": "BPIV UNI 20-22-23/DIM/4-5-6 VRZA50", "BRANDPROGRAMMA_GROEP": "BPIV DIM" }, "geometry": { "type": "Point", "coordinates": [ 199276.926, 198021.63200000001234 ] } },
{ "type": "Feature", "properties": { "LOCATIENUMMER": "50", "STATUS": "In dienst", "INTERACTIVITEIT": "Interactief", "LICHTBRON_GROEP": "LED", "BRANDPROGRAMMA": "BPIV UNI 20-22-23/DIM/4-5-6 VRZA50", "BRANDPROGRAMMA_GROEP": "BPIV DIM" }, "geometry": { "type": "Point", "coordinates": [ 199255.829, 198059.961000000010245 ] } },
{ "type": "Feature", "properties": { "LOCATIENUMMER": "51", "STATUS": "In dienst", "INTERACTIVITEIT": "Interactief", "LICHTBRON_GROEP": "LED", "BRANDPROGRAMMA": "BPIV UNI 20-22-23/DIM/4-5-6 VRZA50", "BRANDPROGRAMMA_GROEP": "BPIV DIM" }, "geometry": { "type": "Point", "coordinates": [ 199236.894, 198094.269999999989523 ] } },
{ "type": "Feature", "properties": { "LOCATIENUMMER": "192", "STATUS": "In dienst", "INTERACTIVITEIT": "Interactief", "LICHTBRON_GROEP": "LED", "BRANDPROGRAMMA": "BPIV UNI 20-22-23/DIM/4-5-6 VRZA50", "BRANDPROGRAMMA_GROEP": "BPIV DIM" }, "geometry": { "type": "Point", "coordinates": [ 199217.567000000010012, 198128.386 ] } },
{ "type": "Feature", "properties": { "LOCATIENUMMER": "47", "STATUS": "In dienst", "INTERACTIVITEIT": "Interactief", "LICHTBRON_GROEP": "LED", "BRANDPROGRAMMA": "BPIV UNI 20-22-23/DIM/4-5-6 VRZA50", "BRANDPROGRAMMA_GROEP": "BPIV DIM" }, "geometry": { "type": "Point", "coordinates": [ 199317.659000000014203, 197946.337 ] } },
{ "type": "Feature", "properties": { "LOCATIENUMMER": "191", "STATUS": "In dienst", "INTERACTIVITEIT": "Interactief", "LICHTBRON_GROEP": "LED", "BRANDPROGRAMMA": "BPIV UNI 20-22-23/DIM/4-5-6 VRZA50", "BRANDPROGRAMMA_GROEP": "BPIV DIM" }, "geometry": { "type": "Point", "coordinates": [ 199197.794, 198165.885 ] } },
{ "type": "Feature", "properties": { "LOCATIENUMMER": "190", "STATUS": "In dienst", "INTERACTIVITEIT": "Interactief", "LICHTBRON_GROEP": "LED", "BRANDPROGRAMMA": "BPIV UNI 20-22-23/DIM/4-5-6 VRZA50", "BRANDPROGRAMMA_GROEP": "BPIV DIM" }, "geometry": { "type": "Point", "coordinates": [ 199177.44, 198202.968 ] } },
{ "type": "Feature", "properties": { "LOCATIENUMMER": "189", "STATUS": "In dienst", "INTERACTIVITEIT": "Interactief", "LICHTBRON_GROEP": "LED", "BRANDPROGRAMMA": "BPIV UNI 20-22-23/DIM/4-5-6 VRZA50", "BRANDPROGRAMMA_GROEP": "BPIV DIM" }, "geometry": { "type": "Point", "coordinates": [ 199157.948, 198237.63 ] } },
{ "type": "Feature", "properties": { "LOCATIENUMMER": "176", "STATUS": "In dienst", "INTERACTIVITEIT": "Interactief", "LICHTBRON_GROEP": "LED", "BRANDPROGRAMMA": "BPIV UNI 20-22-23/DIM/4-5-6 VRZA50", "BRANDPROGRAMMA_GROEP": "BPIV DIM" }, "geometry": { "type": "Point", "coordinates": [ 199123.601, 198258.478 ] } },
{ "type": "Feature", "properties": { "LOCATIENUMMER": "188", "STATUS": "In dienst", "INTERACTIVITEIT": "Interactief", "LICHTBRON_GROEP": "LED", "BRANDPROGRAMMA": "BPIV UNI 20-22-23/DIM/4-5-6 VRZA50", "BRANDPROGRAMMA_GROEP": "BPIV DIM" }, "geometry": { "type": "Point", "coordinates": [ 199136.654, 198277.013 ] } },
{ "type": "Feature", "properties": { "LOCATIENUMMER": "187", "STATUS": "In dienst", "INTERACTIVITEIT": "Interactief", "LICHTBRON_GROEP": "LED", "BRANDPROGRAMMA": "BPIV UNI 20-22-23/DIM/4-5-6 VRZA50", "BRANDPROGRAMMA_GROEP": "BPIV DIM" }, "geometry": { "type": "Point", "coordinates": [ 199117.337999999988824, 198314.211000000010245 ] } },
{ "type": "Feature", "properties": { "LOCATIENUMMER": "193", "STATUS": "In dienst", "INTERACTIVITEIT": "Interactief", "LICHTBRON_GROEP": "LED", "BRANDPROGRAMMA": "BPIV UNI 20-22-23/DIM/4-5-6 VRZA50", "BRANDPROGRAMMA_GROEP": "BPIV DIM" }, "geometry": { "type": "Point", "coordinates": [ 199097.386999999987893, 198350.51 ] } },
{ "type": "Feature", "properties": { "LOCATIENUMMER": "194", "STATUS": "In dienst", "INTERACTIVITEIT": "Interactief", "LICHTBRON_GROEP": "LED", "BRANDPROGRAMMA": "BPIV UNI 20-22-23/DIM/4-5-6 VRZA50", "BRANDPROGRAMMA_GROEP": "BPIV DIM" }, "geometry": { "type": "Point", "coordinates": [ 199078.018000000010943, 198386.141 ] } },
{ "type": "Feature", "properties": { "LOCATIENUMMER": "195", "STATUS": "In dienst", "INTERACTIVITEIT": "Interactief", "LICHTBRON_GROEP": "LED", "BRANDPROGRAMMA": "BPIV UNI 20-22-23/DIM/4-5-6 VRZA50", "BRANDPROGRAMMA_GROEP": "BPIV DIM" }, "geometry": { "type": "Point", "coordinates": [ 199056.065, 198427.794 ] } },
{ "type": "Feature", "properties": { "LOCATIENUMMER": "196", "STATUS": "In dienst", "INTERACTIVITEIT": "Interactief", "LICHTBRON_GROEP": "LED", "BRANDPROGRAMMA": "BPIV UNI 20-22-23/DIM/4-5-6 VRZA50", "BRANDPROGRAMMA_GROEP": "BPIV DIM" }, "geometry": { "type": "Point", "coordinates": [ 199036.962999999988824, 198461.041999999986729 ] } },
{ "type": "Feature", "properties": { "LOCATIENUMMER": "197", "STATUS": "In dienst", "INTERACTIVITEIT": "Interactief", "LICHTBRON_GROEP": "LED", "BRANDPROGRAMMA": "BPIV UNI 20-22-23/DIM/4-5-6 VRZA50", "BRANDPROGRAMMA_GROEP": "BPIV DIM" }, "geometry": { "type": "Point", "coordinates": [ 199017.634, 198496.396 ] } },
{ "type": "Feature", "properties": { "LOCATIENUMMER": "198", "STATUS": "In dienst", "INTERACTIVITEIT": "Interactief", "LICHTBRON_GROEP": "LED", "BRANDPROGRAMMA": "BPIV UNI 20-22-23/DIM/4-5-6 VRZA50", "BRANDPROGRAMMA_GROEP": "BPIV DIM" }, "geometry": { "type": "Point", "coordinates": [ 198998.821, 198531.401000000012573 ] } },
{ "type": "Feature", "properties": { "LOCATIENUMMER": "199", "STATUS": "In dienst", "INTERACTIVITEIT": "Interactief", "LICHTBRON_GROEP": "LED", "BRANDPROGRAMMA": "BPIV UNI 20-22-23/DIM/4-5-6 VRZA50", "BRANDPROGRAMMA_GROEP": "BPIV DIM" }, "geometry": { "type": "Point", "coordinates": [ 198979.01, 198566.109 ] } },
{ "type": "Feature", "properties": { "LOCATIENUMMER": "202", "STATUS": "In dienst", "INTERACTIVITEIT": "Interactief", "LICHTBRON_GROEP": "LED", "BRANDPROGRAMMA": "BPIV UNI 20-22-23/DIM/4-5-6 VRZA50", "BRANDPROGRAMMA_GROEP": "BPIV DIM" }, "geometry": { "type": "Point", "coordinates": [ 199003.715999999985797, 198565.889 ] } },
{ "type": "Feature", "properties": { "LOCATIENUMMER": "200", "STATUS": "In dienst", "INTERACTIVITEIT": "Interactief", "LICHTBRON_GROEP": "LED", "BRANDPROGRAMMA": "BPIV UNI 20-22-23/DIM/4-5-6 VRZA50", "BRANDPROGRAMMA_GROEP": "BPIV DIM" }, "geometry": { "type": "Point", "coordinates": [ 198960.4, 198601.827 ] } },
{ "type": "Feature", "properties": { "LOCATIENUMMER": "201", "STATUS": "In dienst", "INTERACTIVITEIT": "Interactief", "LICHTBRON_GROEP": "LED", "BRANDPROGRAMMA": "BPIV UNI 20-22-23/DIM/4-5-6 VRZA50", "BRANDPROGRAMMA_GROEP": "BPIV DIM" }, "geometry": { "type": "Point", "coordinates": [ 198938.51500000001397, 198640.256 ] } },
{ "type": "Feature", "properties": { "LOCATIENUMMER": "48", "STATUS": "In dienst", "INTERACTIVITEIT": "Interactief", "LICHTBRON_GROEP": "LED", "BRANDPROGRAMMA": "BPIV UNI 20-22-23/DIM/4-5-6 VRZA50", "BRANDPROGRAMMA_GROEP": "BPIV DIM" }, "geometry": { "type": "Point", "coordinates": [ 199297.954999999987194, 197982.739 ] } },
{ "type": "Feature", "properties": { "LOCATIENUMMER": "3010", "STATUS": "In dienst", "INTERACTIVITEIT": "Niet interactief", "LICHTBRON_GROEP": "NAHP", "BRANDPROGRAMMA": "D22H6.30 (Doven)", "BRANDPROGRAMMA_GROEP": "DxxHyy DOV" }, "geometry": { "type": "Point", "coordinates": [ 199899.605000000010477, 198736.12 ] } },
{ "type": "Feature", "properties": { "LOCATIENUMMER": "3011", "STATUS": "In dienst", "INTERACTIVITEIT": "Niet interactief", "LICHTBRON_GROEP": "NAHP", "BRANDPROGRAMMA": "N", "BRANDPROGRAMMA_GROEP": "N" }, "geometry": { "type": "Point", "coordinates": [ 199943.448, 198725.979 ] } },
{ "type": "Feature", "properties": { "LOCATIENUMMER": "3012", "STATUS": "In dienst", "INTERACTIVITEIT": "Niet interactief", "LICHTBRON_GROEP": "NAHP", "BRANDPROGRAMMA": "D22H6.30 (Doven)", "BRANDPROGRAMMA_GROEP": "DxxHyy DOV" }, "geometry": { "type": "Point", "coordinates": [ 199987.291, 198715.840999999985797 ] } },
{ "type": "Feature", "properties": { "LOCATIENUMMER": "3013", "STATUS": "In dienst", "INTERACTIVITEIT": "Niet interactief", "LICHTBRON_GROEP": "NAHP", "BRANDPROGRAMMA": "N", "BRANDPROGRAMMA_GROEP": "N" }, "geometry": { "type": "Point", "coordinates": [ 200031.138, 198705.718 ] } },
{ "type": "Feature", "properties": { "LOCATIENUMMER": "3014", "STATUS": "In dienst", "INTERACTIVITEIT": "Niet interactief", "LICHTBRON_GROEP": "NAHP", "BRANDPROGRAMMA": "D22H6.30 (Doven)", "BRANDPROGRAMMA_GROEP": "DxxHyy DOV" }, "geometry": { "type": "Point", "coordinates": [ 200074.98499999998603, 198695.597 ] } },
{ "type": "Feature", "properties": { "LOCATIENUMMER": "3015", "STATUS": "In dienst", "INTERACTIVITEIT": "Niet interactief", "LICHTBRON_GROEP": "NAHP", "BRANDPROGRAMMA": "N", "BRANDPROGRAMMA_GROEP": "N" }, "geometry": { "type": "Point", "coordinates": [ 200118.832, 198685.476 ] } },
{ "type": "Feature", "properties": { "LOCATIENUMMER": "3016", "STATUS": "In dienst", "INTERACTIVITEIT": "Niet interactief", "LICHTBRON_GROEP": "NAHP", "BRANDPROGRAMMA": "D22H6.30 (Doven)", "BRANDPROGRAMMA_GROEP": "DxxHyy DOV" }, "geometry": { "type": "Point", "coordinates": [ 200162.467, 198676.676 ] } },
{ "type": "Feature", "properties": { "LOCATIENUMMER": "4174", "STATUS": "In dienst", "INTERACTIVITEIT": "Niet interactief", "LICHTBRON_GROEP": "NAHP", "BRANDPROGRAMMA": "D22H6.30 (Doven)", "BRANDPROGRAMMA_GROEP": "DxxHyy DOV" }, "geometry": { "type": "Point", "coordinates": [ 199716.701, 198929.5 ] } },
{ "type": "Feature", "properties": { "LOCATIENUMMER": "580", "STATUS": "In dienst", "INTERACTIVITEIT": "Interactief", "LICHTBRON_GROEP": "LED", "BRANDPROGRAMMA": "BPIV UNI 20-22-23/DIM/4-5-6 VRZA50", "BRANDPROGRAMMA_GROEP": "BPIV DIM" }, "geometry": { "type": "Point", "coordinates": [ 199719.385, 199000.60999999998603 ] } },
{ "type": "Feature", "properties": { "LOCATIENUMMER": "579", "STATUS": "In dienst", "INTERACTIVITEIT": "Interactief", "LICHTBRON_GROEP": "LED", "BRANDPROGRAMMA": "BPIV UNI 20-22-23/DIM/4-5-6 VRZA50", "BRANDPROGRAMMA_GROEP": "BPIV DIM" }, "geometry": { "type": "Point", "coordinates": [ 199643.587, 198947.16 ] } },
{ "type": "Feature", "properties": { "LOCATIENUMMER": "578", "STATUS": "In dienst", "INTERACTIVITEIT": "Interactief", "LICHTBRON_GROEP": "LED", "BRANDPROGRAMMA": "BPIV UNI 20-22-23/DIM/4-5-6 VRZA50", "BRANDPROGRAMMA_GROEP": "BPIV DIM" }, "geometry": { "type": "Point", "coordinates": [ 199571.179, 198964.647 ] } },
{ "type": "Feature", "properties": { "LOCATIENUMMER": "577", "STATUS": "In dienst", "INTERACTIVITEIT": "Interactief", "LICHTBRON_GROEP": "LED", "BRANDPROGRAMMA": "BPIV UNI 20-22-23/DIM/4-5-6 VRZA50", "BRANDPROGRAMMA_GROEP": "BPIV DIM" }, "geometry": { "type": "Point", "coordinates": [ 199498.06, 198982.481 ] } },
{ "type": "Feature", "properties": { "LOCATIENUMMER": "576", "STATUS": "In dienst", "INTERACTIVITEIT": "Interactief", "LICHTBRON_GROEP": "LED", "BRANDPROGRAMMA": "BPIV UNI 20-22-23/DIM/4-5-6 VRZA50", "BRANDPROGRAMMA_GROEP": "BPIV DIM" }, "geometry": { "type": "Point", "coordinates": [ 199416.405999999988126, 199001.801 ] } },
{ "type": "Feature", "properties": { "LOCATIENUMMER": "3009", "STATUS": "In dienst", "INTERACTIVITEIT": "Niet interactief", "LICHTBRON_GROEP": "NAHP", "BRANDPROGRAMMA": "N", "BRANDPROGRAMMA_GROEP": "N" }, "geometry": { "type": "Point", "coordinates": [ 199855.769999999989523, 198746.278 ] } },
{ "type": "Feature", "properties": { "LOCATIENUMMER": "4175", "STATUS": "In dienst", "INTERACTIVITEIT": "Niet interactief", "LICHTBRON_GROEP": "NAHP", "BRANDPROGRAMMA": "D22H6.30 (Doven)", "BRANDPROGRAMMA_GROEP": "DxxHyy DOV" }, "geometry": { "type": "Point", "coordinates": [ 199789.93, 198911.810999999986961 ] } },
{ "type": "Feature", "properties": { "LOCATIENUMMER": "4176", "STATUS": "In dienst", "INTERACTIVITEIT": "Niet interactief", "LICHTBRON_GROEP": "NAHP", "BRANDPROGRAMMA": "D22H6.30 (Doven)", "BRANDPROGRAMMA_GROEP": "DxxHyy DOV" }, "geometry": { "type": "Point", "coordinates": [ 199861.025, 198928.381 ] } },
{ "type": "Feature", "properties": { "LOCATIENUMMER": "4180", "STATUS": "In dienst", "INTERACTIVITEIT": "Niet interactief", "LICHTBRON_GROEP": "NAHP", "BRANDPROGRAMMA": "D22H6.30 (Doven)", "BRANDPROGRAMMA_GROEP": "DxxHyy DOV" }, "geometry": { "type": "Point", "coordinates": [ 199885.529, 198944.707 ] } },
{ "type": "Feature", "properties": { "LOCATIENUMMER": "4181", "STATUS": "In dienst", "INTERACTIVITEIT": "Niet interactief", "LICHTBRON_GROEP": "NAHP", "BRANDPROGRAMMA": "N", "BRANDPROGRAMMA_GROEP": "N" }, "geometry": { "type": "Point", "coordinates": [ 199861.217, 198903.326 ] } },
{ "type": "Feature", "properties": { "LOCATIENUMMER": "4182", "STATUS": "In dienst", "INTERACTIVITEIT": "Niet interactief", "LICHTBRON_GROEP": "NAHP", "BRANDPROGRAMMA": "D22H6.30 (Doven)", "BRANDPROGRAMMA_GROEP": "DxxHyy DOV" }, "geometry": { "type": "Point", "coordinates": [ 199836.905, 198861.945 ] } },
{ "type": "Feature", "properties": { "LOCATIENUMMER": "4183", "STATUS": "In dienst", "INTERACTIVITEIT": "Niet interactief", "LICHTBRON_GROEP": "NAHP", "BRANDPROGRAMMA": "N", "BRANDPROGRAMMA_GROEP": "N" }, "geometry": { "type": "Point", "coordinates": [ 199812.593, 198820.564000000013039 ] } },
{ "type": "Feature", "properties": { "LOCATIENUMMER": "574", "STATUS": "In dienst", "INTERACTIVITEIT": "Interactief", "LICHTBRON_GROEP": "LED", "BRANDPROGRAMMA": "BPIV UNI 20-22-23/DIM/4-5-6 VRZA50", "BRANDPROGRAMMA_GROEP": "BPIV DIM" }, "geometry": { "type": "Point", "coordinates": [ 199271.418, 199037.157 ] } },
{ "type": "Feature", "properties": { "LOCATIENUMMER": "585", "STATUS": "In dienst", "INTERACTIVITEIT": "Interactief-ready", "LICHTBRON_GROEP": "LED", "BRANDPROGRAMMA": "D22H6.30 (Standaard dimmen)", "BRANDPROGRAMMA_GROEP": "DxxHyy DIM" }, "geometry": { "type": "Point", "coordinates": [ 199873.541, 199101.451 ] } },
{ "type": "Feature", "properties": { "LOCATIENUMMER": "586", "STATUS": "In dienst", "INTERACTIVITEIT": "Interactief-ready", "LICHTBRON_GROEP": "LED", "BRANDPROGRAMMA": "D22H6.30 (Standaard dimmen)", "BRANDPROGRAMMA_GROEP": "DxxHyy DIM" }, "geometry": { "type": "Point", "coordinates": [ 199913.236, 199080.153 ] } },
{ "type": "Feature", "properties": { "LOCATIENUMMER": "4178", "STATUS": "In dienst", "INTERACTIVITEIT": "Niet interactief", "LICHTBRON_GROEP": "NAHP", "BRANDPROGRAMMA": "D22H6.30 (Doven)", "BRANDPROGRAMMA_GROEP": "DxxHyy DOV" }, "geometry": { "type": "Point", "coordinates": [ 199937.619, 199050.883 ] } },
{ "type": "Feature", "properties": { "LOCATIENUMMER": "584", "STATUS": "In dienst", "INTERACTIVITEIT": "Interactief-ready", "LICHTBRON_GROEP": "LED", "BRANDPROGRAMMA": "D22H6.30 (Standaard dimmen)", "BRANDPROGRAMMA_GROEP": "DxxHyy DIM" }, "geometry": { "type": "Point", "coordinates": [ 199833.889, 199122.726 ] } },
{ "type": "Feature", "properties": { "LOCATIENUMMER": "4177", "STATUS": "In dienst", "INTERACTIVITEIT": "Niet interactief", "LICHTBRON_GROEP": "NAHP", "BRANDPROGRAMMA": "D22H6.30 (Doven)", "BRANDPROGRAMMA_GROEP": "DxxHyy DOV" }, "geometry": { "type": "Point", "coordinates": [ 199902.881, 198990.185 ] } },
{ "type": "Feature", "properties": { "LOCATIENUMMER": "4179", "STATUS": "In dienst", "INTERACTIVITEIT": "Niet interactief", "LICHTBRON_GROEP": "NAHP", "BRANDPROGRAMMA": "N", "BRANDPROGRAMMA_GROEP": "N" }, "geometry": { "type": "Point", "coordinates": [ 199909.844000000011874, 198986.093 ] } },
{ "type": "Feature", "properties": { "LOCATIENUMMER": "4347", "STATUS": "In dienst", "INTERACTIVITEIT": "Interactief", "LICHTBRON_GROEP": "LED", "BRANDPROGRAMMA": "D22 (Doven)", "BRANDPROGRAMMA_GROEP": "Dxx DOV" }, "geometry": { "type": "Point", "coordinates": [ 198402.024, 197606.723999999987427 ] } },
{ "type": "Feature", "properties": { "LOCATIENUMMER": "3596", "STATUS": "In dienst", "INTERACTIVITEIT": "Niet interactief", "LICHTBRON_GROEP": "MHHP-QZ", "BRANDPROGRAMMA": "N", "BRANDPROGRAMMA_GROEP": "N" }, "geometry": { "type": "Point", "coordinates": [ 198524.47, 197573.452 ] } },
{ "type": "Feature", "properties": { "LOCATIENUMMER": "3597", "STATUS": "In dienst", "INTERACTIVITEIT": "Niet interactief", "LICHTBRON_GROEP": "MHHP-QZ", "BRANDPROGRAMMA": "D22H6.30 (Doven)", "BRANDPROGRAMMA_GROEP": "DxxHyy DOV" }, "geometry": { "type": "Point", "coordinates": [ 198552.318999999988591, 197586.104 ] } },
{ "type": "Feature", "properties": { "LOCATIENUMMER": "3595", "STATUS": "In dienst", "INTERACTIVITEIT": "Niet interactief", "LICHTBRON_GROEP": "MHHP-QZ", "BRANDPROGRAMMA": "N", "BRANDPROGRAMMA_GROEP": "N" }, "geometry": { "type": "Point", "coordinates": [ 198579.522999999986496, 197598.377 ] } },
{ "type": "Feature", "properties": { "LOCATIENUMMER": "3598", "STATUS": "In dienst", "INTERACTIVITEIT": "Niet interactief", "LICHTBRON_GROEP": "MHHP-QZ", "BRANDPROGRAMMA": "D22H6.30 (Doven)", "BRANDPROGRAMMA_GROEP": "DxxHyy DOV" }, "geometry": { "type": "Point", "coordinates": [ 198607.866, 197611.165 ] } },
{ "type": "Feature", "properties": { "LOCATIENUMMER": "3588", "STATUS": "In dienst", "INTERACTIVITEIT": "Niet interactief", "LICHTBRON_GROEP": "MHHP-QZ", "BRANDPROGRAMMA": "D22H6.30 (Doven)", "BRANDPROGRAMMA_GROEP": "DxxHyy DOV" }, "geometry": { "type": "Point", "coordinates": [ 198616.15, 197641.842 ] } },
{ "type": "Feature", "properties": { "LOCATIENUMMER": "3584", "STATUS": "In dienst", "INTERACTIVITEIT": "Niet interactief", "LICHTBRON_GROEP": "MHHP-QZ", "BRANDPROGRAMMA": "N", "BRANDPROGRAMMA_GROEP": "N" }, "geometry": { "type": "Point", "coordinates": [ 198632.878999999986263, 197622.362 ] } },
{ "type": "Feature", "properties": { "LOCATIENUMMER": "3603", "STATUS": "In dienst", "INTERACTIVITEIT": "Niet interactief", "LICHTBRON_GROEP": "MHHP-QZ", "BRANDPROGRAMMA": "N", "BRANDPROGRAMMA_GROEP": "N" }, "geometry": { "type": "Point", "coordinates": [ 198635.815, 197600.453 ] } },
{ "type": "Feature", "properties": { "LOCATIENUMMER": "3642", "STATUS": "In dienst", "INTERACTIVITEIT": "Niet interactief", "LICHTBRON_GROEP": "MHHP-QZ", "BRANDPROGRAMMA": "D22H6.30 (Doven)", "BRANDPROGRAMMA_GROEP": "DxxHyy DOV" }, "geometry": { "type": "Point", "coordinates": [ 198650.711000000010245, 197636.731999999989057 ] } },
{ "type": "Feature", "properties": { "LOCATIENUMMER": "3641", "STATUS": "In dienst", "INTERACTIVITEIT": "Niet interactief", "LICHTBRON_GROEP": "MHHP-QZ", "BRANDPROGRAMMA": "D22H6.30 (Doven)", "BRANDPROGRAMMA_GROEP": "DxxHyy DOV" }, "geometry": { "type": "Point", "coordinates": [ 198670.815, 197657.385 ] } },
{ "type": "Feature", "properties": { "LOCATIENUMMER": "3643", "STATUS": "In dienst", "INTERACTIVITEIT": "Interactief-ready", "LICHTBRON_GROEP": "LED", "BRANDPROGRAMMA": "D22H6.30 (Standaard dimmen)", "BRANDPROGRAMMA_GROEP": "DxxHyy DIM" }, "geometry": { "type": "Point", "coordinates": [ 198712.25099999998929, 197619.946999999985565 ] } },
{ "type": "Feature", "properties": { "LOCATIENUMMER": "4346", "STATUS": "In dienst", "INTERACTIVITEIT": "Interactief", "LICHTBRON_GROEP": "LED", "BRANDPROGRAMMA": "D22 (Doven)", "BRANDPROGRAMMA_GROEP": "Dxx DOV" }, "geometry": { "type": "Point", "coordinates": [ 198434.450000000011642, 197624.111 ] } },
{ "type": "Feature", "properties": { "LOCATIENUMMER": "4351", "STATUS": "In dienst", "INTERACTIVITEIT": "Interactief", "LICHTBRON_GROEP": "LED", "BRANDPROGRAMMA": "D22 (Doven)", "BRANDPROGRAMMA_GROEP": "Dxx DOV" }, "geometry": { "type": "Point", "coordinates": [ 198409.616, 197623.131 ] } },
{ "type": "Feature", "properties": { "LOCATIENUMMER": "3640", "STATUS": "In dienst", "INTERACTIVITEIT": "Niet interactief", "LICHTBRON_GROEP": "MHHP-QZ", "BRANDPROGRAMMA": "N", "BRANDPROGRAMMA_GROEP": "N" }, "geometry": { "type": "Point", "coordinates": [ 198688.420000000012806, 197679.441 ] } },
{ "type": "Feature", "properties": { "LOCATIENUMMER": "3639", "STATUS": "In dienst", "INTERACTIVITEIT": "Niet interactief", "LICHTBRON_GROEP": "MHHP-QZ", "BRANDPROGRAMMA": "D22H6.30 (Doven)", "BRANDPROGRAMMA_GROEP": "DxxHyy DOV" }, "geometry": { "type": "Point", "coordinates": [ 198706.842, 197702.719000000011874 ] } },
{ "type": "Feature", "properties": { "LOCATIENUMMER": "3644", "STATUS": "In dienst", "INTERACTIVITEIT": "Interactief-ready", "LICHTBRON_GROEP": "LED", "BRANDPROGRAMMA": "D22H6.30 (Standaard dimmen)", "BRANDPROGRAMMA_GROEP": "DxxHyy DIM" }, "geometry": { "type": "Point", "coordinates": [ 198738.189000000013039, 197674.582 ] } },
{ "type": "Feature", "properties": { "LOCATIENUMMER": "3607", "STATUS": "In dienst", "INTERACTIVITEIT": "Niet interactief", "LICHTBRON_GROEP": "MHHP-QZ", "BRANDPROGRAMMA": "N", "BRANDPROGRAMMA_GROEP": "N" }, "geometry": { "type": "Point", "coordinates": [ 198733.628999999986263, 197735.549 ] } },
{ "type": "Feature", "properties": { "LOCATIENUMMER": "3624", "STATUS": "In dienst", "INTERACTIVITEIT": "Niet interactief", "LICHTBRON_GROEP": "MHHP-QZ", "BRANDPROGRAMMA": "N", "BRANDPROGRAMMA_GROEP": "N" }, "geometry": { "type": "Point", "coordinates": [ 198760.616, 197703.827 ] } },
{ "type": "Feature", "properties": { "LOCATIENUMMER": "3600", "STATUS": "In dienst", "INTERACTIVITEIT": "Niet interactief", "LICHTBRON_GROEP": "MHHP-QZ", "BRANDPROGRAMMA": "N", "BRANDPROGRAMMA_GROEP": "N" }, "geometry": { "type": "Point", "coordinates": [ 198453.99, 197543.426 ] } },
{ "type": "Feature", "properties": { "LOCATIENUMMER": "3611", "STATUS": "In dienst", "INTERACTIVITEIT": "Niet interactief", "LICHTBRON_GROEP": "MHHP-QZ", "BRANDPROGRAMMA": "D22H6.30 (Doven)", "BRANDPROGRAMMA_GROEP": "DxxHyy DOV" }, "geometry": { "type": "Point", "coordinates": [ 198765.365, 197770.679 ] } },
{ "type": "Feature", "properties": { "LOCATIENUMMER": "3616", "STATUS": "In dienst", "INTERACTIVITEIT": "Niet interactief", "LICHTBRON_GROEP": "MHHP-QZ", "BRANDPROGRAMMA": "D22H6.30 (Doven)", "BRANDPROGRAMMA_GROEP": "DxxHyy DOV" }, "geometry": { "type": "Point", "coordinates": [ 198781.057999999989988, 197791.972 ] } },
{ "type": "Feature", "properties": { "LOCATIENUMMER": "3638", "STATUS": "In dienst", "INTERACTIVITEIT": "Interactief", "LICHTBRON_GROEP": "LED", "BRANDPROGRAMMA": "BPIV UNI 20-22-23/DIM/4-5-6 VRZA50", "BRANDPROGRAMMA_GROEP": "BPIV DIM" }, "geometry": { "type": "Point", "coordinates": [ 198798.72, 197740.114 ] } },
{ "type": "Feature", "properties": { "LOCATIENUMMER": "3615", "STATUS": "In dienst", "INTERACTIVITEIT": "Niet interactief", "LICHTBRON_GROEP": "MHHP-QZ", "BRANDPROGRAMMA": "D22H6.30 (Doven)", "BRANDPROGRAMMA_GROEP": "DxxHyy DOV" }, "geometry": { "type": "Point", "coordinates": [ 198762.219000000011874, 197826.780999999988126 ] } },
{ "type": "Feature", "properties": { "LOCATIENUMMER": "3610", "STATUS": "In dienst", "INTERACTIVITEIT": "Niet interactief", "LICHTBRON_GROEP": "MHHP-QZ", "BRANDPROGRAMMA": "N", "BRANDPROGRAMMA_GROEP": "N" }, "geometry": { "type": "Point", "coordinates": [ 198789.246000000013737, 197788.846 ] } },
{ "type": "Feature", "properties": { "LOCATIENUMMER": "3614", "STATUS": "In dienst", "INTERACTIVITEIT": "Niet interactief", "LICHTBRON_GROEP": "MHHP-QZ", "BRANDPROGRAMMA": "N", "BRANDPROGRAMMA_GROEP": "N" }, "geometry": { "type": "Point", "coordinates": [ 198748.087999999988824, 197852.525 ] } },
{ "type": "Feature", "properties": { "LOCATIENUMMER": "3609", "STATUS": "In dienst", "INTERACTIVITEIT": "Niet interactief", "LICHTBRON_GROEP": "MHHP-QZ", "BRANDPROGRAMMA": "D22H6.30 (Doven)", "BRANDPROGRAMMA_GROEP": "DxxHyy DOV" }, "geometry": { "type": "Point", "coordinates": [ 198813.927, 197802.756 ] } },
{ "type": "Feature", "properties": { "LOCATIENUMMER": "3613", "STATUS": "In dienst", "INTERACTIVITEIT": "Niet interactief", "LICHTBRON_GROEP": "MHHP-QZ", "BRANDPROGRAMMA": "D22H6.30 (Doven)", "BRANDPROGRAMMA_GROEP": "DxxHyy DOV" }, "geometry": { "type": "Point", "coordinates": [ 198735.642, 197879.723999999987427 ] } },
{ "type": "Feature", "properties": { "LOCATIENUMMER": "3608", "STATUS": "In dienst", "INTERACTIVITEIT": "Niet interactief", "LICHTBRON_GROEP": "MHHP-QZ", "BRANDPROGRAMMA": "N", "BRANDPROGRAMMA_GROEP": "N" }, "geometry": { "type": "Point", "coordinates": [ 198840.411, 197813.481999999989057 ] } },
{ "type": "Feature", "properties": { "LOCATIENUMMER": "3612", "STATUS": "In dienst", "INTERACTIVITEIT": "Niet interactief", "LICHTBRON_GROEP": "MHHP-QZ", "BRANDPROGRAMMA": "N", "BRANDPROGRAMMA_GROEP": "N" }, "geometry": { "type": "Point", "coordinates": [ 198715.920000000012806, 197912.079 ] } },
{ "type": "Feature", "properties": { "LOCATIENUMMER": "3599", "STATUS": "In dienst", "INTERACTIVITEIT": "Niet interactief", "LICHTBRON_GROEP": "MHHP-QZ", "BRANDPROGRAMMA": "D22H6.30 (Doven)", "BRANDPROGRAMMA_GROEP": "DxxHyy DOV" }, "geometry": { "type": "Point", "coordinates": [ 198487.736, 197557.791999999986729 ] } },
{ "type": "Feature", "properties": { "LOCATIENUMMER": "905", "STATUS": "In dienst", "INTERACTIVITEIT": "Interactief", "LICHTBRON_GROEP": "LED", "BRANDPROGRAMMA": "BPIV UNI 20-22-23/DIM/4-5-6 VRZA50", "BRANDPROGRAMMA_GROEP": "BPIV DIM" }, "geometry": { "type": "Point", "coordinates": [ 194399.196999999985565, 199858.956 ] } },
{ "type": "Feature", "properties": { "LOCATIENUMMER": "640", "STATUS": "In dienst", "INTERACTIVITEIT": "Interactief", "LICHTBRON_GROEP": "LED", "BRANDPROGRAMMA": "BPIV UNI 20-22-23/DIM/4-5-6 VRZA50", "BRANDPROGRAMMA_GROEP": "BPIV DIM" }, "geometry": { "type": "Point", "coordinates": [ 194370.136, 199921.420000000012806 ] } },
{ "type": "Feature", "properties": { "LOCATIENUMMER": "641", "STATUS": "In dienst", "INTERACTIVITEIT": "Interactief", "LICHTBRON_GROEP": "LED", "BRANDPROGRAMMA": "BPIV UNI 20-22-23/DIM/4-5-6 VRZA50", "BRANDPROGRAMMA_GROEP": "BPIV DIM" }, "geometry": { "type": "Point", "coordinates": [ 194362.508, 199941.75099999998929 ] } },
{ "type": "Feature", "properties": { "LOCATIENUMMER": "665", "STATUS": "In dienst", "INTERACTIVITEIT": "Interactief", "LICHTBRON_GROEP": "LED", "BRANDPROGRAMMA": "BPIV UNI 20-22-23/DIM/4-5-6 VRZA50", "BRANDPROGRAMMA_GROEP": "BPIV DIM" }, "geometry": { "type": "Point", "coordinates": [ 194293.544, 199992.943 ] } },
{ "type": "Feature", "properties": { "LOCATIENUMMER": "647", "STATUS": "In dienst", "INTERACTIVITEIT": "Interactief", "LICHTBRON_GROEP": "LED", "BRANDPROGRAMMA": "BPIV UNI 20-22-23/DIM/4-5-6 VRZA50", "BRANDPROGRAMMA_GROEP": "BPIV DIM" }, "geometry": { "type": "Point", "coordinates": [ 194323.996000000013737, 200025.928000000014435 ] } },
{ "type": "Feature", "properties": { "LOCATIENUMMER": "649", "STATUS": "In dienst", "INTERACTIVITEIT": "Niet interactief", "LICHTBRON_GROEP": "NAHP", "BRANDPROGRAMMA": "D22H6.30 (Doven)", "BRANDPROGRAMMA_GROEP": "DxxHyy DOV" }, "geometry": { "type": "Point", "coordinates": [ 194295.034000000014203, 200075.979 ] } },
{ "type": "Feature", "properties": { "LOCATIENUMMER": "937", "STATUS": "In dienst", "INTERACTIVITEIT": "Interactief-ready", "LICHTBRON_GROEP": "LED", "BRANDPROGRAMMA": "D22H6.30 (Doven)", "BRANDPROGRAMMA_GROEP": "DxxHyy DOV" }, "geometry": { "type": "Point", "coordinates": [ 194259.264, 200058.185 ] } },
{ "type": "Feature", "properties": { "LOCATIENUMMER": "938", "STATUS": "In dienst", "INTERACTIVITEIT": "Interactief-ready", "LICHTBRON_GROEP": "LED", "BRANDPROGRAMMA": "N", "BRANDPROGRAMMA_GROEP": "N" }, "geometry": { "type": "Point", "coordinates": [ 194281.901000000012573, 200062.304 ] } },
{ "type": "Feature", "properties": { "LOCATIENUMMER": "903", "STATUS": "In dienst", "INTERACTIVITEIT": "Interactief", "LICHTBRON_GROEP": "LED", "BRANDPROGRAMMA": "BPIV UNI 20-22-23/DIM/4-5-6 VRZA50", "BRANDPROGRAMMA_GROEP": "BPIV DIM" }, "geometry": { "type": "Point", "coordinates": [ 194430.202, 199792.44 ] } },
{ "type": "Feature", "properties": { "LOCATIENUMMER": "651", "STATUS": "In dienst", "INTERACTIVITEIT": "Interactief", "LICHTBRON_GROEP": "LED", "BRANDPROGRAMMA": "BPIV UNI 20-22-23/DIM/4-5-6 VRZA50", "BRANDPROGRAMMA_GROEP": "BPIV DIM" }, "geometry": { "type": "Point", "coordinates": [ 194253.700000000011642, 200140.981999999989057 ] } },
{ "type": "Feature", "properties": { "LOCATIENUMMER": "653", "STATUS": "In dienst", "INTERACTIVITEIT": "Interactief", "LICHTBRON_GROEP": "LED", "BRANDPROGRAMMA": "BPIV UNI 20-22-23/DIM/4-5-6 VRZA50", "BRANDPROGRAMMA_GROEP": "BPIV DIM" }, "geometry": { "type": "Point", "coordinates": [ 194221.708000000013271, 200204.903 ] } },
{ "type": "Feature", "properties": { "LOCATIENUMMER": "904", "STATUS": "In dienst", "INTERACTIVITEIT": "Interactief", "LICHTBRON_GROEP": "LED", "BRANDPROGRAMMA": "BPIV UNI 20-22-23/DIM/4-5-6 VRZA50", "BRANDPROGRAMMA_GROEP": "BPIV DIM" }, "geometry": { "type": "Point", "coordinates": [ 194414.775, 199825.412000000011176 ] } },
{ "type": "Feature", "properties": { "LOCATIENUMMER": "4598", "STATUS": "In dienst", "INTERACTIVITEIT": "Interactief", "LICHTBRON_GROEP": "LED", "BRANDPROGRAMMA": "BPIV UNI 20-22-23/DIM/4-5-6 VRZA50", "BRANDPROGRAMMA_GROEP": "BPIV DIM" }, "geometry": { "type": "Point", "coordinates": [ 195477.638, 196857.214 ] } },
{ "type": "Feature", "properties": { "LOCATIENUMMER": "4599", "STATUS": "In dienst", "INTERACTIVITEIT": "Interactief", "LICHTBRON_GROEP": "LED", "BRANDPROGRAMMA": "BPIV UNI 20-22-23/DIM/4-5-6 VRZA50", "BRANDPROGRAMMA_GROEP": "BPIV DIM" }, "geometry": { "type": "Point", "coordinates": [ 195500.813, 196865.12599999998929 ] } },
{ "type": "Feature", "properties": { "LOCATIENUMMER": "4610", "STATUS": "In dienst", "INTERACTIVITEIT": "Interactief", "LICHTBRON_GROEP": "LED", "BRANDPROGRAMMA": "BPIV UNI 20-22-23/DIM/4-5-6 VRZA50", "BRANDPROGRAMMA_GROEP": "BPIV DIM" }, "geometry": { "type": "Point", "coordinates": [ 195499.502, 196834.924 ] } },
{ "type": "Feature", "properties": { "LOCATIENUMMER": "4611", "STATUS": "In dienst", "INTERACTIVITEIT": "Interactief", "LICHTBRON_GROEP": "LED", "BRANDPROGRAMMA": "BPIV UNI 20-22-23/DIM/4-5-6 VRZA50", "BRANDPROGRAMMA_GROEP": "BPIV DIM" }, "geometry": { "type": "Point", "coordinates": [ 195503.783, 196806.177 ] } },
{ "type": "Feature", "properties": { "LOCATIENUMMER": "4601", "STATUS": "In dienst", "INTERACTIVITEIT": "Interactief", "LICHTBRON_GROEP": "LED", "BRANDPROGRAMMA": "BPIV UNI 20-22-23/DIM/4-5-6 VRZA50", "BRANDPROGRAMMA_GROEP": "BPIV DIM" }, "geometry": { "type": "Point", "coordinates": [ 195503.736, 196923.405 ] } },
{ "type": "Feature", "properties": { "LOCATIENUMMER": "4602", "STATUS": "In dienst", "INTERACTIVITEIT": "Interactief", "LICHTBRON_GROEP": "LED", "BRANDPROGRAMMA": "BPIV UNI 20-22-23/DIM/4-5-6 VRZA50", "BRANDPROGRAMMA_GROEP": "BPIV DIM" }, "geometry": { "type": "Point", "coordinates": [ 195501.605000000010477, 196950.975 ] } },
{ "type": "Feature", "properties": { "LOCATIENUMMER": "4613", "STATUS": "In dienst", "INTERACTIVITEIT": "Interactief", "LICHTBRON_GROEP": "LED", "BRANDPROGRAMMA": "BPIV UNI 20-22-23/DIM/4-5-6 VRZA50", "BRANDPROGRAMMA_GROEP": "BPIV DIM" }, "geometry": { "type": "Point", "coordinates": [ 195480.348999999987427, 196771.024 ] } },
{ "type": "Feature", "properties": { "LOCATIENUMMER": "4612", "STATUS": "In dienst", "INTERACTIVITEIT": "Interactief", "LICHTBRON_GROEP": "LED", "BRANDPROGRAMMA": "BPIV UNI 20-22-23/DIM/4-5-6 VRZA50", "BRANDPROGRAMMA_GROEP": "BPIV DIM" }, "geometry": { "type": "Point", "coordinates": [ 195502.484, 196780.434 ] } },
{ "type": "Feature", "properties": { "LOCATIENUMMER": "4617", "STATUS": "In dienst", "INTERACTIVITEIT": "Interactief", "LICHTBRON_GROEP": "LED", "BRANDPROGRAMMA": "BPIV UNI 20-22-23/DIM/4-5-6 VRZA50", "BRANDPROGRAMMA_GROEP": "BPIV DIM" }, "geometry": { "type": "Point", "coordinates": [ 195461.278, 196735.647 ] } },
{ "type": "Feature", "properties": { "LOCATIENUMMER": "4618", "STATUS": "In dienst", "INTERACTIVITEIT": "Interactief", "LICHTBRON_GROEP": "LED", "BRANDPROGRAMMA": "BPIV UNI 20-22-23/DIM/4-5-6 VRZA50", "BRANDPROGRAMMA_GROEP": "BPIV DIM" }, "geometry": { "type": "Point", "coordinates": [ 195461.544, 196709.075000000011642 ] } },
{ "type": "Feature", "properties": { "LOCATIENUMMER": "4619", "STATUS": "In dienst", "INTERACTIVITEIT": "Interactief", "LICHTBRON_GROEP": "LED", "BRANDPROGRAMMA": "BPIV UNI 20-22-23/DIM/4-5-6 VRZA50", "BRANDPROGRAMMA_GROEP": "BPIV DIM" }, "geometry": { "type": "Point", "coordinates": [ 195461.836000000010245, 196681.166999999986729 ] } },
{ "type": "Feature", "properties": { "LOCATIENUMMER": "4600", "STATUS": "In dienst", "INTERACTIVITEIT": "Interactief", "LICHTBRON_GROEP": "LED", "BRANDPROGRAMMA": "BPIV UNI 20-22-23/DIM/4-5-6 VRZA50", "BRANDPROGRAMMA_GROEP": "BPIV DIM" }, "geometry": { "type": "Point", "coordinates": [ 195502.209, 196891.6 ] } },
{ "type": "Feature", "properties": { "LOCATIENUMMER": "4349", "STATUS": "In dienst", "INTERACTIVITEIT": "Interactief", "LICHTBRON_GROEP": "LED", "BRANDPROGRAMMA": "D22 (Doven)", "BRANDPROGRAMMA_GROEP": "Dxx DOV" }, "geometry": { "type": "Point", "coordinates": [ 198365.555, 197570.393000000010943 ] } },
{ "type": "Feature", "properties": { "LOCATIENUMMER": "4350", "STATUS": "In dienst", "INTERACTIVITEIT": "Interactief", "LICHTBRON_GROEP": "LED", "BRANDPROGRAMMA": "D22 (Doven)", "BRANDPROGRAMMA_GROEP": "Dxx DOV" }, "geometry": { "type": "Point", "coordinates": [ 198348.445, 197554.979 ] } },
{ "type": "Feature", "properties": { "LOCATIENUMMER": "4656", "STATUS": "In dienst", "INTERACTIVITEIT": "Interactief", "LICHTBRON_GROEP": "LED", "BRANDPROGRAMMA": "BPIV UNI 20-22-23/DIM/4-5-6 VRZA50", "BRANDPROGRAMMA_GROEP": "BPIV DIM" }, "geometry": { "type": "Point", "coordinates": [ 198345.552, 197524.399 ] } },
{ "type": "Feature", "properties": { "LOCATIENUMMER": "4348", "STATUS": "In dienst", "INTERACTIVITEIT": "Interactief", "LICHTBRON_GROEP": "LED", "BRANDPROGRAMMA": "D22 (Doven)", "BRANDPROGRAMMA_GROEP": "Dxx DOV" }, "geometry": { "type": "Point", "coordinates": [ 198379.090999999985797, 197594.345 ] } },
{ "type": "Feature", "properties": { "LOCATIENUMMER": "4655", "STATUS": "In dienst", "INTERACTIVITEIT": "Interactief", "LICHTBRON_GROEP": "LED", "BRANDPROGRAMMA": "BPIV UNI 20-22-23/DIM/4-5-6 VRZA50", "BRANDPROGRAMMA_GROEP": "BPIV DIM" }, "geometry": { "type": "Point", "coordinates": [ 198326.802, 197563.277 ] } },
{ "type": "Feature", "properties": { "LOCATIENUMMER": "4352", "STATUS": "In dienst", "INTERACTIVITEIT": "Interactief", "LICHTBRON_GROEP": "LED", "BRANDPROGRAMMA": "D22 (Doven)", "BRANDPROGRAMMA_GROEP": "Dxx DOV" }, "geometry": { "type": "Point", "coordinates": [ 198398.506, 197644.298 ] } },
{ "type": "Feature", "properties": { "LOCATIENUMMER": "3526", "STATUS": "In dienst", "INTERACTIVITEIT": "Niet interactief", "LICHTBRON_GROEP": "NAHP", "BRANDPROGRAMMA": "D22H6.30 (Doven)", "BRANDPROGRAMMA_GROEP": "DxxHyy DOV" }, "geometry": { "type": "Point", "coordinates": [ 198294.465, 197628.037000000011176 ] } },
{ "type": "Feature", "properties": { "LOCATIENUMMER": "4330", "STATUS": "In dienst", "INTERACTIVITEIT": "Interactief", "LICHTBRON_GROEP": "LED", "BRANDPROGRAMMA": "D22 (Doven)", "BRANDPROGRAMMA_GROEP": "Dxx DOV" }, "geometry": { "type": "Point", "coordinates": [ 198347.548, 197683.00099999998929 ] } },
{ "type": "Feature", "properties": { "LOCATIENUMMER": "4335", "STATUS": "In dienst", "INTERACTIVITEIT": "Interactief", "LICHTBRON_GROEP": "LED", "BRANDPROGRAMMA": "D22 (Doven)", "BRANDPROGRAMMA_GROEP": "Dxx DOV" }, "geometry": { "type": "Point", "coordinates": [ 198378.171, 197678.432999999989988 ] } },
{ "type": "Feature", "properties": { "LOCATIENUMMER": "4340", "STATUS": "In dienst", "INTERACTIVITEIT": "Interactief", "LICHTBRON_GROEP": "LED", "BRANDPROGRAMMA": "D22 (Doven)", "BRANDPROGRAMMA_GROEP": "Dxx DOV" }, "geometry": { "type": "Point", "coordinates": [ 198373.997, 197651.82 ] } },
{ "type": "Feature", "properties": { "LOCATIENUMMER": "4341", "STATUS": "In dienst", "INTERACTIVITEIT": "Interactief", "LICHTBRON_GROEP": "LED", "BRANDPROGRAMMA": "D22 (Doven)", "BRANDPROGRAMMA_GROEP": "Dxx DOV" }, "geometry": { "type": "Point", "coordinates": [ 198398.018000000010943, 197663.236 ] } },
{ "type": "Feature", "properties": { "LOCATIENUMMER": "3522", "STATUS": "In dienst", "INTERACTIVITEIT": "Niet interactief", "LICHTBRON_GROEP": "NAHP", "BRANDPROGRAMMA": "N", "BRANDPROGRAMMA_GROEP": "N" }, "geometry": { "type": "Point", "coordinates": [ 198257.676, 197716.852000000013504 ] } },
{ "type": "Feature", "properties": { "LOCATIENUMMER": "3538", "STATUS": "In dienst", "INTERACTIVITEIT": "Niet interactief", "LICHTBRON_GROEP": "NAHP", "BRANDPROGRAMMA": "N", "BRANDPROGRAMMA_GROEP": "N" }, "geometry": { "type": "Point", "coordinates": [ 198216.305, 197794.256 ] } },
{ "type": "Feature", "properties": { "LOCATIENUMMER": "3541", "STATUS": "In dienst", "INTERACTIVITEIT": "Niet interactief", "LICHTBRON_GROEP": "NAHP", "BRANDPROGRAMMA": "N", "BRANDPROGRAMMA_GROEP": "N" }, "geometry": { "type": "Point", "coordinates": [ 198166.28, 197897.403 ] } },
{ "type": "Feature", "properties": { "LOCATIENUMMER": "3548", "STATUS": "In dienst", "INTERACTIVITEIT": "Niet interactief", "LICHTBRON_GROEP": "NAHP", "BRANDPROGRAMMA": "N", "BRANDPROGRAMMA_GROEP": "N" }, "geometry": { "type": "Point", "coordinates": [ 198105.902, 198027.399 ] } },
{ "type": "Feature", "properties": { "LOCATIENUMMER": "4658", "STATUS": "In dienst", "INTERACTIVITEIT": "Interactief", "LICHTBRON_GROEP": "LED", "BRANDPROGRAMMA": "BPIV UNI 20-22-23/DIM/4-5-6 VRZA50", "BRANDPROGRAMMA_GROEP": "BPIV DIM" }, "geometry": { "type": "Point", "coordinates": [ 198380.077, 197452.983 ] } },
{ "type": "Feature", "properties": { "LOCATIENUMMER": "4657", "STATUS": "In dienst", "INTERACTIVITEIT": "Interactief", "LICHTBRON_GROEP": "LED", "BRANDPROGRAMMA": "BPIV UNI 20-22-23/DIM/4-5-6 VRZA50", "BRANDPROGRAMMA_GROEP": "BPIV DIM" }, "geometry": { "type": "Point", "coordinates": [ 198362.201, 197490.496000000013737 ] } },
{ "type": "Feature", "properties": { "LOCATIENUMMER": "2082", "STATUS": "In dienst", "INTERACTIVITEIT": "Interactief", "LICHTBRON_GROEP": "LED", "BRANDPROGRAMMA": "BPIV UNI 20-22-23/DIM/4-5-6 VRZA50", "BRANDPROGRAMMA_GROEP": "BPIV DIM" }, "geometry": { "type": "Point", "coordinates": [ 193834.598999999987427, 194037.168 ] } },
{ "type": "Feature", "properties": { "LOCATIENUMMER": "1984", "STATUS": "In dienst", "INTERACTIVITEIT": "Niet interactief", "LICHTBRON_GROEP": "NALP", "BRANDPROGRAMMA": "D22H6.30 (Doven)", "BRANDPROGRAMMA_GROEP": "DxxHyy DOV" }, "geometry": { "type": "Point", "coordinates": [ 193854.422, 193887.434 ] } },
{ "type": "Feature", "properties": { "LOCATIENUMMER": "1980", "STATUS": "In dienst", "INTERACTIVITEIT": "Niet interactief", "LICHTBRON_GROEP": "NALP", "BRANDPROGRAMMA": "D22H6.30 (Doven)", "BRANDPROGRAMMA_GROEP": "DxxHyy DOV" }, "geometry": { "type": "Point", "coordinates": [ 193783.584, 193934.652 ] } },
{ "type": "Feature", "properties": { "LOCATIENUMMER": "1982", "STATUS": "In dienst", "INTERACTIVITEIT": "Niet interactief", "LICHTBRON_GROEP": "NAHP", "BRANDPROGRAMMA": "N", "BRANDPROGRAMMA_GROEP": "N" }, "geometry": { "type": "Point", "coordinates": [ 193847.12400000001071, 193960.75 ] } },
{ "type": "Feature", "properties": { "LOCATIENUMMER": "2138", "STATUS": "In dienst", "INTERACTIVITEIT": "Interactief", "LICHTBRON_GROEP": "LED", "BRANDPROGRAMMA": "BPIV UNI 20-22-23/DIM/4-5-6 VRZA50", "BRANDPROGRAMMA_GROEP": "BPIV DIM" }, "geometry": { "type": "Point", "coordinates": [ 192932.904, 195557.94 ] } },
{ "type": "Feature", "properties": { "LOCATIENUMMER": "4219", "STATUS": "In dienst", "INTERACTIVITEIT": "Niet interactief", "LICHTBRON_GROEP": "LED", "BRANDPROGRAMMA": "N", "BRANDPROGRAMMA_GROEP": "N" }, "geometry": { "type": "Point", "coordinates": [ 191819.022999999986496, 195708.016 ] } },
{ "type": "Feature", "properties": { "LOCATIENUMMER": "2896", "STATUS": "In dienst", "INTERACTIVITEIT": "Niet interactief", "LICHTBRON_GROEP": "LED", "BRANDPROGRAMMA": "D22H6.30 (Doven)", "BRANDPROGRAMMA_GROEP": "DxxHyy DOV" }, "geometry": { "type": "Point", "coordinates": [ 191792.837999999988824, 195792.581 ] } },
{ "type": "Feature", "properties": { "LOCATIENUMMER": "4220", "STATUS": "In dienst", "INTERACTIVITEIT": "Interactief", "LICHTBRON_GROEP": "LED", "BRANDPROGRAMMA": "BPIV UNI 20-22-23/DIM/4-5-6 VRZA50", "BRANDPROGRAMMA_GROEP": "BPIV DIM" }, "geometry": { "type": "Point", "coordinates": [ 191843.465999999985797, 195722.598999999987427 ] } },
{ "type": "Feature", "properties": { "LOCATIENUMMER": "2895", "STATUS": "In dienst", "INTERACTIVITEIT": "Niet interactief", "LICHTBRON_GROEP": "LED", "BRANDPROGRAMMA": "D22H6.30 (Doven)", "BRANDPROGRAMMA_GROEP": "DxxHyy DOV" }, "geometry": { "type": "Point", "coordinates": [ 191807.065, 195749.901000000012573 ] } },
{ "type": "Feature", "properties": { "LOCATIENUMMER": "2897", "STATUS": "In dienst", "INTERACTIVITEIT": "Niet interactief", "LICHTBRON_GROEP": "LED", "BRANDPROGRAMMA": "N", "BRANDPROGRAMMA_GROEP": "N" }, "geometry": { "type": "Point", "coordinates": [ 191778.402, 195835.215999999985797 ] } },
{ "type": "Feature", "properties": { "LOCATIENUMMER": "2898", "STATUS": "In dienst", "INTERACTIVITEIT": "Niet interactief", "LICHTBRON_GROEP": "LED", "BRANDPROGRAMMA": "D22H6.30 (Doven)", "BRANDPROGRAMMA_GROEP": "DxxHyy DOV" }, "geometry": { "type": "Point", "coordinates": [ 191764.074, 195877.866 ] } },
{ "type": "Feature", "properties": { "LOCATIENUMMER": "2899", "STATUS": "In dienst", "INTERACTIVITEIT": "Niet interactief", "LICHTBRON_GROEP": "LED", "BRANDPROGRAMMA": "N", "BRANDPROGRAMMA_GROEP": "N" }, "geometry": { "type": "Point", "coordinates": [ 191749.517, 195920.487 ] } },
{ "type": "Feature", "properties": { "LOCATIENUMMER": "2900", "STATUS": "In dienst", "INTERACTIVITEIT": "Niet interactief", "LICHTBRON_GROEP": "LED", "BRANDPROGRAMMA": "N", "BRANDPROGRAMMA_GROEP": "N" }, "geometry": { "type": "Point", "coordinates": [ 191731.139, 195961.801 ] } },
{ "type": "Feature", "properties": { "LOCATIENUMMER": "2738", "STATUS": "In dienst", "INTERACTIVITEIT": "Interactief", "LICHTBRON_GROEP": "LED", "BRANDPROGRAMMA": "BPIV UNI 20-22-23/DIM/4-5-6 VRZA50", "BRANDPROGRAMMA_GROEP": "BPIV DIM" }, "geometry": { "type": "Point", "coordinates": [ 192768.82, 195486.279 ] } },
{ "type": "Feature", "properties": { "LOCATIENUMMER": "2737", "STATUS": "In dienst", "INTERACTIVITEIT": "Interactief", "LICHTBRON_GROEP": "LED", "BRANDPROGRAMMA": "BPIV UNI 20-22-23/DIM/4-5-6 VRZA50", "BRANDPROGRAMMA_GROEP": "BPIV DIM" }, "geometry": { "type": "Point", "coordinates": [ 192723.143000000010943, 195469.462 ] } },
{ "type": "Feature", "properties": { "LOCATIENUMMER": "2137", "STATUS": "In dienst", "INTERACTIVITEIT": "Interactief", "LICHTBRON_GROEP": "LED", "BRANDPROGRAMMA": "BPIV UNI 20-22-23/DIM/4-5-6 VRZA50", "BRANDPROGRAMMA_GROEP": "BPIV DIM" }, "geometry": { "type": "Point", "coordinates": [ 192903.033, 195546.787000000011176 ] } },
{ "type": "Feature", "properties": { "LOCATIENUMMER": "2736", "STATUS": "In dienst", "INTERACTIVITEIT": "Interactief", "LICHTBRON_GROEP": "LED", "BRANDPROGRAMMA": "BPIV UNI 20-22-23/DIM/4-5-6 VRZA50", "BRANDPROGRAMMA_GROEP": "BPIV DIM" }, "geometry": { "type": "Point", "coordinates": [ 192684.366, 195455.182999999989988 ] } },
{ "type": "Feature", "properties": { "LOCATIENUMMER": "2735", "STATUS": "In dienst", "INTERACTIVITEIT": "Interactief", "LICHTBRON_GROEP": "LED", "BRANDPROGRAMMA": "BPIV UNI 20-22-23/DIM/4-5-6 VRZA50", "BRANDPROGRAMMA_GROEP": "BPIV DIM" }, "geometry": { "type": "Point", "coordinates": [ 192644.168, 195440.111 ] } },
{ "type": "Feature", "properties": { "LOCATIENUMMER": "2734", "STATUS": "In dienst", "INTERACTIVITEIT": "Interactief", "LICHTBRON_GROEP": "LED", "BRANDPROGRAMMA": "BPIV UNI 20-22-23/DIM/4-5-6 VRZA50", "BRANDPROGRAMMA_GROEP": "BPIV DIM" }, "geometry": { "type": "Point", "coordinates": [ 192606.494, 195426.178000000014435 ] } },
{ "type": "Feature", "properties": { "LOCATIENUMMER": "2739", "STATUS": "In dienst", "INTERACTIVITEIT": "Interactief", "LICHTBRON_GROEP": "LED", "BRANDPROGRAMMA": "BPIV UNI 20-22-23/DIM/4-5-6 VRZA50", "BRANDPROGRAMMA_GROEP": "BPIV DIM" }, "geometry": { "type": "Point", "coordinates": [ 192557.165, 195407.935 ] } },
{ "type": "Feature", "properties": { "LOCATIENUMMER": "2740", "STATUS": "In dienst", "INTERACTIVITEIT": "Interactief", "LICHTBRON_GROEP": "LED", "BRANDPROGRAMMA": "BPIV UNI 20-22-23/DIM/4-5-6 VRZA50", "BRANDPROGRAMMA_GROEP": "BPIV DIM" }, "geometry": { "type": "Point", "coordinates": [ 192515.544, 195392.638 ] } },
{ "type": "Feature", "properties": { "LOCATIENUMMER": "2741", "STATUS": "In dienst", "INTERACTIVITEIT": "Interactief", "LICHTBRON_GROEP": "LED", "BRANDPROGRAMMA": "BPIV UNI 20-22-23/DIM/4-5-6 VRZA50", "BRANDPROGRAMMA_GROEP": "BPIV DIM" }, "geometry": { "type": "Point", "coordinates": [ 192475.537000000011176, 195371.674 ] } },
{ "type": "Feature", "properties": { "LOCATIENUMMER": "2742", "STATUS": "In dienst", "INTERACTIVITEIT": "Interactief", "LICHTBRON_GROEP": "LED", "BRANDPROGRAMMA": "BPIV UNI 20-22-23/DIM/4-5-6 VRZA50", "BRANDPROGRAMMA_GROEP": "BPIV DIM" }, "geometry": { "type": "Point", "coordinates": [ 192431.821999999985565, 195362.428000000014435 ] } },
{ "type": "Feature", "properties": { "LOCATIENUMMER": "2145", "STATUS": "In dienst", "INTERACTIVITEIT": "Interactief", "LICHTBRON_GROEP": "LED", "BRANDPROGRAMMA": "BPIV UNI 20-22-23/DIM/4-5-6 VRZA50", "BRANDPROGRAMMA_GROEP": "BPIV DIM" }, "geometry": { "type": "Point", "coordinates": [ 192859.663999999989755, 195520.941 ] } },
{ "type": "Feature", "properties": { "LOCATIENUMMER": "2743", "STATUS": "In dienst", "INTERACTIVITEIT": "Interactief", "LICHTBRON_GROEP": "LED", "BRANDPROGRAMMA": "BPIV UNI 20-22-23/DIM/4-5-6 VRZA50", "BRANDPROGRAMMA_GROEP": "BPIV DIM" }, "geometry": { "type": "Point", "coordinates": [ 192397.693999999988591, 195367.97 ] } },
{ "type": "Feature", "properties": { "LOCATIENUMMER": "2744", "STATUS": "In dienst", "INTERACTIVITEIT": "Interactief", "LICHTBRON_GROEP": "LED", "BRANDPROGRAMMA": "BPIV UNI 20-22-23/DIM/4-5-6 VRZA50", "BRANDPROGRAMMA_GROEP": "BPIV DIM" }, "geometry": { "type": "Point", "coordinates": [ 192358.522999999986496, 195375.35 ] } },
{ "type": "Feature", "properties": { "LOCATIENUMMER": "2124", "STATUS": "In dienst", "INTERACTIVITEIT": "Interactief", "LICHTBRON_GROEP": "LED", "BRANDPROGRAMMA": "BPIV UNI 20-22-23/DIM/4-5-6 VRZA50", "BRANDPROGRAMMA_GROEP": "BPIV DIM" }, "geometry": { "type": "Point", "coordinates": [ 192842.663999999989755, 195550.038 ] } },
{ "type": "Feature", "properties": { "LOCATIENUMMER": "2745", "STATUS": "In dienst", "INTERACTIVITEIT": "Interactief", "LICHTBRON_GROEP": "LED", "BRANDPROGRAMMA": "BPIV UNI 20-22-23/DIM/4-5-6 VRZA50", "BRANDPROGRAMMA_GROEP": "BPIV DIM" }, "geometry": { "type": "Point", "coordinates": [ 192322.162000000011176, 195386.038999999989755 ] } },
{ "type": "Feature", "properties": { "LOCATIENUMMER": "2746", "STATUS": "In dienst", "INTERACTIVITEIT": "Interactief", "LICHTBRON_GROEP": "LED", "BRANDPROGRAMMA": "BPIV UNI 20-22-23/DIM/4-5-6 VRZA50", "BRANDPROGRAMMA_GROEP": "BPIV DIM" }, "geometry": { "type": "Point", "coordinates": [ 192276.522, 195397.726 ] } },
{ "type": "Feature", "properties": { "LOCATIENUMMER": "2747", "STATUS": "In dienst", "INTERACTIVITEIT": "Interactief", "LICHTBRON_GROEP": "LED", "BRANDPROGRAMMA": "BPIV UNI 20-22-23/DIM/4-5-6 VRZA50", "BRANDPROGRAMMA_GROEP": "BPIV DIM" }, "geometry": { "type": "Point", "coordinates": [ 192235.769999999989523, 195407.354 ] } },
{ "type": "Feature", "properties": { "LOCATIENUMMER": "2748", "STATUS": "In dienst", "INTERACTIVITEIT": "Interactief", "LICHTBRON_GROEP": "LED", "BRANDPROGRAMMA": "BPIV UNI 20-22-23/DIM/4-5-6 VRZA50", "BRANDPROGRAMMA_GROEP": "BPIV DIM" }, "geometry": { "type": "Point", "coordinates": [ 192188.622, 195419.335 ] } },
{ "type": "Feature", "properties": { "LOCATIENUMMER": "2749", "STATUS": "In dienst", "INTERACTIVITEIT": "Interactief", "LICHTBRON_GROEP": "LED", "BRANDPROGRAMMA": "BPIV UNI 20-22-23/DIM/4-5-6 VRZA50", "BRANDPROGRAMMA_GROEP": "BPIV DIM" }, "geometry": { "type": "Point", "coordinates": [ 192147.377, 195429.606999999989057 ] } },
{ "type": "Feature", "properties": { "LOCATIENUMMER": "2750", "STATUS": "In dienst", "INTERACTIVITEIT": "Interactief", "LICHTBRON_GROEP": "LED", "BRANDPROGRAMMA": "BPIV UNI 20-22-23/DIM/4-5-6 VRZA50", "BRANDPROGRAMMA_GROEP": "BPIV DIM" }, "geometry": { "type": "Point", "coordinates": [ 192099.85999999998603, 195441.351 ] } },
{ "type": "Feature", "properties": { "LOCATIENUMMER": "2751", "STATUS": "In dienst", "INTERACTIVITEIT": "Interactief", "LICHTBRON_GROEP": "LED", "BRANDPROGRAMMA": "BPIV UNI 20-22-23/DIM/4-5-6 VRZA50", "BRANDPROGRAMMA_GROEP": "BPIV DIM" }, "geometry": { "type": "Point", "coordinates": [ 192057.579, 195450.424999999988358 ] } },
{ "type": "Feature", "properties": { "LOCATIENUMMER": "2733", "STATUS": "In dienst", "INTERACTIVITEIT": "Interactief", "LICHTBRON_GROEP": "LED", "BRANDPROGRAMMA": "BPIV UNI 20-22-23/DIM/4-5-6 VRZA50", "BRANDPROGRAMMA_GROEP": "BPIV DIM" }, "geometry": { "type": "Point", "coordinates": [ 192017.125, 195461.424999999988358 ] } },
{ "type": "Feature", "properties": { "LOCATIENUMMER": "2732", "STATUS": "In dienst", "INTERACTIVITEIT": "Interactief", "LICHTBRON_GROEP": "LED", "BRANDPROGRAMMA": "BPIV UNI 20-22-23/DIM/4-5-6 VRZA50", "BRANDPROGRAMMA_GROEP": "BPIV DIM" }, "geometry": { "type": "Point", "coordinates": [ 191976.791999999986729, 195471.6 ] } },
{ "type": "Feature", "properties": { "LOCATIENUMMER": "2429", "STATUS": "In dienst", "INTERACTIVITEIT": "Interactief", "LICHTBRON_GROEP": "LED", "BRANDPROGRAMMA": "BPIV UNI 20-22-23/DIM/4-5-6 VRZA50", "BRANDPROGRAMMA_GROEP": "BPIV DIM" }, "geometry": { "type": "Point", "coordinates": [ 191915.567000000010012, 195449.307999999989988 ] } },
{ "type": "Feature", "properties": { "LOCATIENUMMER": "4190", "STATUS": "In dienst", "INTERACTIVITEIT": "Niet interactief", "LICHTBRON_GROEP": "NALP", "BRANDPROGRAMMA": "N", "BRANDPROGRAMMA_GROEP": "N" }, "geometry": { "type": "Point", "coordinates": [ 191936.416999999986729, 195481.424999999988358 ] } },
{ "type": "Feature", "properties": { "LOCATIENUMMER": "4214", "STATUS": "In dienst", "INTERACTIVITEIT": "Niet interactief", "LICHTBRON_GROEP": "LED", "BRANDPROGRAMMA": "N", "BRANDPROGRAMMA_GROEP": "N" }, "geometry": { "type": "Point", "coordinates": [ 191904.929, 195500.475 ] } },
{ "type": "Feature", "properties": { "LOCATIENUMMER": "4215", "STATUS": "In dienst", "INTERACTIVITEIT": "Niet interactief", "LICHTBRON_GROEP": "LED", "BRANDPROGRAMMA": "N", "BRANDPROGRAMMA_GROEP": "N" }, "geometry": { "type": "Point", "coordinates": [ 191879.641, 195536.774 ] } },
{ "type": "Feature", "properties": { "LOCATIENUMMER": "4216", "STATUS": "In dienst", "INTERACTIVITEIT": "Niet interactief", "LICHTBRON_GROEP": "LED", "BRANDPROGRAMMA": "N", "BRANDPROGRAMMA_GROEP": "N" }, "geometry": { "type": "Point", "coordinates": [ 191863.897, 195578.636 ] } },
{ "type": "Feature", "properties": { "LOCATIENUMMER": "4217", "STATUS": "In dienst", "INTERACTIVITEIT": "Niet interactief", "LICHTBRON_GROEP": "LED", "BRANDPROGRAMMA": "D22H6.30 (Doven)", "BRANDPROGRAMMA_GROEP": "DxxHyy DOV" }, "geometry": { "type": "Point", "coordinates": [ 191849.704999999987194, 195621.354 ] } },
{ "type": "Feature", "properties": { "LOCATIENUMMER": "4218", "STATUS": "In dienst", "INTERACTIVITEIT": "Niet interactief", "LICHTBRON_GROEP": "LED", "BRANDPROGRAMMA": "D22H6.30 (Doven)", "BRANDPROGRAMMA_GROEP": "DxxHyy DOV" }, "geometry": { "type": "Point", "coordinates": [ 191835.459, 195664.073 ] } },
{ "type": "Feature", "properties": { "LOCATIENUMMER": "1258", "STATUS": "In dienst", "INTERACTIVITEIT": "Interactief", "LICHTBRON_GROEP": "LED", "BRANDPROGRAMMA": "BPIV UNI 20-22-23/DIM/4-5-6 VRZA50", "BRANDPROGRAMMA_GROEP": "BPIV DIM" }, "geometry": { "type": "Point", "coordinates": [ 194529.742, 199523.006 ] } },
{ "type": "Feature", "properties": { "LOCATIENUMMER": "1420", "STATUS": "In dienst", "INTERACTIVITEIT": "Interactief", "LICHTBRON_GROEP": "LED", "BRANDPROGRAMMA": "BPIV UNI 20-22-23/DIM/4-5-6 VRZA50", "BRANDPROGRAMMA_GROEP": "BPIV DIM" }, "geometry": { "type": "Point", "coordinates": [ 194397.634, 199521.429 ] } },
{ "type": "Feature", "properties": { "LOCATIENUMMER": "1421", "STATUS": "In dienst", "INTERACTIVITEIT": "Interactief", "LICHTBRON_GROEP": "LED", "BRANDPROGRAMMA": "BPIV UNI 20-22-23/DIM/4-5-6 VRZA50", "BRANDPROGRAMMA_GROEP": "BPIV DIM" }, "geometry": { "type": "Point", "coordinates": [ 194358.866, 199527.639 ] } },
{ "type": "Feature", "properties": { "LOCATIENUMMER": "1409", "STATUS": "In dienst", "INTERACTIVITEIT": "Interactief", "LICHTBRON_GROEP": "LED", "BRANDPROGRAMMA": "BPIV UNI 20-22-23/DIM/4-5-6 VRZA50", "BRANDPROGRAMMA_GROEP": "BPIV DIM" }, "geometry": { "type": "Point", "coordinates": [ 194354.128, 199451.533 ] } },
{ "type": "Feature", "properties": { "LOCATIENUMMER": "1261", "STATUS": "In dienst", "INTERACTIVITEIT": "Interactief", "LICHTBRON_GROEP": "LED", "BRANDPROGRAMMA": "BPIV UNI 20-22-23/DIM/4-5-6 VRZA50", "BRANDPROGRAMMA_GROEP": "BPIV DIM" }, "geometry": { "type": "Point", "coordinates": [ 194546.769999999989523, 199585.307 ] } },
{ "type": "Feature", "properties": { "LOCATIENUMMER": "1413", "STATUS": "In dienst", "INTERACTIVITEIT": "Interactief", "LICHTBRON_GROEP": "LED", "BRANDPROGRAMMA": "BPIV UNI 20-22-23/DIM/4-5-6 VRZA50", "BRANDPROGRAMMA_GROEP": "BPIV DIM" }, "geometry": { "type": "Point", "coordinates": [ 194298.998, 199395.929 ] } },
{ "type": "Feature", "properties": { "LOCATIENUMMER": "1260", "STATUS": "In dienst", "INTERACTIVITEIT": "Interactief", "LICHTBRON_GROEP": "LED", "BRANDPROGRAMMA": "BPIV UNI 20-22-23/DIM/4-5-6 VRZA50", "BRANDPROGRAMMA_GROEP": "BPIV DIM" }, "geometry": { "type": "Point", "coordinates": [ 194580.938, 199601.465999999985797 ] } },
{ "type": "Feature", "properties": { "LOCATIENUMMER": "1419", "STATUS": "In dienst", "INTERACTIVITEIT": "Interactief", "LICHTBRON_GROEP": "LED", "BRANDPROGRAMMA": "BPIV UNI 20-22-23/DIM/4-5-6 VRZA50", "BRANDPROGRAMMA_GROEP": "BPIV DIM" }, "geometry": { "type": "Point", "coordinates": [ 194430.99299999998766, 199527.50099999998929 ] } },
{ "type": "Feature", "properties": { "LOCATIENUMMER": "1415", "STATUS": "In dienst", "INTERACTIVITEIT": "Interactief", "LICHTBRON_GROEP": "LED", "BRANDPROGRAMMA": "BPIV UNI 20-22-23/DIM/4-5-6 VRZA50", "BRANDPROGRAMMA_GROEP": "BPIV DIM" }, "geometry": { "type": "Point", "coordinates": [ 194252.055, 199346.073 ] } },
{ "type": "Feature", "properties": { "LOCATIENUMMER": "982", "STATUS": "In dienst", "INTERACTIVITEIT": "Interactief", "LICHTBRON_GROEP": "LED", "BRANDPROGRAMMA": "BPIV UNI 20-22-23/DIM/4-5-6 VRZA50", "BRANDPROGRAMMA_GROEP": "BPIV DIM" }, "geometry": { "type": "Point", "coordinates": [ 194217.87, 199184.616 ] } },
{ "type": "Feature", "properties": { "LOCATIENUMMER": "983", "STATUS": "In dienst", "INTERACTIVITEIT": "Interactief", "LICHTBRON_GROEP": "LED", "BRANDPROGRAMMA": "BPIV UNI 20-22-23/DIM/4-5-6 VRZA50", "BRANDPROGRAMMA_GROEP": "BPIV DIM" }, "geometry": { "type": "Point", "coordinates": [ 194217.87, 199184.616 ] } },
{ "type": "Feature", "properties": { "LOCATIENUMMER": "1411", "STATUS": "In dienst", "INTERACTIVITEIT": "Interactief", "LICHTBRON_GROEP": "LED", "BRANDPROGRAMMA": "BPIV UNI 20-22-23/DIM/4-5-6 VRZA50", "BRANDPROGRAMMA_GROEP": "BPIV DIM" }, "geometry": { "type": "Point", "coordinates": [ 194407.736, 199505.068999999988591 ] } },
{ "type": "Feature", "properties": { "LOCATIENUMMER": "984", "STATUS": "In dienst", "INTERACTIVITEIT": "Interactief", "LICHTBRON_GROEP": "LED", "BRANDPROGRAMMA": "BPIV UNI 20-22-23/DIM/4-5-6 VRZA50", "BRANDPROGRAMMA_GROEP": "BPIV DIM" }, "geometry": { "type": "Point", "coordinates": [ 194237.326, 199131.092 ] } },
{ "type": "Feature", "properties": { "LOCATIENUMMER": "1124", "STATUS": "In dienst", "INTERACTIVITEIT": "Interactief", "LICHTBRON_GROEP": "LED", "BRANDPROGRAMMA": "BPIV UNI 20-22-23/DIM/4-5-6 VRZA50", "BRANDPROGRAMMA_GROEP": "BPIV DIM" }, "geometry": { "type": "Point", "coordinates": [ 194335.473999999987427, 198946.68 ] } },
{ "type": "Feature", "properties": { "LOCATIENUMMER": "1128", "STATUS": "In dienst", "INTERACTIVITEIT": "Interactief", "LICHTBRON_GROEP": "LED", "BRANDPROGRAMMA": "BPIV UNI 20-22-23/DIM/4-5-6 VRZA50", "BRANDPROGRAMMA_GROEP": "BPIV DIM" }, "geometry": { "type": "Point", "coordinates": [ 194388.37599999998929, 198983.147999999986496 ] } },
{ "type": "Feature", "properties": { "LOCATIENUMMER": "877", "STATUS": "In dienst", "INTERACTIVITEIT": "Interactief", "LICHTBRON_GROEP": "LED", "BRANDPROGRAMMA": "BPIV UNI 20-22-23/DIM/4-5-6 VRZA50", "BRANDPROGRAMMA_GROEP": "BPIV DIM" }, "geometry": { "type": "Point", "coordinates": [ 194482.454, 199566.87400000001071 ] } },
{ "type": "Feature", "properties": { "LOCATIENUMMER": "1262", "STATUS": "In dienst", "INTERACTIVITEIT": "Interactief", "LICHTBRON_GROEP": "LED", "BRANDPROGRAMMA": "BPIV UNI 20-22-23/DIM/4-5-6 VRZA50", "BRANDPROGRAMMA_GROEP": "BPIV DIM" }, "geometry": { "type": "Point", "coordinates": [ 194510.096, 199569.003999999986263 ] } },
{ "type": "Feature", "properties": { "LOCATIENUMMER": "1125", "STATUS": "In dienst", "INTERACTIVITEIT": "Interactief", "LICHTBRON_GROEP": "LED", "BRANDPROGRAMMA": "BPIV UNI 20-22-23/DIM/4-5-6 VRZA50", "BRANDPROGRAMMA_GROEP": "BPIV DIM" }, "geometry": { "type": "Point", "coordinates": [ 194357.339, 198916.543 ] } },
{ "type": "Feature", "properties": { "LOCATIENUMMER": "1126", "STATUS": "In dienst", "INTERACTIVITEIT": "Interactief", "LICHTBRON_GROEP": "LED", "BRANDPROGRAMMA": "BPIV UNI 20-22-23/DIM/4-5-6 VRZA50", "BRANDPROGRAMMA_GROEP": "BPIV DIM" }, "geometry": { "type": "Point", "coordinates": [ 194398.177, 198882.671 ] } },
{ "type": "Feature", "properties": { "LOCATIENUMMER": "1050", "STATUS": "In dienst", "INTERACTIVITEIT": "Niet interactief", "LICHTBRON_GROEP": "NAHP", "BRANDPROGRAMMA": "D22H6.30 (Doven)", "BRANDPROGRAMMA_GROEP": "DxxHyy DOV" }, "geometry": { "type": "Point", "coordinates": [ 193562.511999999987893, 198164.50099999998929 ] } },
{ "type": "Feature", "properties": { "LOCATIENUMMER": "1046", "STATUS": "In dienst", "INTERACTIVITEIT": "Interactief-ready", "LICHTBRON_GROEP": "LED", "BRANDPROGRAMMA": "D22H6.30 (Standaard dimmen)", "BRANDPROGRAMMA_GROEP": "DxxHyy DIM" }, "geometry": { "type": "Point", "coordinates": [ 193537.41, 198298.522999999986496 ] } },
{ "type": "Feature", "properties": { "LOCATIENUMMER": "1045", "STATUS": "In dienst", "INTERACTIVITEIT": "Niet interactief", "LICHTBRON_GROEP": "NAHP", "BRANDPROGRAMMA": "N", "BRANDPROGRAMMA_GROEP": "N" }, "geometry": { "type": "Point", "coordinates": [ 193540.115, 198315.980000000010477 ] } },
{ "type": "Feature", "properties": { "LOCATIENUMMER": "4654", "STATUS": "In dienst", "INTERACTIVITEIT": "Interactief", "LICHTBRON_GROEP": "LED", "BRANDPROGRAMMA": "BPIV UNI 20-22-23/DIM/4-5-6 VRZA50", "BRANDPROGRAMMA_GROEP": "BPIV DIM" }, "geometry": { "type": "Point", "coordinates": [ 193561.199, 198449.23499999998603 ] } },
{ "type": "Feature", "properties": { "LOCATIENUMMER": "4653", "STATUS": "In dienst", "INTERACTIVITEIT": "Interactief", "LICHTBRON_GROEP": "LED", "BRANDPROGRAMMA": "BPIV UNI 20-22-23/DIM/4-5-6 VRZA50", "BRANDPROGRAMMA_GROEP": "BPIV DIM" }, "geometry": { "type": "Point", "coordinates": [ 193566.922, 198488.972 ] } },
{ "type": "Feature", "properties": { "LOCATIENUMMER": "4652", "STATUS": "In dienst", "INTERACTIVITEIT": "Interactief", "LICHTBRON_GROEP": "LED", "BRANDPROGRAMMA": "BPIV UNI 20-22-23/DIM/4-5-6 VRZA50", "BRANDPROGRAMMA_GROEP": "BPIV DIM" }, "geometry": { "type": "Point", "coordinates": [ 193572.875, 198530.115 ] } },
{ "type": "Feature", "properties": { "LOCATIENUMMER": "4651", "STATUS": "In dienst", "INTERACTIVITEIT": "Interactief", "LICHTBRON_GROEP": "LED", "BRANDPROGRAMMA": "BPIV UNI 20-22-23/DIM/4-5-6 VRZA50", "BRANDPROGRAMMA_GROEP": "BPIV DIM" }, "geometry": { "type": "Point", "coordinates": [ 193577.855000000010477, 198567.450000000011642 ] } },
{ "type": "Feature", "properties": { "LOCATIENUMMER": "4650", "STATUS": "In dienst", "INTERACTIVITEIT": "Interactief", "LICHTBRON_GROEP": "LED", "BRANDPROGRAMMA": "BPIV UNI 20-22-23/DIM/4-5-6 VRZA50", "BRANDPROGRAMMA_GROEP": "BPIV DIM" }, "geometry": { "type": "Point", "coordinates": [ 193584.041, 198607.883 ] } },
{ "type": "Feature", "properties": { "LOCATIENUMMER": "4649", "STATUS": "In dienst", "INTERACTIVITEIT": "Interactief", "LICHTBRON_GROEP": "LED", "BRANDPROGRAMMA": "BPIV UNI 20-22-23/DIM/4-5-6 VRZA50", "BRANDPROGRAMMA_GROEP": "BPIV DIM" }, "geometry": { "type": "Point", "coordinates": [ 193589.928000000014435, 198648.608 ] } },
{ "type": "Feature", "properties": { "LOCATIENUMMER": "4648", "STATUS": "In dienst", "INTERACTIVITEIT": "Interactief", "LICHTBRON_GROEP": "LED", "BRANDPROGRAMMA": "BPIV UNI 20-22-23/DIM/4-5-6 VRZA50", "BRANDPROGRAMMA_GROEP": "BPIV DIM" }, "geometry": { "type": "Point", "coordinates": [ 193594.325000000011642, 198680.468 ] } },
{ "type": "Feature", "properties": { "LOCATIENUMMER": "758", "STATUS": "In dienst", "INTERACTIVITEIT": "Niet interactief", "LICHTBRON_GROEP": "NAHP", "BRANDPROGRAMMA": "D22H6.30 (Doven)", "BRANDPROGRAMMA_GROEP": "DxxHyy DOV" }, "geometry": { "type": "Point", "coordinates": [ 193602.744, 198827.476 ] } },
{ "type": "Feature", "properties": { "LOCATIENUMMER": "4249", "STATUS": "In dienst", "INTERACTIVITEIT": "Niet interactief", "LICHTBRON_GROEP": "NAHP", "BRANDPROGRAMMA": "N", "BRANDPROGRAMMA_GROEP": "N" }, "geometry": { "type": "Point", "coordinates": [ 193600.047, 198907.065 ] } },
{ "type": "Feature", "properties": { "LOCATIENUMMER": "1049", "STATUS": "In dienst", "INTERACTIVITEIT": "Niet interactief", "LICHTBRON_GROEP": "NAHP", "BRANDPROGRAMMA": "D22H6.30 (Doven)", "BRANDPROGRAMMA_GROEP": "DxxHyy DOV" }, "geometry": { "type": "Point", "coordinates": [ 193537.153, 198236.553000000014435 ] } },
{ "type": "Feature", "properties": { "LOCATIENUMMER": "4247", "STATUS": "In dienst", "INTERACTIVITEIT": "Niet interactief", "LICHTBRON_GROEP": "NAHP", "BRANDPROGRAMMA": "D23H5 (Doven)", "BRANDPROGRAMMA_GROEP": "DxxHyy DOV" }, "geometry": { "type": "Point", "coordinates": [ 193598.913999999989755, 198986.479 ] } },
{ "type": "Feature", "properties": { "LOCATIENUMMER": "4232", "STATUS": "In dienst", "INTERACTIVITEIT": "Niet interactief", "LICHTBRON_GROEP": "NAHP", "BRANDPROGRAMMA": "N", "BRANDPROGRAMMA_GROEP": "N" }, "geometry": { "type": "Point", "coordinates": [ 193605.522, 199143.519999999989523 ] } },
{ "type": "Feature", "properties": { "LOCATIENUMMER": "4230", "STATUS": "In dienst", "INTERACTIVITEIT": "Niet interactief", "LICHTBRON_GROEP": "NAHP", "BRANDPROGRAMMA": "D23H5 (Doven)", "BRANDPROGRAMMA_GROEP": "DxxHyy DOV" }, "geometry": { "type": "Point", "coordinates": [ 193598.203, 199064.227000000013504 ] } },
{ "type": "Feature", "properties": { "LOCATIENUMMER": "1106", "STATUS": "In dienst", "INTERACTIVITEIT": "Niet interactief", "LICHTBRON_GROEP": "NAHP", "BRANDPROGRAMMA": "D22H6.30 (Doven)", "BRANDPROGRAMMA_GROEP": "DxxHyy DOV" }, "geometry": { "type": "Point", "coordinates": [ 194583.208000000013271, 199682.672 ] } },
{ "type": "Feature", "properties": { "LOCATIENUMMER": "1254", "STATUS": "In dienst", "INTERACTIVITEIT": "Interactief", "LICHTBRON_GROEP": "LED", "BRANDPROGRAMMA": "BPIV UNI 20-22-23/DIM/4-5-6 VRZA50", "BRANDPROGRAMMA_GROEP": "BPIV DIM" }, "geometry": { "type": "Point", "coordinates": [ 194673.844000000011874, 199595.233 ] } },
{ "type": "Feature", "properties": { "LOCATIENUMMER": "1291", "STATUS": "In dienst", "INTERACTIVITEIT": "Interactief", "LICHTBRON_GROEP": "LED", "BRANDPROGRAMMA": "BPIV UNI 20-22-23/DIM/4-5-6 VRZA50", "BRANDPROGRAMMA_GROEP": "BPIV DIM" }, "geometry": { "type": "Point", "coordinates": [ 194689.106999999989057, 199571.962 ] } },
{ "type": "Feature", "properties": { "LOCATIENUMMER": "1293", "STATUS": "In dienst", "INTERACTIVITEIT": "Interactief", "LICHTBRON_GROEP": "LED", "BRANDPROGRAMMA": "BPIV UNI 20-22-23/DIM/4-5-6 VRZA50", "BRANDPROGRAMMA_GROEP": "BPIV DIM" }, "geometry": { "type": "Point", "coordinates": [ 194739.592, 199517.76500000001397 ] } },
{ "type": "Feature", "properties": { "LOCATIENUMMER": "1295", "STATUS": "In dienst", "INTERACTIVITEIT": "Niet interactief", "LICHTBRON_GROEP": "MHHP-CR-PGZ12", "BRANDPROGRAMMA": "N", "BRANDPROGRAMMA_GROEP": "N" }, "geometry": { "type": "Point", "coordinates": [ 194761.674999999988358, 199536.269999999989523 ] } },
{ "type": "Feature", "properties": { "LOCATIENUMMER": "1296", "STATUS": "In dienst", "INTERACTIVITEIT": "Interactief", "LICHTBRON_GROEP": "LED", "BRANDPROGRAMMA": "BPIV UNI 20-22-23/DIM/4-5-6 VRZA50", "BRANDPROGRAMMA_GROEP": "BPIV DIM" }, "geometry": { "type": "Point", "coordinates": [ 194764.988000000012107, 199487.799999999988358 ] } },
{ "type": "Feature", "properties": { "LOCATIENUMMER": "1297", "STATUS": "In dienst", "INTERACTIVITEIT": "Interactief", "LICHTBRON_GROEP": "LED", "BRANDPROGRAMMA": "BPIV UNI 20-22-23/DIM/4-5-6 VRZA50", "BRANDPROGRAMMA_GROEP": "BPIV DIM" }, "geometry": { "type": "Point", "coordinates": [ 194784.359, 199455.50700000001234 ] } },
{ "type": "Feature", "properties": { "LOCATIENUMMER": "1299", "STATUS": "In dienst", "INTERACTIVITEIT": "Interactief", "LICHTBRON_GROEP": "LED", "BRANDPROGRAMMA": "BPIV UNI 20-22-23/DIM/4-5-6 VRZA50", "BRANDPROGRAMMA_GROEP": "BPIV DIM" }, "geometry": { "type": "Point", "coordinates": [ 194804.043, 199385.646 ] } },
{ "type": "Feature", "properties": { "LOCATIENUMMER": "1300", "STATUS": "In dienst", "INTERACTIVITEIT": "Interactief", "LICHTBRON_GROEP": "LED", "BRANDPROGRAMMA": "BPIV UNI 20-22-23/DIM/4-5-6 VRZA50", "BRANDPROGRAMMA_GROEP": "BPIV DIM" }, "geometry": { "type": "Point", "coordinates": [ 194807.75, 199349.079 ] } },
{ "type": "Feature", "properties": { "LOCATIENUMMER": "1292", "STATUS": "In dienst", "INTERACTIVITEIT": "Interactief", "LICHTBRON_GROEP": "LED", "BRANDPROGRAMMA": "BPIV UNI 20-22-23/DIM/4-5-6 VRZA50", "BRANDPROGRAMMA_GROEP": "BPIV DIM" }, "geometry": { "type": "Point", "coordinates": [ 194714.16, 199544.701 ] } },
{ "type": "Feature", "properties": { "LOCATIENUMMER": "1298", "STATUS": "In dienst", "INTERACTIVITEIT": "Interactief", "LICHTBRON_GROEP": "LED", "BRANDPROGRAMMA": "BPIV UNI 20-22-23/DIM/4-5-6 VRZA50", "BRANDPROGRAMMA_GROEP": "BPIV DIM" }, "geometry": { "type": "Point", "coordinates": [ 194797.019999999989523, 199422.31 ] } },
{ "type": "Feature", "properties": { "LOCATIENUMMER": "819", "STATUS": "In dienst", "INTERACTIVITEIT": "Interactief", "LICHTBRON_GROEP": "LED", "BRANDPROGRAMMA": "BPIV UNI 20-22-23/DIM/4-5-6 VRZA50", "BRANDPROGRAMMA_GROEP": "BPIV DIM" }, "geometry": { "type": "Point", "coordinates": [ 194841.685, 199054.334 ] } },
{ "type": "Feature", "properties": { "LOCATIENUMMER": "824", "STATUS": "In dienst", "INTERACTIVITEIT": "Interactief", "LICHTBRON_GROEP": "LED", "BRANDPROGRAMMA": "BPIV UNI 20-22-23/DIM/4-5-6 VRZA50", "BRANDPROGRAMMA_GROEP": "BPIV DIM" }, "geometry": { "type": "Point", "coordinates": [ 194814.958000000013271, 199237.68 ] } },
{ "type": "Feature", "properties": { "LOCATIENUMMER": "825", "STATUS": "In dienst", "INTERACTIVITEIT": "Interactief", "LICHTBRON_GROEP": "LED", "BRANDPROGRAMMA": "BPIV UNI 20-22-23/DIM/4-5-6 VRZA50", "BRANDPROGRAMMA_GROEP": "BPIV DIM" }, "geometry": { "type": "Point", "coordinates": [ 194814.6, 199274.067000000010012 ] } },
{ "type": "Feature", "properties": { "LOCATIENUMMER": "826", "STATUS": "In dienst", "INTERACTIVITEIT": "Interactief", "LICHTBRON_GROEP": "LED", "BRANDPROGRAMMA": "BPIV UNI 20-22-23/DIM/4-5-6 VRZA50", "BRANDPROGRAMMA_GROEP": "BPIV DIM" }, "geometry": { "type": "Point", "coordinates": [ 194811.57, 199312.214 ] } },
{ "type": "Feature", "properties": { "LOCATIENUMMER": "818", "STATUS": "In dienst", "INTERACTIVITEIT": "Interactief", "LICHTBRON_GROEP": "LED", "BRANDPROGRAMMA": "BPIV UNI 20-22-23/DIM/4-5-6 VRZA50", "BRANDPROGRAMMA_GROEP": "BPIV DIM" }, "geometry": { "type": "Point", "coordinates": [ 194856.419, 199024.046 ] } },
{ "type": "Feature", "properties": { "LOCATIENUMMER": "821", "STATUS": "In dienst", "INTERACTIVITEIT": "Interactief", "LICHTBRON_GROEP": "LED", "BRANDPROGRAMMA": "BPIV UNI 20-22-23/DIM/4-5-6 VRZA50", "BRANDPROGRAMMA_GROEP": "BPIV DIM" }, "geometry": { "type": "Point", "coordinates": [ 194819.435999999986961, 199128.66 ] } },
{ "type": "Feature", "properties": { "LOCATIENUMMER": "822", "STATUS": "In dienst", "INTERACTIVITEIT": "Interactief", "LICHTBRON_GROEP": "LED", "BRANDPROGRAMMA": "BPIV UNI 20-22-23/DIM/4-5-6 VRZA50", "BRANDPROGRAMMA_GROEP": "BPIV DIM" }, "geometry": { "type": "Point", "coordinates": [ 194815.256, 199163.511999999987893 ] } },
{ "type": "Feature", "properties": { "LOCATIENUMMER": "823", "STATUS": "In dienst", "INTERACTIVITEIT": "Interactief", "LICHTBRON_GROEP": "LED", "BRANDPROGRAMMA": "BPIV UNI 20-22-23/DIM/4-5-6 VRZA50", "BRANDPROGRAMMA_GROEP": "BPIV DIM" }, "geometry": { "type": "Point", "coordinates": [ 194814.88200000001234, 199200.679 ] } },
{ "type": "Feature", "properties": { "LOCATIENUMMER": "773", "STATUS": "In dienst", "INTERACTIVITEIT": "Interactief", "LICHTBRON_GROEP": "LED", "BRANDPROGRAMMA": "BPIV UNI 20-22-23/DIM/4-5-6 VRZA50", "BRANDPROGRAMMA_GROEP": "BPIV DIM" }, "geometry": { "type": "Point", "coordinates": [ 194902.136999999987893, 198857.954999999987194 ] } },
{ "type": "Feature", "properties": { "LOCATIENUMMER": "774", "STATUS": "In dienst", "INTERACTIVITEIT": "Interactief", "LICHTBRON_GROEP": "LED", "BRANDPROGRAMMA": "BPIV UNI 20-22-23/DIM/4-5-6 VRZA50", "BRANDPROGRAMMA_GROEP": "BPIV DIM" }, "geometry": { "type": "Point", "coordinates": [ 194915.173, 198821.184 ] } },
{ "type": "Feature", "properties": { "LOCATIENUMMER": "820", "STATUS": "In dienst", "INTERACTIVITEIT": "Interactief", "LICHTBRON_GROEP": "LED", "BRANDPROGRAMMA": "BPIV UNI 20-22-23/DIM/4-5-6 VRZA50", "BRANDPROGRAMMA_GROEP": "BPIV DIM" }, "geometry": { "type": "Point", "coordinates": [ 194828.783, 199091.805 ] } },
{ "type": "Feature", "properties": { "LOCATIENUMMER": "775", "STATUS": "In dienst", "INTERACTIVITEIT": "Interactief", "LICHTBRON_GROEP": "LED", "BRANDPROGRAMMA": "BPIV UNI 20-22-23/DIM/4-5-6 VRZA50", "BRANDPROGRAMMA_GROEP": "BPIV DIM" }, "geometry": { "type": "Point", "coordinates": [ 194927.571999999985565, 198785.231999999989057 ] } },
{ "type": "Feature", "properties": { "LOCATIENUMMER": "806", "STATUS": "In dienst", "INTERACTIVITEIT": "Interactief", "LICHTBRON_GROEP": "LED", "BRANDPROGRAMMA": "BPIV UNI 20-22-23/DIM/4-5-6 VRZA50", "BRANDPROGRAMMA_GROEP": "BPIV DIM" }, "geometry": { "type": "Point", "coordinates": [ 195011.298, 198830.858 ] } },
{ "type": "Feature", "properties": { "LOCATIENUMMER": "813", "STATUS": "In dienst", "INTERACTIVITEIT": "Interactief", "LICHTBRON_GROEP": "LED", "BRANDPROGRAMMA": "BPIV UNI 20-22-23/DIM/4-5-6 VRZA50", "BRANDPROGRAMMA_GROEP": "BPIV DIM" }, "geometry": { "type": "Point", "coordinates": [ 194851.973, 198996.016 ] } },
{ "type": "Feature", "properties": { "LOCATIENUMMER": "814", "STATUS": "In dienst", "INTERACTIVITEIT": "Interactief", "LICHTBRON_GROEP": "LED", "BRANDPROGRAMMA": "BPIV UNI 20-22-23/DIM/4-5-6 VRZA50", "BRANDPROGRAMMA_GROEP": "BPIV DIM" }, "geometry": { "type": "Point", "coordinates": [ 194843.787000000011176, 199019.807999999989988 ] } },
{ "type": "Feature", "properties": { "LOCATIENUMMER": "816", "STATUS": "In dienst", "INTERACTIVITEIT": "Interactief", "LICHTBRON_GROEP": "LED", "BRANDPROGRAMMA": "BPIV UNI 20-22-23/DIM/4-5-6 VRZA50", "BRANDPROGRAMMA_GROEP": "BPIV DIM" }, "geometry": { "type": "Point", "coordinates": [ 194865.095, 199000.472 ] } },
{ "type": "Feature", "properties": { "LOCATIENUMMER": "792", "STATUS": "In dienst", "INTERACTIVITEIT": "Interactief", "LICHTBRON_GROEP": "LED", "BRANDPROGRAMMA": "BPIV UNI 20-22-23/DIM/4-5-6 VRZA50", "BRANDPROGRAMMA_GROEP": "BPIV DIM" }, "geometry": { "type": "Point", "coordinates": [ 195278.731, 198268.283 ] } },
{ "type": "Feature", "properties": { "LOCATIENUMMER": "769", "STATUS": "In dienst", "INTERACTIVITEIT": "Interactief", "LICHTBRON_GROEP": "LED", "BRANDPROGRAMMA": "BPIV UNI 20-22-23/DIM/4-5-6 VRZA50", "BRANDPROGRAMMA_GROEP": "BPIV DIM" }, "geometry": { "type": "Point", "coordinates": [ 194855.641, 198954.886 ] } },
{ "type": "Feature", "properties": { "LOCATIENUMMER": "770", "STATUS": "In dienst", "INTERACTIVITEIT": "Interactief", "LICHTBRON_GROEP": "LED", "BRANDPROGRAMMA": "BPIV UNI 20-22-23/DIM/4-5-6 VRZA50", "BRANDPROGRAMMA_GROEP": "BPIV DIM" }, "geometry": { "type": "Point", "coordinates": [ 194868.104, 198946.846 ] } },
{ "type": "Feature", "properties": { "LOCATIENUMMER": "810", "STATUS": "In dienst", "INTERACTIVITEIT": "Interactief", "LICHTBRON_GROEP": "LED", "BRANDPROGRAMMA": "BPIV UNI 20-22-23/DIM/4-5-6 VRZA50", "BRANDPROGRAMMA_GROEP": "BPIV DIM" }, "geometry": { "type": "Point", "coordinates": [ 194878.998, 198950.568 ] } },
{ "type": "Feature", "properties": { "LOCATIENUMMER": "771", "STATUS": "In dienst", "INTERACTIVITEIT": "Interactief", "LICHTBRON_GROEP": "LED", "BRANDPROGRAMMA": "BPIV UNI 20-22-23/DIM/4-5-6 VRZA50", "BRANDPROGRAMMA_GROEP": "BPIV DIM" }, "geometry": { "type": "Point", "coordinates": [ 194875.981999999989057, 198924.068999999988591 ] } },
{ "type": "Feature", "properties": { "LOCATIENUMMER": "772", "STATUS": "In dienst", "INTERACTIVITEIT": "Interactief", "LICHTBRON_GROEP": "LED", "BRANDPROGRAMMA": "BPIV UNI 20-22-23/DIM/4-5-6 VRZA50", "BRANDPROGRAMMA_GROEP": "BPIV DIM" }, "geometry": { "type": "Point", "coordinates": [ 194887.142, 198891.943 ] } },
{ "type": "Feature", "properties": { "LOCATIENUMMER": "811", "STATUS": "In dienst", "INTERACTIVITEIT": "Interactief", "LICHTBRON_GROEP": "LED", "BRANDPROGRAMMA": "BPIV UNI 20-22-23/DIM/4-5-6 VRZA50", "BRANDPROGRAMMA_GROEP": "BPIV DIM" }, "geometry": { "type": "Point", "coordinates": [ 194884.277, 198926.848999999987427 ] } },
{ "type": "Feature", "properties": { "LOCATIENUMMER": "865", "STATUS": "In dienst", "INTERACTIVITEIT": "Interactief-ready", "LICHTBRON_GROEP": "LED", "BRANDPROGRAMMA": "N", "BRANDPROGRAMMA_GROEP": "N" }, "geometry": { "type": "Point", "coordinates": [ 194832.162000000011176, 198803.988000000012107 ] } },
{ "type": "Feature", "properties": { "LOCATIENUMMER": "866", "STATUS": "In dienst", "INTERACTIVITEIT": "Interactief-ready", "LICHTBRON_GROEP": "LED", "BRANDPROGRAMMA": "D22H6.30 (Doven)", "BRANDPROGRAMMA_GROEP": "DxxHyy DOV" }, "geometry": { "type": "Point", "coordinates": [ 194873.016, 198784.37599999998929 ] } },
{ "type": "Feature", "properties": { "LOCATIENUMMER": "867", "STATUS": "In dienst", "INTERACTIVITEIT": "Interactief-ready", "LICHTBRON_GROEP": "LED", "BRANDPROGRAMMA": "D22H6.30 (Doven)", "BRANDPROGRAMMA_GROEP": "DxxHyy DOV" }, "geometry": { "type": "Point", "coordinates": [ 194908.516, 198756.397 ] } },
{ "type": "Feature", "properties": { "LOCATIENUMMER": "777", "STATUS": "In dienst", "INTERACTIVITEIT": "Interactief", "LICHTBRON_GROEP": "LED", "BRANDPROGRAMMA": "BPIV UNI 20-22-23/DIM/4-5-6 VRZA50", "BRANDPROGRAMMA_GROEP": "BPIV DIM" }, "geometry": { "type": "Point", "coordinates": [ 194952.381, 198716.108 ] } },
{ "type": "Feature", "properties": { "LOCATIENUMMER": "778", "STATUS": "In dienst", "INTERACTIVITEIT": "Interactief", "LICHTBRON_GROEP": "LED", "BRANDPROGRAMMA": "BPIV UNI 20-22-23/DIM/4-5-6 VRZA50", "BRANDPROGRAMMA_GROEP": "BPIV DIM" }, "geometry": { "type": "Point", "coordinates": [ 194969.746000000013737, 198682.01500000001397 ] } },
{ "type": "Feature", "properties": { "LOCATIENUMMER": "868", "STATUS": "In dienst", "INTERACTIVITEIT": "Interactief-ready", "LICHTBRON_GROEP": "LED", "BRANDPROGRAMMA": "N", "BRANDPROGRAMMA_GROEP": "N" }, "geometry": { "type": "Point", "coordinates": [ 194932.670000000012806, 198738.920000000012806 ] } },
{ "type": "Feature", "properties": { "LOCATIENUMMER": "779", "STATUS": "In dienst", "INTERACTIVITEIT": "Interactief", "LICHTBRON_GROEP": "LED", "BRANDPROGRAMMA": "BPIV UNI 20-22-23/DIM/4-5-6 VRZA50", "BRANDPROGRAMMA_GROEP": "BPIV DIM" }, "geometry": { "type": "Point", "coordinates": [ 194990.518000000010943, 198650.894 ] } },
{ "type": "Feature", "properties": { "LOCATIENUMMER": "779", "STATUS": "In dienst", "INTERACTIVITEIT": "Niet interactief", "LICHTBRON_GROEP": "LED", "BRANDPROGRAMMA": "D22H6.30 (Doven)", "BRANDPROGRAMMA_GROEP": "DxxHyy DOV" }, "geometry": { "type": "Point", "coordinates": [ 194990.518000000010943, 198650.894 ] } },
{ "type": "Feature", "properties": { "LOCATIENUMMER": "780", "STATUS": "In dienst", "INTERACTIVITEIT": "Interactief", "LICHTBRON_GROEP": "LED", "BRANDPROGRAMMA": "BPIV UNI 20-22-23/DIM/4-5-6 VRZA50", "BRANDPROGRAMMA_GROEP": "BPIV DIM" }, "geometry": { "type": "Point", "coordinates": [ 195013.37599999998929, 198620.280999999988126 ] } },
{ "type": "Feature", "properties": { "LOCATIENUMMER": "781", "STATUS": "In dienst", "INTERACTIVITEIT": "Interactief", "LICHTBRON_GROEP": "LED", "BRANDPROGRAMMA": "BPIV UNI 20-22-23/DIM/4-5-6 VRZA50", "BRANDPROGRAMMA_GROEP": "BPIV DIM" }, "geometry": { "type": "Point", "coordinates": [ 195034.846, 198591.459 ] } },
{ "type": "Feature", "properties": { "LOCATIENUMMER": "782", "STATUS": "In dienst", "INTERACTIVITEIT": "Interactief", "LICHTBRON_GROEP": "LED", "BRANDPROGRAMMA": "BPIV UNI 20-22-23/DIM/4-5-6 VRZA50", "BRANDPROGRAMMA_GROEP": "BPIV DIM" }, "geometry": { "type": "Point", "coordinates": [ 195057.094000000011874, 198561.603 ] } },
{ "type": "Feature", "properties": { "LOCATIENUMMER": "783", "STATUS": "In dienst", "INTERACTIVITEIT": "Interactief", "LICHTBRON_GROEP": "LED", "BRANDPROGRAMMA": "BPIV UNI 20-22-23/DIM/4-5-6 VRZA50", "BRANDPROGRAMMA_GROEP": "BPIV DIM" }, "geometry": { "type": "Point", "coordinates": [ 195079.046, 198532.24299999998766 ] } },
{ "type": "Feature", "properties": { "LOCATIENUMMER": "784", "STATUS": "In dienst", "INTERACTIVITEIT": "Interactief", "LICHTBRON_GROEP": "LED", "BRANDPROGRAMMA": "BPIV UNI 20-22-23/DIM/4-5-6 VRZA50", "BRANDPROGRAMMA_GROEP": "BPIV DIM" }, "geometry": { "type": "Point", "coordinates": [ 195099.785, 198504.208000000013271 ] } },
{ "type": "Feature", "properties": { "LOCATIENUMMER": "785", "STATUS": "In dienst", "INTERACTIVITEIT": "Interactief", "LICHTBRON_GROEP": "LED", "BRANDPROGRAMMA": "BPIV UNI 20-22-23/DIM/4-5-6 VRZA50", "BRANDPROGRAMMA_GROEP": "BPIV DIM" }, "geometry": { "type": "Point", "coordinates": [ 195122.230000000010477, 198474.149 ] } },
{ "type": "Feature", "properties": { "LOCATIENUMMER": "786", "STATUS": "In dienst", "INTERACTIVITEIT": "Interactief", "LICHTBRON_GROEP": "LED", "BRANDPROGRAMMA": "BPIV UNI 20-22-23/DIM/4-5-6 VRZA50", "BRANDPROGRAMMA_GROEP": "BPIV DIM" }, "geometry": { "type": "Point", "coordinates": [ 195144.055, 198444.854 ] } },
{ "type": "Feature", "properties": { "LOCATIENUMMER": "787", "STATUS": "In dienst", "INTERACTIVITEIT": "Interactief", "LICHTBRON_GROEP": "LED", "BRANDPROGRAMMA": "BPIV UNI 20-22-23/DIM/4-5-6 VRZA50", "BRANDPROGRAMMA_GROEP": "BPIV DIM" }, "geometry": { "type": "Point", "coordinates": [ 195165.943999999988591, 198414.99900000001071 ] } },
{ "type": "Feature", "properties": { "LOCATIENUMMER": "788", "STATUS": "In dienst", "INTERACTIVITEIT": "Interactief", "LICHTBRON_GROEP": "LED", "BRANDPROGRAMMA": "BPIV UNI 20-22-23/DIM/4-5-6 VRZA50", "BRANDPROGRAMMA_GROEP": "BPIV DIM" }, "geometry": { "type": "Point", "coordinates": [ 195185.965, 198383.771 ] } },
{ "type": "Feature", "properties": { "LOCATIENUMMER": "789", "STATUS": "In dienst", "INTERACTIVITEIT": "Interactief", "LICHTBRON_GROEP": "LED", "BRANDPROGRAMMA": "BPIV UNI 20-22-23/DIM/4-5-6 VRZA50", "BRANDPROGRAMMA_GROEP": "BPIV DIM" }, "geometry": { "type": "Point", "coordinates": [ 195209.037000000011176, 198353.856 ] } },
{ "type": "Feature", "properties": { "LOCATIENUMMER": "790", "STATUS": "In dienst", "INTERACTIVITEIT": "Interactief", "LICHTBRON_GROEP": "LED", "BRANDPROGRAMMA": "BPIV UNI 20-22-23/DIM/4-5-6 VRZA50", "BRANDPROGRAMMA_GROEP": "BPIV DIM" }, "geometry": { "type": "Point", "coordinates": [ 195231.815, 198323.68 ] } },
{ "type": "Feature", "properties": { "LOCATIENUMMER": "791", "STATUS": "In dienst", "INTERACTIVITEIT": "Interactief", "LICHTBRON_GROEP": "LED", "BRANDPROGRAMMA": "BPIV UNI 20-22-23/DIM/4-5-6 VRZA50", "BRANDPROGRAMMA_GROEP": "BPIV DIM" }, "geometry": { "type": "Point", "coordinates": [ 195254.62400000001071, 198295.079 ] } },
{ "type": "Feature", "properties": { "LOCATIENUMMER": "793", "STATUS": "In dienst", "INTERACTIVITEIT": "Interactief", "LICHTBRON_GROEP": "LED", "BRANDPROGRAMMA": "BPIV UNI 20-22-23/DIM/4-5-6 VRZA50", "BRANDPROGRAMMA_GROEP": "BPIV DIM" }, "geometry": { "type": "Point", "coordinates": [ 195302.548, 198238.943 ] } },
{ "type": "Feature", "properties": { "LOCATIENUMMER": "794", "STATUS": "In dienst", "INTERACTIVITEIT": "Interactief", "LICHTBRON_GROEP": "LED", "BRANDPROGRAMMA": "BPIV UNI 20-22-23/DIM/4-5-6 VRZA50", "BRANDPROGRAMMA_GROEP": "BPIV DIM" }, "geometry": { "type": "Point", "coordinates": [ 195322.73499999998603, 198209.919 ] } },
{ "type": "Feature", "properties": { "LOCATIENUMMER": "3311", "STATUS": "In dienst", "INTERACTIVITEIT": "Interactief-ready", "LICHTBRON_GROEP": "LED", "BRANDPROGRAMMA": null, "BRANDPROGRAMMA_GROEP": null }, "geometry": { "type": "Point", "coordinates": [ 195338.443, 198174.24299999998766 ] } },
{ "type": "Feature", "properties": { "LOCATIENUMMER": "3312", "STATUS": "In dienst", "INTERACTIVITEIT": "Interactief", "LICHTBRON_GROEP": "LED", "BRANDPROGRAMMA": "BPIV UNI 20-22-23/DIM/4-5-6 VRZA50", "BRANDPROGRAMMA_GROEP": "BPIV DIM" }, "geometry": { "type": "Point", "coordinates": [ 195352.365, 198141.106 ] } },
{ "type": "Feature", "properties": { "LOCATIENUMMER": "3313", "STATUS": "In dienst", "INTERACTIVITEIT": "Interactief", "LICHTBRON_GROEP": "LED", "BRANDPROGRAMMA": "BPIV UNI 20-22-23/DIM/4-5-6 VRZA50", "BRANDPROGRAMMA_GROEP": "BPIV DIM" }, "geometry": { "type": "Point", "coordinates": [ 195367.171, 198106.089 ] } },
{ "type": "Feature", "properties": { "LOCATIENUMMER": "3314", "STATUS": "In dienst", "INTERACTIVITEIT": "Interactief", "LICHTBRON_GROEP": "LED", "BRANDPROGRAMMA": "BPIV UNI 20-22-23/DIM/4-5-6 VRZA50", "BRANDPROGRAMMA_GROEP": "BPIV DIM" }, "geometry": { "type": "Point", "coordinates": [ 195381.939000000013039, 198071.085 ] } },
{ "type": "Feature", "properties": { "LOCATIENUMMER": "3315", "STATUS": "In dienst", "INTERACTIVITEIT": "Interactief", "LICHTBRON_GROEP": "LED", "BRANDPROGRAMMA": "BPIV UNI 20-22-23/DIM/4-5-6 VRZA50", "BRANDPROGRAMMA_GROEP": "BPIV DIM" }, "geometry": { "type": "Point", "coordinates": [ 195396.73499999998603, 198036.045000000012806 ] } },
{ "type": "Feature", "properties": { "LOCATIENUMMER": "1107", "STATUS": "In dienst", "INTERACTIVITEIT": "Niet interactief", "LICHTBRON_GROEP": "NAHP", "BRANDPROGRAMMA": "N", "BRANDPROGRAMMA_GROEP": "N" }, "geometry": { "type": "Point", "coordinates": [ 194609.248, 199662.621000000013737 ] } },
{ "type": "Feature", "properties": { "LOCATIENUMMER": "1259", "STATUS": "In dienst", "INTERACTIVITEIT": "Interactief", "LICHTBRON_GROEP": "LED", "BRANDPROGRAMMA": "BPIV UNI 20-22-23/DIM/4-5-6 VRZA50", "BRANDPROGRAMMA_GROEP": "BPIV DIM" }, "geometry": { "type": "Point", "coordinates": [ 194617.326, 199618.766 ] } },
{ "type": "Feature", "properties": { "LOCATIENUMMER": "1253", "STATUS": "In dienst", "INTERACTIVITEIT": "Niet interactief", "LICHTBRON_GROEP": "NAHP", "BRANDPROGRAMMA": "N", "BRANDPROGRAMMA_GROEP": "N" }, "geometry": { "type": "Point", "coordinates": [ 194642.005, 199637.025 ] } },
{ "type": "Feature", "properties": { "LOCATIENUMMER": "1252", "STATUS": "In dienst", "INTERACTIVITEIT": "Interactief", "LICHTBRON_GROEP": "LED", "BRANDPROGRAMMA": "BPIV UNI 20-22-23/DIM/4-5-6 VRZA50", "BRANDPROGRAMMA_GROEP": "BPIV DIM" }, "geometry": { "type": "Point", "coordinates": [ 194628.236, 199621.12 ] } },
{ "type": "Feature", "properties": { "LOCATIENUMMER": "1255", "STATUS": "In dienst", "INTERACTIVITEIT": "Interactief", "LICHTBRON_GROEP": "LED", "BRANDPROGRAMMA": "BPIV UNI 20-22-23/DIM/4-5-6 VRZA50", "BRANDPROGRAMMA_GROEP": "BPIV DIM" }, "geometry": { "type": "Point", "coordinates": [ 194621.386, 199598.996000000013737 ] } },
{ "type": "Feature", "properties": { "LOCATIENUMMER": "3618", "STATUS": "In dienst", "INTERACTIVITEIT": "Niet interactief", "LICHTBRON_GROEP": "MHHP-QZ", "BRANDPROGRAMMA": "D22H6.30 (Doven)", "BRANDPROGRAMMA_GROEP": "DxxHyy DOV" }, "geometry": { "type": "Point", "coordinates": [ 198654.019, 197836.337 ] } },
{ "type": "Feature", "properties": { "LOCATIENUMMER": "3622", "STATUS": "In dienst", "INTERACTIVITEIT": "Niet interactief", "LICHTBRON_GROEP": "MHHP-QZ", "BRANDPROGRAMMA": "D22H6.30 (Doven)", "BRANDPROGRAMMA_GROEP": "DxxHyy DOV" }, "geometry": { "type": "Point", "coordinates": [ 198628.817000000010012, 197889.593 ] } },
{ "type": "Feature", "properties": { "LOCATIENUMMER": "3617", "STATUS": "In dienst", "INTERACTIVITEIT": "Niet interactief", "LICHTBRON_GROEP": "MHHP-QZ", "BRANDPROGRAMMA": "N", "BRANDPROGRAMMA_GROEP": "N" }, "geometry": { "type": "Point", "coordinates": [ 198641.989, 197861.763 ] } },
{ "type": "Feature", "properties": { "LOCATIENUMMER": "3514", "STATUS": "In dienst", "INTERACTIVITEIT": "Niet interactief", "LICHTBRON_GROEP": "NAHP", "BRANDPROGRAMMA": "N", "BRANDPROGRAMMA_GROEP": "N" }, "geometry": { "type": "Point", "coordinates": [ 198590.51500000001397, 197924.679 ] } },
{ "type": "Feature", "properties": { "LOCATIENUMMER": "3621", "STATUS": "In dienst", "INTERACTIVITEIT": "Niet interactief", "LICHTBRON_GROEP": "MHHP-QZ", "BRANDPROGRAMMA": "N", "BRANDPROGRAMMA_GROEP": "N" }, "geometry": { "type": "Point", "coordinates": [ 198690.438, 197762.623 ] } },
{ "type": "Feature", "properties": { "LOCATIENUMMER": "3620", "STATUS": "In dienst", "INTERACTIVITEIT": "Niet interactief", "LICHTBRON_GROEP": "MHHP-QZ", "BRANDPROGRAMMA": "D22H6.30 (Doven)", "BRANDPROGRAMMA_GROEP": "DxxHyy DOV" }, "geometry": { "type": "Point", "coordinates": [ 198676.98499999998603, 197787.721 ] } },
{ "type": "Feature", "properties": { "LOCATIENUMMER": "3619", "STATUS": "In dienst", "INTERACTIVITEIT": "Niet interactief", "LICHTBRON_GROEP": "MHHP-QZ", "BRANDPROGRAMMA": "N", "BRANDPROGRAMMA_GROEP": "N" }, "geometry": { "type": "Point", "coordinates": [ 198665.405, 197812.253 ] } },
{ "type": "Feature", "properties": { "LOCATIENUMMER": "1484", "STATUS": "In dienst", "INTERACTIVITEIT": "Interactief", "LICHTBRON_GROEP": "LED", "BRANDPROGRAMMA": "BPIV UNI 20-22-23/DIM/4-5-6 VRZA50", "BRANDPROGRAMMA_GROEP": "BPIV DIM" }, "geometry": { "type": "Point", "coordinates": [ 193069.76, 196815.421 ] } },
{ "type": "Feature", "properties": { "LOCATIENUMMER": "1486", "STATUS": "In dienst", "INTERACTIVITEIT": "Interactief", "LICHTBRON_GROEP": "LED", "BRANDPROGRAMMA": "BPIV UNI 20-22-23/DIM/4-5-6 VRZA50", "BRANDPROGRAMMA_GROEP": "BPIV DIM" }, "geometry": { "type": "Point", "coordinates": [ 192993.981999999989057, 196801.018000000010943 ] } },
{ "type": "Feature", "properties": { "LOCATIENUMMER": "1515", "STATUS": "In dienst", "INTERACTIVITEIT": "Interactief", "LICHTBRON_GROEP": "LED", "BRANDPROGRAMMA": "BPIV UNI 20-22-23/DIM/4-5-6 VRZA50", "BRANDPROGRAMMA_GROEP": "BPIV DIM" }, "geometry": { "type": "Point", "coordinates": [ 192555.856999999989057, 196847.154 ] } },
{ "type": "Feature", "properties": { "LOCATIENUMMER": "1492", "STATUS": "In dienst", "INTERACTIVITEIT": "Interactief", "LICHTBRON_GROEP": "LED", "BRANDPROGRAMMA": "BPIV UNI 20-22-23/DIM/4-5-6 VRZA50", "BRANDPROGRAMMA_GROEP": "BPIV DIM" }, "geometry": { "type": "Point", "coordinates": [ 192762.812, 196785.977000000013504 ] } },
{ "type": "Feature", "properties": { "LOCATIENUMMER": "1489", "STATUS": "In dienst", "INTERACTIVITEIT": "Interactief", "LICHTBRON_GROEP": "LED", "BRANDPROGRAMMA": "BPIV UNI 20-22-23/DIM/4-5-6 VRZA50", "BRANDPROGRAMMA_GROEP": "BPIV DIM" }, "geometry": { "type": "Point", "coordinates": [ 192881.296, 196782.524 ] } },
{ "type": "Feature", "properties": { "LOCATIENUMMER": "2210", "STATUS": "In dienst", "INTERACTIVITEIT": "Niet interactief", "LICHTBRON_GROEP": "NAHP", "BRANDPROGRAMMA": "D22H6.30 (Doven)", "BRANDPROGRAMMA_GROEP": "DxxHyy DOV" }, "geometry": { "type": "Point", "coordinates": [ 192135.106, 195253.348 ] } },
{ "type": "Feature", "properties": { "LOCATIENUMMER": "2207", "STATUS": "In dienst", "INTERACTIVITEIT": "Niet interactief", "LICHTBRON_GROEP": "NAHP", "BRANDPROGRAMMA": "N", "BRANDPROGRAMMA_GROEP": "N" }, "geometry": { "type": "Point", "coordinates": [ 192231.636999999987893, 195150.252 ] } },
{ "type": "Feature", "properties": { "LOCATIENUMMER": "2204", "STATUS": "In dienst", "INTERACTIVITEIT": "Niet interactief", "LICHTBRON_GROEP": "NAHP", "BRANDPROGRAMMA": "D22H6.30 (Doven)", "BRANDPROGRAMMA_GROEP": "DxxHyy DOV" }, "geometry": { "type": "Point", "coordinates": [ 192313.603, 195070.636 ] } },
{ "type": "Feature", "properties": { "LOCATIENUMMER": "2179", "STATUS": "In dienst", "INTERACTIVITEIT": "Niet interactief", "LICHTBRON_GROEP": "NAHP", "BRANDPROGRAMMA": "D22H6.30 (Doven)", "BRANDPROGRAMMA_GROEP": "DxxHyy DOV" }, "geometry": { "type": "Point", "coordinates": [ 192504.782, 194854.787000000011176 ] } },
{ "type": "Feature", "properties": { "LOCATIENUMMER": "2212", "STATUS": "In dienst", "INTERACTIVITEIT": "Niet interactief", "LICHTBRON_GROEP": "NAHP", "BRANDPROGRAMMA": "N", "BRANDPROGRAMMA_GROEP": "N" }, "geometry": { "type": "Point", "coordinates": [ 192084.59, 195323.136999999987893 ] } },
{ "type": "Feature", "properties": { "LOCATIENUMMER": "2100", "STATUS": "In dienst", "INTERACTIVITEIT": "Niet interactief", "LICHTBRON_GROEP": "NAHP", "BRANDPROGRAMMA": "N", "BRANDPROGRAMMA_GROEP": "N" }, "geometry": { "type": "Point", "coordinates": [ 193071.899, 195467.271 ] } },
{ "type": "Feature", "properties": { "LOCATIENUMMER": "2098", "STATUS": "In dienst", "INTERACTIVITEIT": "Niet interactief", "LICHTBRON_GROEP": "NAHP", "BRANDPROGRAMMA": "N", "BRANDPROGRAMMA_GROEP": "N" }, "geometry": { "type": "Point", "coordinates": [ 193081.517, 195426.336000000010245 ] } },
{ "type": "Feature", "properties": { "LOCATIENUMMER": "2102", "STATUS": "In dienst", "INTERACTIVITEIT": "Niet interactief", "LICHTBRON_GROEP": "NAHP", "BRANDPROGRAMMA": "N", "BRANDPROGRAMMA_GROEP": "N" }, "geometry": { "type": "Point", "coordinates": [ 193052.799, 195546.840999999985797 ] } },
{ "type": "Feature", "properties": { "LOCATIENUMMER": "2096", "STATUS": "In dienst", "INTERACTIVITEIT": "Niet interactief", "LICHTBRON_GROEP": "NAHP", "BRANDPROGRAMMA": "N", "BRANDPROGRAMMA_GROEP": "N" }, "geometry": { "type": "Point", "coordinates": [ 193168.343, 195461.977000000013504 ] } },
{ "type": "Feature", "properties": { "LOCATIENUMMER": "2148", "STATUS": "In dienst", "INTERACTIVITEIT": "Interactief", "LICHTBRON_GROEP": "LED", "BRANDPROGRAMMA": "BPIV UNI 20-22-23/DIM/4-5-6 VRZA50", "BRANDPROGRAMMA_GROEP": "BPIV DIM" }, "geometry": { "type": "Point", "coordinates": [ 193058.348, 195306.653 ] } },
{ "type": "Feature", "properties": { "LOCATIENUMMER": "2151", "STATUS": "In dienst", "INTERACTIVITEIT": "Interactief", "LICHTBRON_GROEP": "LED", "BRANDPROGRAMMA": "BPIV UNI 20-22-23/DIM/4-5-6 VRZA50", "BRANDPROGRAMMA_GROEP": "BPIV DIM" }, "geometry": { "type": "Point", "coordinates": [ 192961.421, 195439.027 ] } },
{ "type": "Feature", "properties": { "LOCATIENUMMER": "2152", "STATUS": "In dienst", "INTERACTIVITEIT": "Interactief", "LICHTBRON_GROEP": "LED", "BRANDPROGRAMMA": "BPIV UNI 20-22-23/DIM/4-5-6 VRZA50", "BRANDPROGRAMMA_GROEP": "BPIV DIM" }, "geometry": { "type": "Point", "coordinates": [ 192983.055, 195403.696 ] } },
{ "type": "Feature", "properties": { "LOCATIENUMMER": "2153", "STATUS": "In dienst", "INTERACTIVITEIT": "Interactief", "LICHTBRON_GROEP": "LED", "BRANDPROGRAMMA": "BPIV UNI 20-22-23/DIM/4-5-6 VRZA50", "BRANDPROGRAMMA_GROEP": "BPIV DIM" }, "geometry": { "type": "Point", "coordinates": [ 193002.821999999985565, 195370.46 ] } },
{ "type": "Feature", "properties": { "LOCATIENUMMER": "2154", "STATUS": "In dienst", "INTERACTIVITEIT": "Interactief", "LICHTBRON_GROEP": "LED", "BRANDPROGRAMMA": "BPIV UNI 20-22-23/DIM/4-5-6 VRZA50", "BRANDPROGRAMMA_GROEP": "BPIV DIM" }, "geometry": { "type": "Point", "coordinates": [ 193021.829, 195338.478 ] } },
{ "type": "Feature", "properties": { "LOCATIENUMMER": "2165", "STATUS": "In dienst", "INTERACTIVITEIT": "Niet interactief", "LICHTBRON_GROEP": "NAHP", "BRANDPROGRAMMA": "N", "BRANDPROGRAMMA_GROEP": "N" }, "geometry": { "type": "Point", "coordinates": [ 192931.514, 195514.916 ] } },
{ "type": "Feature", "properties": { "LOCATIENUMMER": "2155", "STATUS": "In dienst", "INTERACTIVITEIT": "Interactief", "LICHTBRON_GROEP": "LED", "BRANDPROGRAMMA": "BPIV UNI 20-22-23/DIM/4-5-6 VRZA50", "BRANDPROGRAMMA_GROEP": "BPIV DIM" }, "geometry": { "type": "Point", "coordinates": [ 193032.438, 195302.730000000010477 ] } },
{ "type": "Feature", "properties": { "LOCATIENUMMER": "2171", "STATUS": "In dienst", "INTERACTIVITEIT": "Interactief-ready", "LICHTBRON_GROEP": "LED", "BRANDPROGRAMMA": "D22H6.30 (Doven)", "BRANDPROGRAMMA_GROEP": "DxxHyy DOV" }, "geometry": { "type": "Point", "coordinates": [ 193026.91, 195286.622 ] } },
{ "type": "Feature", "properties": { "LOCATIENUMMER": "2147", "STATUS": "In dienst", "INTERACTIVITEIT": "Interactief", "LICHTBRON_GROEP": "LED", "BRANDPROGRAMMA": "BPIV UNI 20-22-23/DIM/4-5-6 VRZA50", "BRANDPROGRAMMA_GROEP": "BPIV DIM" }, "geometry": { "type": "Point", "coordinates": [ 193118.492, 195295.426 ] } },
{ "type": "Feature", "properties": { "LOCATIENUMMER": "2409", "STATUS": "In dienst", "INTERACTIVITEIT": "Interactief", "LICHTBRON_GROEP": "LED", "BRANDPROGRAMMA": "BPIV UNI 20-22-23/DIM/4-5-6 VRZA50", "BRANDPROGRAMMA_GROEP": "BPIV DIM" }, "geometry": { "type": "Point", "coordinates": [ 193124.801, 195274.967 ] } },
{ "type": "Feature", "properties": { "LOCATIENUMMER": "2123", "STATUS": "In dienst", "INTERACTIVITEIT": "Interactief", "LICHTBRON_GROEP": "LED", "BRANDPROGRAMMA": "BPIV UNI 20-22-23/DIM/4-5-6 VRZA50", "BRANDPROGRAMMA_GROEP": "BPIV DIM" }, "geometry": { "type": "Point", "coordinates": [ 193161.312, 195292.335 ] } },
{ "type": "Feature", "properties": { "LOCATIENUMMER": "2149", "STATUS": "In dienst", "INTERACTIVITEIT": "Interactief", "LICHTBRON_GROEP": "LED", "BRANDPROGRAMMA": "BPIV UNI 20-22-23/DIM/4-5-6 VRZA50", "BRANDPROGRAMMA_GROEP": "BPIV DIM" }, "geometry": { "type": "Point", "coordinates": [ 192928.214, 195500.35999999998603 ] } },
{ "type": "Feature", "properties": { "LOCATIENUMMER": "2150", "STATUS": "In dienst", "INTERACTIVITEIT": "Interactief", "LICHTBRON_GROEP": "LED", "BRANDPROGRAMMA": "BPIV UNI 20-22-23/DIM/4-5-6 VRZA50", "BRANDPROGRAMMA_GROEP": "BPIV DIM" }, "geometry": { "type": "Point", "coordinates": [ 192942.152, 195474.214 ] } },
{ "type": "Feature", "properties": { "LOCATIENUMMER": "798", "STATUS": "In dienst", "INTERACTIVITEIT": "Niet interactief", "LICHTBRON_GROEP": "NAHP", "BRANDPROGRAMMA": "N", "BRANDPROGRAMMA_GROEP": "N" }, "geometry": { "type": "Point", "coordinates": [ 195394.441, 198391.674 ] } },
{ "type": "Feature", "properties": { "LOCATIENUMMER": "801", "STATUS": "In dienst", "INTERACTIVITEIT": "Niet interactief", "LICHTBRON_GROEP": "NAHP", "BRANDPROGRAMMA": "D22H6.30 (Doven)", "BRANDPROGRAMMA_GROEP": "DxxHyy DOV" }, "geometry": { "type": "Point", "coordinates": [ 195511.708000000013271, 198508.53 ] } },
{ "type": "Feature", "properties": { "LOCATIENUMMER": "803", "STATUS": "In dienst", "INTERACTIVITEIT": "Niet interactief", "LICHTBRON_GROEP": "NAHP", "BRANDPROGRAMMA": "N", "BRANDPROGRAMMA_GROEP": "N" }, "geometry": { "type": "Point", "coordinates": [ 195592.125, 198565.443 ] } },
{ "type": "Feature", "properties": { "LOCATIENUMMER": "2448", "STATUS": "In dienst", "INTERACTIVITEIT": "Interactief", "LICHTBRON_GROEP": "LED", "BRANDPROGRAMMA": "BPIV UNI 20-22-23/DIM/4-5-6 VRZA50", "BRANDPROGRAMMA_GROEP": "BPIV DIM" }, "geometry": { "type": "Point", "coordinates": [ 191546.261999999987893, 194784.979 ] } },
{ "type": "Feature", "properties": { "LOCATIENUMMER": "4100", "STATUS": "In dienst", "INTERACTIVITEIT": "Interactief", "LICHTBRON_GROEP": "LED", "BRANDPROGRAMMA": "BPIV UNI 20-22-23/DIM/4-5-6 VRZA50", "BRANDPROGRAMMA_GROEP": "BPIV DIM" }, "geometry": { "type": "Point", "coordinates": [ 193924.173, 198896.386 ] } },
{ "type": "Feature", "properties": { "LOCATIENUMMER": "4094", "STATUS": "In dienst", "INTERACTIVITEIT": "Interactief", "LICHTBRON_GROEP": "LED", "BRANDPROGRAMMA": "BPIV UNI 20-22-23/DIM/4-5-6 VRZA50", "BRANDPROGRAMMA_GROEP": "BPIV DIM" }, "geometry": { "type": "Point", "coordinates": [ 193905.238000000012107, 198728.950000000011642 ] } },
{ "type": "Feature", "properties": { "LOCATIENUMMER": "4097", "STATUS": "In dienst", "INTERACTIVITEIT": "Interactief", "LICHTBRON_GROEP": "LED", "BRANDPROGRAMMA": "BPIV UNI 20-22-23/DIM/4-5-6 VRZA50", "BRANDPROGRAMMA_GROEP": "BPIV DIM" }, "geometry": { "type": "Point", "coordinates": [ 193910.057999999989988, 198772.272999999986496 ] } },
{ "type": "Feature", "properties": { "LOCATIENUMMER": "4063", "STATUS": "In dienst", "INTERACTIVITEIT": "Interactief", "LICHTBRON_GROEP": "LED", "BRANDPROGRAMMA": "BPIV UNI 20-22-23/DIM/4-5-6 VRZA50", "BRANDPROGRAMMA_GROEP": "BPIV DIM" }, "geometry": { "type": "Point", "coordinates": [ 193857.413, 198662.052 ] } },
{ "type": "Feature", "properties": { "LOCATIENUMMER": "4092", "STATUS": "In dienst", "INTERACTIVITEIT": "Interactief", "LICHTBRON_GROEP": "LED", "BRANDPROGRAMMA": "BPIV UNI 20-22-23/DIM/4-5-6 VRZA50", "BRANDPROGRAMMA_GROEP": "BPIV DIM" }, "geometry": { "type": "Point", "coordinates": [ 193881.612, 198578.670000000012806 ] } },
{ "type": "Feature", "properties": { "LOCATIENUMMER": "4095", "STATUS": "In dienst", "INTERACTIVITEIT": "Interactief", "LICHTBRON_GROEP": "LED", "BRANDPROGRAMMA": "BPIV UNI 20-22-23/DIM/4-5-6 VRZA50", "BRANDPROGRAMMA_GROEP": "BPIV DIM" }, "geometry": { "type": "Point", "coordinates": [ 193900.979, 198691.682999999989988 ] } },
{ "type": "Feature", "properties": { "LOCATIENUMMER": "4091", "STATUS": "In dienst", "INTERACTIVITEIT": "Interactief", "LICHTBRON_GROEP": "LED", "BRANDPROGRAMMA": "BPIV UNI 20-22-23/DIM/4-5-6 VRZA50", "BRANDPROGRAMMA_GROEP": "BPIV DIM" }, "geometry": { "type": "Point", "coordinates": [ 193869.480000000010477, 198545.043 ] } },
{ "type": "Feature", "properties": { "LOCATIENUMMER": "755", "STATUS": "In dienst", "INTERACTIVITEIT": "Niet interactief", "LICHTBRON_GROEP": "NAHP", "BRANDPROGRAMMA": "N", "BRANDPROGRAMMA_GROEP": "N" }, "geometry": { "type": "Point", "coordinates": [ 193892.655, 198944.37599999998929 ] } },
{ "type": "Feature", "properties": { "LOCATIENUMMER": "4093", "STATUS": "In dienst", "INTERACTIVITEIT": "Interactief", "LICHTBRON_GROEP": "LED", "BRANDPROGRAMMA": "BPIV UNI 20-22-23/DIM/4-5-6 VRZA50", "BRANDPROGRAMMA_GROEP": "BPIV DIM" }, "geometry": { "type": "Point", "coordinates": [ 193897.263, 198652.772 ] } },
{ "type": "Feature", "properties": { "LOCATIENUMMER": "4096", "STATUS": "In dienst", "INTERACTIVITEIT": "Interactief", "LICHTBRON_GROEP": "LED", "BRANDPROGRAMMA": "BPIV UNI 20-22-23/DIM/4-5-6 VRZA50", "BRANDPROGRAMMA_GROEP": "BPIV DIM" }, "geometry": { "type": "Point", "coordinates": [ 193891.454999999987194, 198617.87 ] } },
{ "type": "Feature", "properties": { "LOCATIENUMMER": "4099", "STATUS": "In dienst", "INTERACTIVITEIT": "Interactief", "LICHTBRON_GROEP": "LED", "BRANDPROGRAMMA": "BPIV UNI 20-22-23/DIM/4-5-6 VRZA50", "BRANDPROGRAMMA_GROEP": "BPIV DIM" }, "geometry": { "type": "Point", "coordinates": [ 193919.005, 198852.075000000011642 ] } },
{ "type": "Feature", "properties": { "LOCATIENUMMER": "1036", "STATUS": "In dienst", "INTERACTIVITEIT": "Interactief-ready", "LICHTBRON_GROEP": "LED", "BRANDPROGRAMMA": "D22H6.30 (Doven)", "BRANDPROGRAMMA_GROEP": "DxxHyy DOV" }, "geometry": { "type": "Point", "coordinates": [ 193760.578, 198377.674999999988358 ] } },
{ "type": "Feature", "properties": { "LOCATIENUMMER": "4109", "STATUS": "In dienst", "INTERACTIVITEIT": "Interactief", "LICHTBRON_GROEP": "LED", "BRANDPROGRAMMA": "BPIV UNI 20-22-23/DIM/4-5-6 VRZA50", "BRANDPROGRAMMA_GROEP": "BPIV DIM" }, "geometry": { "type": "Point", "coordinates": [ 193834.807, 198473.802 ] } },
{ "type": "Feature", "properties": { "LOCATIENUMMER": "4106", "STATUS": "In dienst", "INTERACTIVITEIT": "Interactief", "LICHTBRON_GROEP": "LED", "BRANDPROGRAMMA": "BPIV UNI 20-22-23/DIM/4-5-6 VRZA50", "BRANDPROGRAMMA_GROEP": "BPIV DIM" }, "geometry": { "type": "Point", "coordinates": [ 193807.854, 198441.454999999987194 ] } },
{ "type": "Feature", "properties": { "LOCATIENUMMER": "1037", "STATUS": "In dienst", "INTERACTIVITEIT": "Interactief", "LICHTBRON_GROEP": "LED", "BRANDPROGRAMMA": "BPIV UNI 20-22-23/DIM/4-5-6 VRZA50", "BRANDPROGRAMMA_GROEP": "BPIV DIM" }, "geometry": { "type": "Point", "coordinates": [ 193784.473999999987427, 198410.666 ] } },
{ "type": "Feature", "properties": { "LOCATIENUMMER": "1035", "STATUS": "In dienst", "INTERACTIVITEIT": "Interactief-ready", "LICHTBRON_GROEP": "LED", "BRANDPROGRAMMA": "D22H6.30 (Doven)", "BRANDPROGRAMMA_GROEP": "DxxHyy DOV" }, "geometry": { "type": "Point", "coordinates": [ 193736.435, 198345.271 ] } },
{ "type": "Feature", "properties": { "LOCATIENUMMER": "1034", "STATUS": "In dienst", "INTERACTIVITEIT": "Interactief-ready", "LICHTBRON_GROEP": "LED", "BRANDPROGRAMMA": "N", "BRANDPROGRAMMA_GROEP": "N" }, "geometry": { "type": "Point", "coordinates": [ 193711.309, 198311.092 ] } },
{ "type": "Feature", "properties": { "LOCATIENUMMER": "1033", "STATUS": "In dienst", "INTERACTIVITEIT": "Interactief-ready", "LICHTBRON_GROEP": "LED", "BRANDPROGRAMMA": "D22H6.30 (Doven)", "BRANDPROGRAMMA_GROEP": "DxxHyy DOV" }, "geometry": { "type": "Point", "coordinates": [ 193686.394999999989523, 198277.291999999986729 ] } },
{ "type": "Feature", "properties": { "LOCATIENUMMER": "1032", "STATUS": "In dienst", "INTERACTIVITEIT": "Interactief-ready", "LICHTBRON_GROEP": "LED", "BRANDPROGRAMMA": "D22H6.30 (Doven)", "BRANDPROGRAMMA_GROEP": "DxxHyy DOV" }, "geometry": { "type": "Point", "coordinates": [ 193660.104, 198244.195 ] } },
{ "type": "Feature", "properties": { "LOCATIENUMMER": "1031", "STATUS": "In dienst", "INTERACTIVITEIT": "Interactief-ready", "LICHTBRON_GROEP": "LED", "BRANDPROGRAMMA": "N", "BRANDPROGRAMMA_GROEP": "N" }, "geometry": { "type": "Point", "coordinates": [ 193635.404, 198208.574 ] } },
{ "type": "Feature", "properties": { "LOCATIENUMMER": "1028", "STATUS": "In dienst", "INTERACTIVITEIT": "Niet interactief", "LICHTBRON_GROEP": "MHHP-QZ", "BRANDPROGRAMMA": "N", "BRANDPROGRAMMA_GROEP": "N" }, "geometry": { "type": "Point", "coordinates": [ 193609.916999999986729, 198175.359 ] } },
{ "type": "Feature", "properties": { "LOCATIENUMMER": "1029", "STATUS": "In dienst", "INTERACTIVITEIT": "Niet interactief", "LICHTBRON_GROEP": "MHHP-QZ", "BRANDPROGRAMMA": "N", "BRANDPROGRAMMA_GROEP": "N" }, "geometry": { "type": "Point", "coordinates": [ 193602.49299999998766, 198178.614 ] } },
{ "type": "Feature", "properties": { "LOCATIENUMMER": "4098", "STATUS": "In dienst", "INTERACTIVITEIT": "Interactief", "LICHTBRON_GROEP": "LED", "BRANDPROGRAMMA": "BPIV UNI 20-22-23/DIM/4-5-6 VRZA50", "BRANDPROGRAMMA_GROEP": "BPIV DIM" }, "geometry": { "type": "Point", "coordinates": [ 193914.609, 198812.568 ] } },
{ "type": "Feature", "properties": { "LOCATIENUMMER": "1042", "STATUS": "In dienst", "INTERACTIVITEIT": "Niet interactief", "LICHTBRON_GROEP": "NAHP", "BRANDPROGRAMMA": "N", "BRANDPROGRAMMA_GROEP": "N" }, "geometry": { "type": "Point", "coordinates": [ 193596.989, 198391.719000000011874 ] } },
{ "type": "Feature", "properties": { "LOCATIENUMMER": "7", "STATUS": "In dienst", "INTERACTIVITEIT": "Niet interactief", "LICHTBRON_GROEP": "NAHP", "BRANDPROGRAMMA": "N", "BRANDPROGRAMMA_GROEP": "N" }, "geometry": { "type": "Point", "coordinates": [ 193558.204, 198409.192000000010012 ] } },
{ "type": "Feature", "properties": { "LOCATIENUMMER": "1038", "STATUS": "In dienst", "INTERACTIVITEIT": "Niet interactief", "LICHTBRON_GROEP": "NAHP", "BRANDPROGRAMMA": "D22H6.30 (Doven)", "BRANDPROGRAMMA_GROEP": "DxxHyy DOV" }, "geometry": { "type": "Point", "coordinates": [ 193742.077, 198406.813 ] } },
{ "type": "Feature", "properties": { "LOCATIENUMMER": "1051", "STATUS": "In dienst", "INTERACTIVITEIT": "Niet interactief", "LICHTBRON_GROEP": "NAHP", "BRANDPROGRAMMA": "N", "BRANDPROGRAMMA_GROEP": "N" }, "geometry": { "type": "Point", "coordinates": [ 193482.995, 198439.405999999988126 ] } },
{ "type": "Feature", "properties": { "LOCATIENUMMER": "1053", "STATUS": "In dienst", "INTERACTIVITEIT": "Niet interactief", "LICHTBRON_GROEP": "NAHP", "BRANDPROGRAMMA": "D22H6.30 (Doven)", "BRANDPROGRAMMA_GROEP": "DxxHyy DOV" }, "geometry": { "type": "Point", "coordinates": [ 193407.356, 198418.726 ] } },
{ "type": "Feature", "properties": { "LOCATIENUMMER": "1055", "STATUS": "In dienst", "INTERACTIVITEIT": "Niet interactief", "LICHTBRON_GROEP": "NAHP", "BRANDPROGRAMMA": "D22H6.30 (Doven)", "BRANDPROGRAMMA_GROEP": "DxxHyy DOV" }, "geometry": { "type": "Point", "coordinates": [ 193338.465, 198393.551 ] } },
{ "type": "Feature", "properties": { "LOCATIENUMMER": "1040", "STATUS": "In dienst", "INTERACTIVITEIT": "Niet interactief", "LICHTBRON_GROEP": "NAHP", "BRANDPROGRAMMA": "D22H6.30 (Doven)", "BRANDPROGRAMMA_GROEP": "DxxHyy DOV" }, "geometry": { "type": "Point", "coordinates": [ 193672.666999999986729, 198397.668 ] } },
{ "type": "Feature", "properties": { "LOCATIENUMMER": "999", "STATUS": "In dienst", "INTERACTIVITEIT": "Niet interactief", "LICHTBRON_GROEP": "NAHP", "BRANDPROGRAMMA": "D22H6.30 (Doven)", "BRANDPROGRAMMA_GROEP": "DxxHyy DOV" }, "geometry": { "type": "Point", "coordinates": [ 193318.057, 198154.437 ] } },
{ "type": "Feature", "properties": { "LOCATIENUMMER": "1714", "STATUS": "In dienst", "INTERACTIVITEIT": "Interactief", "LICHTBRON_GROEP": "LED", "BRANDPROGRAMMA": "BPIV UNI 20-22-23/DIM/4-5-6 VRZA50", "BRANDPROGRAMMA_GROEP": "BPIV DIM" }, "geometry": { "type": "Point", "coordinates": [ 193654.298, 195436.674 ] } },
{ "type": "Feature", "properties": { "LOCATIENUMMER": "1658", "STATUS": "In dienst", "INTERACTIVITEIT": "Interactief", "LICHTBRON_GROEP": "LED", "BRANDPROGRAMMA": "BPIV UNI 20-22-23/DIM/4-5-6 VRZA50", "BRANDPROGRAMMA_GROEP": "BPIV DIM" }, "geometry": { "type": "Point", "coordinates": [ 193742.842, 195432.734 ] } },
{ "type": "Feature", "properties": { "LOCATIENUMMER": "1715", "STATUS": "In dienst", "INTERACTIVITEIT": "Interactief", "LICHTBRON_GROEP": "LED", "BRANDPROGRAMMA": "BPIV UNI 20-22-23/DOV/4-5-6 VRZA50", "BRANDPROGRAMMA_GROEP": "BPIV DOV WEEKEND" }, "geometry": { "type": "Point", "coordinates": [ 193641.147, 195445.598999999987427 ] } },
{ "type": "Feature", "properties": { "LOCATIENUMMER": "1668", "STATUS": "In dienst", "INTERACTIVITEIT": "Interactief", "LICHTBRON_GROEP": "LED", "BRANDPROGRAMMA": "BPIV UNI 20-22-23/DIM/4-5-6 VRZA50", "BRANDPROGRAMMA_GROEP": "BPIV DIM" }, "geometry": { "type": "Point", "coordinates": [ 193597.636, 195346.814000000013039 ] } },
{ "type": "Feature", "properties": { "LOCATIENUMMER": "144", "STATUS": "In dienst", "INTERACTIVITEIT": "Interactief", "LICHTBRON_GROEP": "LED", "BRANDPROGRAMMA": "BPIV UNI 20-22-23/DIM/4-5-6 VRZA50", "BRANDPROGRAMMA_GROEP": "BPIV DIM" }, "geometry": { "type": "Point", "coordinates": [ 199036.884, 197472.372 ] } },
{ "type": "Feature", "properties": { "LOCATIENUMMER": "143", "STATUS": "In dienst", "INTERACTIVITEIT": "Interactief", "LICHTBRON_GROEP": "LED", "BRANDPROGRAMMA": "BPIV UNI 20-22-23/DIM/4-5-6 VRZA50", "BRANDPROGRAMMA_GROEP": "BPIV DIM" }, "geometry": { "type": "Point", "coordinates": [ 199042.063, 197432.443999999988591 ] } },
{ "type": "Feature", "properties": { "LOCATIENUMMER": "4006", "STATUS": "In dienst", "INTERACTIVITEIT": "Interactief", "LICHTBRON_GROEP": "LED", "BRANDPROGRAMMA": "BPIV UNI 20-22-23/DIM/4-5-6 VRZA50", "BRANDPROGRAMMA_GROEP": "BPIV DIM" }, "geometry": { "type": "Point", "coordinates": [ 195743.019, 196728.276000000012573 ] } },
{ "type": "Feature", "properties": { "LOCATIENUMMER": "4022", "STATUS": "In dienst", "INTERACTIVITEIT": "Interactief", "LICHTBRON_GROEP": "LED", "BRANDPROGRAMMA": "BPIV UNI 20-22-23/DIM/4-5-6 VRZA50", "BRANDPROGRAMMA_GROEP": "BPIV DIM" }, "geometry": { "type": "Point", "coordinates": [ 195781.083000000013271, 196731.217 ] } },
{ "type": "Feature", "properties": { "LOCATIENUMMER": "4004", "STATUS": "In dienst", "INTERACTIVITEIT": "Interactief", "LICHTBRON_GROEP": "LED", "BRANDPROGRAMMA": "BPIV UNI 20-22-23/DIM/4-5-6 VRZA50", "BRANDPROGRAMMA_GROEP": "BPIV DIM" }, "geometry": { "type": "Point", "coordinates": [ 195678.405999999988126, 196725.43 ] } },
{ "type": "Feature", "properties": { "LOCATIENUMMER": "4005", "STATUS": "In dienst", "INTERACTIVITEIT": "Interactief", "LICHTBRON_GROEP": "LED", "BRANDPROGRAMMA": "BPIV UNI 20-22-23/DIM/4-5-6 VRZA50", "BRANDPROGRAMMA_GROEP": "BPIV DIM" }, "geometry": { "type": "Point", "coordinates": [ 195711.222, 196726.924 ] } },
{ "type": "Feature", "properties": { "LOCATIENUMMER": "2922", "STATUS": "In dienst", "INTERACTIVITEIT": "Interactief", "LICHTBRON_GROEP": "LED", "BRANDPROGRAMMA": "BPIV UNI 20-22-23/DIM/4-5-6 VRZA50", "BRANDPROGRAMMA_GROEP": "BPIV DIM" }, "geometry": { "type": "Point", "coordinates": [ 194062.581, 195377.043 ] } },
{ "type": "Feature", "properties": { "LOCATIENUMMER": "2944", "STATUS": "In dienst", "INTERACTIVITEIT": "Interactief", "LICHTBRON_GROEP": "LED", "BRANDPROGRAMMA": "BPIV UNI 20-22-23/DIM/4-5-6 VRZA50", "BRANDPROGRAMMA_GROEP": "BPIV DIM" }, "geometry": { "type": "Point", "coordinates": [ 194066.886999999987893, 195494.655999999988126 ] } },
{ "type": "Feature", "properties": { "LOCATIENUMMER": "2943", "STATUS": "In dienst", "INTERACTIVITEIT": "Interactief", "LICHTBRON_GROEP": "LED", "BRANDPROGRAMMA": "BPIV UNI 20-22-23/DIM/4-5-6 VRZA50", "BRANDPROGRAMMA_GROEP": "BPIV DIM" }, "geometry": { "type": "Point", "coordinates": [ 194068.306000000011409, 195527.174 ] } },
{ "type": "Feature", "properties": { "LOCATIENUMMER": "2646", "STATUS": "In dienst", "INTERACTIVITEIT": "Interactief", "LICHTBRON_GROEP": "LED", "BRANDPROGRAMMA": "BPIV UNI 20-22-23/DIM/4-5-6 VRZA50", "BRANDPROGRAMMA_GROEP": "BPIV DIM" }, "geometry": { "type": "Point", "coordinates": [ 194073.538, 195898.950000000011642 ] } },
{ "type": "Feature", "properties": { "LOCATIENUMMER": "2948", "STATUS": "In dienst", "INTERACTIVITEIT": "Interactief", "LICHTBRON_GROEP": "LED", "BRANDPROGRAMMA": "BPIV UNI 20-22-23/DIM/4-5-6 VRZA50", "BRANDPROGRAMMA_GROEP": "BPIV DIM" }, "geometry": { "type": "Point", "coordinates": [ 194050.147, 195579.302 ] } },
{ "type": "Feature", "properties": { "LOCATIENUMMER": "2663", "STATUS": "In dienst", "INTERACTIVITEIT": "Interactief", "LICHTBRON_GROEP": "LED", "BRANDPROGRAMMA": "BPIV UNI 20-22-23/DIM/4-5-6 VRZA50", "BRANDPROGRAMMA_GROEP": "BPIV DIM" }, "geometry": { "type": "Point", "coordinates": [ 194069.641, 195592.104 ] } },
{ "type": "Feature", "properties": { "LOCATIENUMMER": "2921", "STATUS": "In dienst", "INTERACTIVITEIT": "Interactief", "LICHTBRON_GROEP": "LED", "BRANDPROGRAMMA": "BPIV UNI 20-22-23/DIM/4-5-6 VRZA50", "BRANDPROGRAMMA_GROEP": "BPIV DIM" }, "geometry": { "type": "Point", "coordinates": [ 194064.225, 195419.56 ] } },
{ "type": "Feature", "properties": { "LOCATIENUMMER": "2672", "STATUS": "In dienst", "INTERACTIVITEIT": "Niet interactief", "LICHTBRON_GROEP": "NAHP", "BRANDPROGRAMMA": "D22H6.30 (Doven)", "BRANDPROGRAMMA_GROEP": "DxxHyy DOV" }, "geometry": { "type": "Point", "coordinates": [ 194078.96, 196354.568 ] } },
{ "type": "Feature", "properties": { "LOCATIENUMMER": "2662", "STATUS": "In dienst", "INTERACTIVITEIT": "Interactief", "LICHTBRON_GROEP": "LED", "BRANDPROGRAMMA": "BPIV UNI 20-22-23/DIM/4-5-6 VRZA50", "BRANDPROGRAMMA_GROEP": "BPIV DIM" }, "geometry": { "type": "Point", "coordinates": [ 194063.23499999998603, 195676.839 ] } },
{ "type": "Feature", "properties": { "LOCATIENUMMER": "2661", "STATUS": "In dienst", "INTERACTIVITEIT": "Interactief", "LICHTBRON_GROEP": "LED", "BRANDPROGRAMMA": "BPIV UNI 20-22-23/DIM/4-5-6 VRZA50", "BRANDPROGRAMMA_GROEP": "BPIV DIM" }, "geometry": { "type": "Point", "coordinates": [ 194058.785, 195728.317000000010012 ] } },
{ "type": "Feature", "properties": { "LOCATIENUMMER": "2659", "STATUS": "In dienst", "INTERACTIVITEIT": "Interactief", "LICHTBRON_GROEP": "LED", "BRANDPROGRAMMA": "BPIV UNI 20-22-23/DIM/4-5-6 VRZA50", "BRANDPROGRAMMA_GROEP": "BPIV DIM" }, "geometry": { "type": "Point", "coordinates": [ 194067.343, 195817.839 ] } },
{ "type": "Feature", "properties": { "LOCATIENUMMER": "2658", "STATUS": "In dienst", "INTERACTIVITEIT": "Interactief", "LICHTBRON_GROEP": "LED", "BRANDPROGRAMMA": "BPIV UNI 20-22-23/DIM/4-5-6 VRZA50", "BRANDPROGRAMMA_GROEP": "BPIV DIM" }, "geometry": { "type": "Point", "coordinates": [ 194067.393000000010943, 195859.839 ] } },
{ "type": "Feature", "properties": { "LOCATIENUMMER": "1937", "STATUS": "In dienst", "INTERACTIVITEIT": "Interactief", "LICHTBRON_GROEP": "LED", "BRANDPROGRAMMA": "BPIV UNI 20-22-23/DIM/4-5-6 VRZA50", "BRANDPROGRAMMA_GROEP": "BPIV DIM" }, "geometry": { "type": "Point", "coordinates": [ 194070.901000000012573, 195963.954999999987194 ] } },
{ "type": "Feature", "properties": { "LOCATIENUMMER": "2648", "STATUS": "In dienst", "INTERACTIVITEIT": "Interactief", "LICHTBRON_GROEP": "LED", "BRANDPROGRAMMA": "BPIV UNI 20-22-23/DIM/4-5-6 VRZA50", "BRANDPROGRAMMA_GROEP": "BPIV DIM" }, "geometry": { "type": "Point", "coordinates": [ 194096.147999999986496, 195973.085 ] } },
{ "type": "Feature", "properties": { "LOCATIENUMMER": "2650", "STATUS": "In dienst", "INTERACTIVITEIT": "Interactief", "LICHTBRON_GROEP": "LED", "BRANDPROGRAMMA": "BPIV UNI 20-22-23/DIM/4-5-6 VRZA50", "BRANDPROGRAMMA_GROEP": "BPIV DIM" }, "geometry": { "type": "Point", "coordinates": [ 194115.35999999998603, 196056.081 ] } },
{ "type": "Feature", "properties": { "LOCATIENUMMER": "2652", "STATUS": "In dienst", "INTERACTIVITEIT": "Interactief", "LICHTBRON_GROEP": "LED", "BRANDPROGRAMMA": "BPIV UNI 20-22-23/DIM/4-5-6 VRZA50", "BRANDPROGRAMMA_GROEP": "BPIV DIM" }, "geometry": { "type": "Point", "coordinates": [ 194102.155, 196120.383 ] } },
{ "type": "Feature", "properties": { "LOCATIENUMMER": "2945", "STATUS": "In dienst", "INTERACTIVITEIT": "Interactief", "LICHTBRON_GROEP": "LED", "BRANDPROGRAMMA": "BPIV UNI 20-22-23/DIM/4-5-6 VRZA50", "BRANDPROGRAMMA_GROEP": "BPIV DIM" }, "geometry": { "type": "Point", "coordinates": [ 194065.592, 195456.782 ] } },
{ "type": "Feature", "properties": { "LOCATIENUMMER": "2655", "STATUS": "In dienst", "INTERACTIVITEIT": "Interactief", "LICHTBRON_GROEP": "LED", "BRANDPROGRAMMA": "BPIV UNI 20-22-23/DIM/4-5-6 VRZA50", "BRANDPROGRAMMA_GROEP": "BPIV DIM" }, "geometry": { "type": "Point", "coordinates": [ 194061.37400000001071, 196205.546 ] } },
{ "type": "Feature", "properties": { "LOCATIENUMMER": "2657", "STATUS": "In dienst", "INTERACTIVITEIT": "Interactief", "LICHTBRON_GROEP": "LED", "BRANDPROGRAMMA": "BPIV UNI 20-22-23/DIM/4-5-6 VRZA50", "BRANDPROGRAMMA_GROEP": "BPIV DIM" }, "geometry": { "type": "Point", "coordinates": [ 194065.063, 196291.060999999986961 ] } },
{ "type": "Feature", "properties": { "LOCATIENUMMER": "1710", "STATUS": "In dienst", "INTERACTIVITEIT": "Interactief", "LICHTBRON_GROEP": "LED", "BRANDPROGRAMMA": "BPIV UNI 20-22-23/DIM/4-5-6 VRZA50", "BRANDPROGRAMMA_GROEP": "BPIV DIM" }, "geometry": { "type": "Point", "coordinates": [ 193269.478, 195133.439000000013039 ] } },
{ "type": "Feature", "properties": { "LOCATIENUMMER": "1711", "STATUS": "In dienst", "INTERACTIVITEIT": "Interactief", "LICHTBRON_GROEP": "LED", "BRANDPROGRAMMA": "BPIV UNI 20-22-23/DIM/4-5-6 VRZA50", "BRANDPROGRAMMA_GROEP": "BPIV DIM" }, "geometry": { "type": "Point", "coordinates": [ 193277.886, 195099.426 ] } },
{ "type": "Feature", "properties": { "LOCATIENUMMER": "1712", "STATUS": "In dienst", "INTERACTIVITEIT": "Interactief", "LICHTBRON_GROEP": "LED", "BRANDPROGRAMMA": "BPIV UNI 20-22-23/DIM/4-5-6 VRZA50", "BRANDPROGRAMMA_GROEP": "BPIV DIM" }, "geometry": { "type": "Point", "coordinates": [ 193281.799999999988358, 195064.386999999987893 ] } },
{ "type": "Feature", "properties": { "LOCATIENUMMER": "1707", "STATUS": "In dienst", "INTERACTIVITEIT": "Interactief", "LICHTBRON_GROEP": "LED", "BRANDPROGRAMMA": "BPIV UNI 20-22-23/DIM/4-5-6 VRZA50", "BRANDPROGRAMMA_GROEP": "BPIV DIM" }, "geometry": { "type": "Point", "coordinates": [ 193240.824, 195218.13 ] } },
{ "type": "Feature", "properties": { "LOCATIENUMMER": "1717", "STATUS": "In dienst", "INTERACTIVITEIT": "Interactief", "LICHTBRON_GROEP": "LED", "BRANDPROGRAMMA": "BPIV UNI 20-22-23/DIM/4-5-6 VRZA50", "BRANDPROGRAMMA_GROEP": "BPIV DIM" }, "geometry": { "type": "Point", "coordinates": [ 193298.464, 195041.555 ] } },
{ "type": "Feature", "properties": { "LOCATIENUMMER": "1718", "STATUS": "In dienst", "INTERACTIVITEIT": "Interactief", "LICHTBRON_GROEP": "LED", "BRANDPROGRAMMA": "BPIV UNI 20-22-23/DIM/4-5-6 VRZA50", "BRANDPROGRAMMA_GROEP": "BPIV DIM" }, "geometry": { "type": "Point", "coordinates": [ 193302.123, 195000.475 ] } },
{ "type": "Feature", "properties": { "LOCATIENUMMER": "1720", "STATUS": "In dienst", "INTERACTIVITEIT": "Interactief", "LICHTBRON_GROEP": "LED", "BRANDPROGRAMMA": "BPIV UNI 20-22-23/DIM/4-5-6 VRZA50", "BRANDPROGRAMMA_GROEP": "BPIV DIM" }, "geometry": { "type": "Point", "coordinates": [ 193287.739, 194990.16 ] } },
{ "type": "Feature", "properties": { "LOCATIENUMMER": "1708", "STATUS": "In dienst", "INTERACTIVITEIT": "Interactief", "LICHTBRON_GROEP": "LED", "BRANDPROGRAMMA": "BPIV UNI 20-22-23/DIM/4-5-6 VRZA50", "BRANDPROGRAMMA_GROEP": "BPIV DIM" }, "geometry": { "type": "Point", "coordinates": [ 193252.679, 195201.396 ] } },
{ "type": "Feature", "properties": { "LOCATIENUMMER": "1719", "STATUS": "In dienst", "INTERACTIVITEIT": "Interactief", "LICHTBRON_GROEP": "LED", "BRANDPROGRAMMA": "BPIV UNI 20-22-23/DIM/4-5-6 VRZA50", "BRANDPROGRAMMA_GROEP": "BPIV DIM" }, "geometry": { "type": "Point", "coordinates": [ 193327.598, 194992.986 ] } },
{ "type": "Feature", "properties": { "LOCATIENUMMER": "1709", "STATUS": "In dienst", "INTERACTIVITEIT": "Interactief", "LICHTBRON_GROEP": "LED", "BRANDPROGRAMMA": "BPIV UNI 20-22-23/DIM/4-5-6 VRZA50", "BRANDPROGRAMMA_GROEP": "BPIV DIM" }, "geometry": { "type": "Point", "coordinates": [ 193261.054, 195167.49 ] } },
{ "type": "Feature", "properties": { "LOCATIENUMMER": "1656", "STATUS": "In dienst", "INTERACTIVITEIT": "Interactief", "LICHTBRON_GROEP": "LED", "BRANDPROGRAMMA": "BPIV UNI 20-22-23/DIM/4-5-6 VRZA50", "BRANDPROGRAMMA_GROEP": "BPIV DIM" }, "geometry": { "type": "Point", "coordinates": [ 193855.573, 195295.852000000013504 ] } },
{ "type": "Feature", "properties": { "LOCATIENUMMER": "1653", "STATUS": "In dienst", "INTERACTIVITEIT": "Interactief", "LICHTBRON_GROEP": "LED", "BRANDPROGRAMMA": "BPIV UNI 20-22-23/DIM/4-5-6 VRZA50", "BRANDPROGRAMMA_GROEP": "BPIV DIM" }, "geometry": { "type": "Point", "coordinates": [ 193756.877, 195314.155999999988126 ] } },
{ "type": "Feature", "properties": { "LOCATIENUMMER": "2400", "STATUS": "In dienst", "INTERACTIVITEIT": "Interactief", "LICHTBRON_GROEP": "LED", "BRANDPROGRAMMA": "BPIV UNI 20-22-23/DOV/4-5-6 VRZA50", "BRANDPROGRAMMA_GROEP": "BPIV DOV WEEKEND" }, "geometry": { "type": "Point", "coordinates": [ 193856.647, 195211.139 ] } },
{ "type": "Feature", "properties": { "LOCATIENUMMER": "1654", "STATUS": "In dienst", "INTERACTIVITEIT": "Interactief", "LICHTBRON_GROEP": "LED", "BRANDPROGRAMMA": "BPIV UNI 20-22-23/DIM/4-5-6 VRZA50", "BRANDPROGRAMMA_GROEP": "BPIV DIM" }, "geometry": { "type": "Point", "coordinates": [ 193791.862, 195309.477000000013504 ] } },
{ "type": "Feature", "properties": { "LOCATIENUMMER": "2181", "STATUS": "In dienst", "INTERACTIVITEIT": "Niet interactief", "LICHTBRON_GROEP": "NAHP", "BRANDPROGRAMMA": "N", "BRANDPROGRAMMA_GROEP": "N" }, "geometry": { "type": "Point", "coordinates": [ 192509.603, 194778.238000000012107 ] } },
{ "type": "Feature", "properties": { "LOCATIENUMMER": "2188", "STATUS": "In dienst", "INTERACTIVITEIT": "Niet interactief", "LICHTBRON_GROEP": "NALP", "BRANDPROGRAMMA": "N", "BRANDPROGRAMMA_GROEP": "N" }, "geometry": { "type": "Point", "coordinates": [ 192253.295000000012806, 194678.904 ] } },
{ "type": "Feature", "properties": { "LOCATIENUMMER": "2196", "STATUS": "In dienst", "INTERACTIVITEIT": "Niet interactief", "LICHTBRON_GROEP": "NALP", "BRANDPROGRAMMA": "N", "BRANDPROGRAMMA_GROEP": "N" }, "geometry": { "type": "Point", "coordinates": [ 191978.927, 194536.303000000014435 ] } },
{ "type": "Feature", "properties": { "LOCATIENUMMER": "2194", "STATUS": "In dienst", "INTERACTIVITEIT": "Niet interactief", "LICHTBRON_GROEP": "NALP", "BRANDPROGRAMMA": "N", "BRANDPROGRAMMA_GROEP": "N" }, "geometry": { "type": "Point", "coordinates": [ 192033.102000000013504, 194615.471 ] } },
{ "type": "Feature", "properties": { "LOCATIENUMMER": "1850", "STATUS": "In dienst", "INTERACTIVITEIT": "Interactief", "LICHTBRON_GROEP": "LED", "BRANDPROGRAMMA": "BPIV UNI 20-22-23/DIM/4-5-6 VRZA50", "BRANDPROGRAMMA_GROEP": "BPIV DIM" }, "geometry": { "type": "Point", "coordinates": [ 191785.446, 194141.480000000010477 ] } },
{ "type": "Feature", "properties": { "LOCATIENUMMER": "1780", "STATUS": "In dienst", "INTERACTIVITEIT": "Interactief", "LICHTBRON_GROEP": "LED", "BRANDPROGRAMMA": "BPIV UNI 20-22-23/DIM/4-5-6 VRZA50", "BRANDPROGRAMMA_GROEP": "BPIV DIM" }, "geometry": { "type": "Point", "coordinates": [ 192722.737, 194844.94 ] } },
{ "type": "Feature", "properties": { "LOCATIENUMMER": "2184", "STATUS": "In dienst", "INTERACTIVITEIT": "Niet interactief", "LICHTBRON_GROEP": "NALP", "BRANDPROGRAMMA": "D22H6.30 (Doven)", "BRANDPROGRAMMA_GROEP": "DxxHyy DOV" }, "geometry": { "type": "Point", "coordinates": [ 192415.021, 194724.049 ] } },
{ "type": "Feature", "properties": { "LOCATIENUMMER": "2191", "STATUS": "In dienst", "INTERACTIVITEIT": "Niet interactief", "LICHTBRON_GROEP": "NALP", "BRANDPROGRAMMA": "D22H6.30 (Doven)", "BRANDPROGRAMMA_GROEP": "DxxHyy DOV" }, "geometry": { "type": "Point", "coordinates": [ 192142.742, 194646.991 ] } },
{ "type": "Feature", "properties": { "LOCATIENUMMER": "3306", "STATUS": "In dienst", "INTERACTIVITEIT": "Interactief", "LICHTBRON_GROEP": "LED", "BRANDPROGRAMMA": "BPIV UNI 20-22-23/DIM/4-5-6 VRZA50", "BRANDPROGRAMMA_GROEP": "BPIV DIM" }, "geometry": { "type": "Point", "coordinates": [ 195333.744, 197149.323 ] } },
{ "type": "Feature", "properties": { "LOCATIENUMMER": "3304", "STATUS": "In dienst", "INTERACTIVITEIT": "Interactief", "LICHTBRON_GROEP": "LED", "BRANDPROGRAMMA": "BPIV UNI 20-22-23/DIM/4-5-6 VRZA50", "BRANDPROGRAMMA_GROEP": "BPIV DIM" }, "geometry": { "type": "Point", "coordinates": [ 195095.237, 197364.904 ] } },
{ "type": "Feature", "properties": { "LOCATIENUMMER": "3299", "STATUS": "In dienst", "INTERACTIVITEIT": "Interactief", "LICHTBRON_GROEP": "LED", "BRANDPROGRAMMA": "BPIV UNI 20-22-23/DIM/4-5-6 VRZA50", "BRANDPROGRAMMA_GROEP": "BPIV DIM" }, "geometry": { "type": "Point", "coordinates": [ 195296.358, 197377.702 ] } },
{ "type": "Feature", "properties": { "LOCATIENUMMER": "3289", "STATUS": "In dienst", "INTERACTIVITEIT": "Interactief", "LICHTBRON_GROEP": "LED", "BRANDPROGRAMMA": "BPIV UNI 20-22-23/DIM/4-5-6 VRZA50", "BRANDPROGRAMMA_GROEP": "BPIV DIM" }, "geometry": { "type": "Point", "coordinates": [ 195479.848, 197284.766 ] } },
{ "type": "Feature", "properties": { "LOCATIENUMMER": "3292", "STATUS": "In dienst", "INTERACTIVITEIT": "Interactief", "LICHTBRON_GROEP": "LED", "BRANDPROGRAMMA": "BPIV UNI 20-22-23/DIM/4-5-6 VRZA50", "BRANDPROGRAMMA_GROEP": "BPIV DIM" }, "geometry": { "type": "Point", "coordinates": [ 195400.283, 197263.079 ] } },
{ "type": "Feature", "properties": { "LOCATIENUMMER": "3295", "STATUS": "In dienst", "INTERACTIVITEIT": "Interactief", "LICHTBRON_GROEP": "LED", "BRANDPROGRAMMA": "BPIV UNI 20-22-23/DIM/4-5-6 VRZA50", "BRANDPROGRAMMA_GROEP": "BPIV DIM" }, "geometry": { "type": "Point", "coordinates": [ 195320.856999999989057, 197237.525 ] } },
{ "type": "Feature", "properties": { "LOCATIENUMMER": "3302", "STATUS": "In dienst", "INTERACTIVITEIT": "Interactief", "LICHTBRON_GROEP": "LED", "BRANDPROGRAMMA": "BPIV UNI 20-22-23/DIM/4-5-6 VRZA50", "BRANDPROGRAMMA_GROEP": "BPIV DIM" }, "geometry": { "type": "Point", "coordinates": [ 195169.75700000001234, 197371.636999999987893 ] } },
{ "type": "Feature", "properties": { "LOCATIENUMMER": "4213", "STATUS": "In dienst", "INTERACTIVITEIT": "Interactief", "LICHTBRON_GROEP": "LED", "BRANDPROGRAMMA": "BPIV UNI 20-22-23/DIM/4-5-6 VRZA50", "BRANDPROGRAMMA_GROEP": "BPIV DIM" }, "geometry": { "type": "Point", "coordinates": [ 191966.829999999987194, 196004.123 ] } },
{ "type": "Feature", "properties": { "LOCATIENUMMER": "3403", "STATUS": "In dienst", "INTERACTIVITEIT": "Interactief-ready", "LICHTBRON_GROEP": "LED", "BRANDPROGRAMMA": "D22H6.30 (Doven)", "BRANDPROGRAMMA_GROEP": "DxxHyy DOV" }, "geometry": { "type": "Point", "coordinates": [ 195950.231999999989057, 197219.775 ] } },
{ "type": "Feature", "properties": { "LOCATIENUMMER": "3469", "STATUS": "In dienst", "INTERACTIVITEIT": "Interactief-ready", "LICHTBRON_GROEP": "LED", "BRANDPROGRAMMA": "D22H6.30 (Doven)", "BRANDPROGRAMMA_GROEP": "DxxHyy DOV" }, "geometry": { "type": "Point", "coordinates": [ 196057.825000000011642, 197201.01 ] } },
{ "type": "Feature", "properties": { "LOCATIENUMMER": "3404", "STATUS": "In dienst", "INTERACTIVITEIT": "Interactief-ready", "LICHTBRON_GROEP": "LED", "BRANDPROGRAMMA": "N", "BRANDPROGRAMMA_GROEP": "N" }, "geometry": { "type": "Point", "coordinates": [ 195989.775, 197228.99299999998766 ] } },
{ "type": "Feature", "properties": { "LOCATIENUMMER": "3495", "STATUS": "In dienst", "INTERACTIVITEIT": "Interactief-ready", "LICHTBRON_GROEP": "LED", "BRANDPROGRAMMA": "D22H6.30 (Doven)", "BRANDPROGRAMMA_GROEP": "DxxHyy DOV" }, "geometry": { "type": "Point", "coordinates": [ 196063.393000000010943, 197245.714 ] } },
{ "type": "Feature", "properties": { "LOCATIENUMMER": "3405", "STATUS": "In dienst", "INTERACTIVITEIT": "Interactief-ready", "LICHTBRON_GROEP": "LED", "BRANDPROGRAMMA": "D22H6.30 (Doven)", "BRANDPROGRAMMA_GROEP": "DxxHyy DOV" }, "geometry": { "type": "Point", "coordinates": [ 196026.672, 197237.446999999985565 ] } },
{ "type": "Feature", "properties": { "LOCATIENUMMER": "3470", "STATUS": "In dienst", "INTERACTIVITEIT": "Interactief-ready", "LICHTBRON_GROEP": "LED", "BRANDPROGRAMMA": "N", "BRANDPROGRAMMA_GROEP": "N" }, "geometry": { "type": "Point", "coordinates": [ 196082.44, 197206.662000000011176 ] } },
{ "type": "Feature", "properties": { "LOCATIENUMMER": "3471", "STATUS": "In dienst", "INTERACTIVITEIT": "Interactief-ready", "LICHTBRON_GROEP": "LED", "BRANDPROGRAMMA": "D22H6.30 (Doven)", "BRANDPROGRAMMA_GROEP": "DxxHyy DOV" }, "geometry": { "type": "Point", "coordinates": [ 196105.737, 197212.083000000013271 ] } },
{ "type": "Feature", "properties": { "LOCATIENUMMER": "3472", "STATUS": "In dienst", "INTERACTIVITEIT": "Interactief-ready", "LICHTBRON_GROEP": "LED", "BRANDPROGRAMMA": "N", "BRANDPROGRAMMA_GROEP": "N" }, "geometry": { "type": "Point", "coordinates": [ 196118.91, 197229.200000000011642 ] } },
{ "type": "Feature", "properties": { "LOCATIENUMMER": "3496", "STATUS": "In dienst", "INTERACTIVITEIT": "Interactief-ready", "LICHTBRON_GROEP": "LED", "BRANDPROGRAMMA": "N", "BRANDPROGRAMMA_GROEP": "N" }, "geometry": { "type": "Point", "coordinates": [ 196100.687, 197252.378 ] } },
{ "type": "Feature", "properties": { "LOCATIENUMMER": "3462", "STATUS": "In dienst", "INTERACTIVITEIT": "Niet interactief", "LICHTBRON_GROEP": "NALP", "BRANDPROGRAMMA": "N", "BRANDPROGRAMMA_GROEP": "N" }, "geometry": { "type": "Point", "coordinates": [ 196138.726, 197263.549 ] } },
{ "type": "Feature", "properties": { "LOCATIENUMMER": "3497", "STATUS": "In dienst", "INTERACTIVITEIT": "Interactief-ready", "LICHTBRON_GROEP": "LED", "BRANDPROGRAMMA": "D22H6.30 (Doven)", "BRANDPROGRAMMA_GROEP": "DxxHyy DOV" }, "geometry": { "type": "Point", "coordinates": [ 196135.498, 197242.619 ] } },
{ "type": "Feature", "properties": { "LOCATIENUMMER": "3498", "STATUS": "In dienst", "INTERACTIVITEIT": "Interactief-ready", "LICHTBRON_GROEP": "LED", "BRANDPROGRAMMA": "D22H6.30 (Doven)", "BRANDPROGRAMMA_GROEP": "DxxHyy DOV" }, "geometry": { "type": "Point", "coordinates": [ 196171.663999999989755, 197230.158 ] } },
{ "type": "Feature", "properties": { "LOCATIENUMMER": "3501", "STATUS": "In dienst", "INTERACTIVITEIT": "Interactief-ready", "LICHTBRON_GROEP": "LED", "BRANDPROGRAMMA": "D22H6.30 (Doven)", "BRANDPROGRAMMA_GROEP": "DxxHyy DOV" }, "geometry": { "type": "Point", "coordinates": [ 196290.34, 197230.413 ] } },
{ "type": "Feature", "properties": { "LOCATIENUMMER": "3493", "STATUS": "In dienst", "INTERACTIVITEIT": "Interactief-ready", "LICHTBRON_GROEP": "LED", "BRANDPROGRAMMA": "D22H6.30 (Doven)", "BRANDPROGRAMMA_GROEP": "DxxHyy DOV" }, "geometry": { "type": "Point", "coordinates": [ 196334.801, 197209.821 ] } },
{ "type": "Feature", "properties": { "LOCATIENUMMER": "3499", "STATUS": "In dienst", "INTERACTIVITEIT": "Interactief-ready", "LICHTBRON_GROEP": "LED", "BRANDPROGRAMMA": "N", "BRANDPROGRAMMA_GROEP": "N" }, "geometry": { "type": "Point", "coordinates": [ 196210.469000000011874, 197222.696999999985565 ] } },
{ "type": "Feature", "properties": { "LOCATIENUMMER": "3785", "STATUS": "In dienst", "INTERACTIVITEIT": "Interactief-ready", "LICHTBRON_GROEP": "LED", "BRANDPROGRAMMA": "D22H6.30 (Doven)", "BRANDPROGRAMMA_GROEP": "DxxHyy DOV" }, "geometry": { "type": "Point", "coordinates": [ 196357.214, 197237.422 ] } },
{ "type": "Feature", "properties": { "LOCATIENUMMER": "3500", "STATUS": "In dienst", "INTERACTIVITEIT": "Interactief-ready", "LICHTBRON_GROEP": "LED", "BRANDPROGRAMMA": "D22H6.30 (Doven)", "BRANDPROGRAMMA_GROEP": "DxxHyy DOV" }, "geometry": { "type": "Point", "coordinates": [ 196249.496000000013737, 197225.885 ] } },
{ "type": "Feature", "properties": { "LOCATIENUMMER": "3494", "STATUS": "In dienst", "INTERACTIVITEIT": "Interactief-ready", "LICHTBRON_GROEP": "LED", "BRANDPROGRAMMA": "N", "BRANDPROGRAMMA_GROEP": "N" }, "geometry": { "type": "Point", "coordinates": [ 196316.715999999985797, 197251.627 ] } },
{ "type": "Feature", "properties": { "LOCATIENUMMER": "3786", "STATUS": "In dienst", "INTERACTIVITEIT": "Interactief-ready", "LICHTBRON_GROEP": "LED", "BRANDPROGRAMMA": "D22H6.30 (Doven)", "BRANDPROGRAMMA_GROEP": "DxxHyy DOV" }, "geometry": { "type": "Point", "coordinates": [ 196392.171, 197240.987 ] } },
{ "type": "Feature", "properties": { "LOCATIENUMMER": "768", "STATUS": "In dienst", "INTERACTIVITEIT": "Interactief", "LICHTBRON_GROEP": "LED", "BRANDPROGRAMMA": "BPIV UNI 20-22-23/DIM/4-5-6 VRZA50", "BRANDPROGRAMMA_GROEP": "BPIV DIM" }, "geometry": { "type": "Point", "coordinates": [ 194819.929, 198936.62400000001071 ] } },
{ "type": "Feature", "properties": { "LOCATIENUMMER": "849", "STATUS": "In dienst", "INTERACTIVITEIT": "Interactief", "LICHTBRON_GROEP": "LED", "BRANDPROGRAMMA": "BPIV UNI 20-22-23/DIM/4-5-6 VRZA50", "BRANDPROGRAMMA_GROEP": "BPIV DIM" }, "geometry": { "type": "Point", "coordinates": [ 194640.973999999987427, 198858.891 ] } },
{ "type": "Feature", "properties": { "LOCATIENUMMER": "1156", "STATUS": "In dienst", "INTERACTIVITEIT": "Interactief", "LICHTBRON_GROEP": "LED", "BRANDPROGRAMMA": "BPIV UNI 20-22-23/DIM/4-5-6 VRZA50", "BRANDPROGRAMMA_GROEP": "BPIV DIM" }, "geometry": { "type": "Point", "coordinates": [ 194614.869, 199041.65 ] } },
{ "type": "Feature", "properties": { "LOCATIENUMMER": "859", "STATUS": "In dienst", "INTERACTIVITEIT": "Interactief", "LICHTBRON_GROEP": "LED", "BRANDPROGRAMMA": "BPIV UNI 20-22-23/DIM/4-5-6 VRZA50", "BRANDPROGRAMMA_GROEP": "BPIV DIM" }, "geometry": { "type": "Point", "coordinates": [ 194581.899, 198837.432 ] } },
{ "type": "Feature", "properties": { "LOCATIENUMMER": "848", "STATUS": "In dienst", "INTERACTIVITEIT": "Interactief", "LICHTBRON_GROEP": "LED", "BRANDPROGRAMMA": "BPIV UNI 20-22-23/DIM/4-5-6 VRZA50", "BRANDPROGRAMMA_GROEP": "BPIV DIM" }, "geometry": { "type": "Point", "coordinates": [ 194679.965, 198876.394999999989523 ] } },
{ "type": "Feature", "properties": { "LOCATIENUMMER": "857", "STATUS": "In dienst", "INTERACTIVITEIT": "Interactief", "LICHTBRON_GROEP": "LED", "BRANDPROGRAMMA": "BPIV UNI 20-22-23/DIM/4-5-6 VRZA50", "BRANDPROGRAMMA_GROEP": "BPIV DIM" }, "geometry": { "type": "Point", "coordinates": [ 194513.701, 198836.793 ] } },
{ "type": "Feature", "properties": { "LOCATIENUMMER": "851", "STATUS": "In dienst", "INTERACTIVITEIT": "Interactief", "LICHTBRON_GROEP": "LED", "BRANDPROGRAMMA": "BPIV UNI 20-22-23/DIM/4-5-6 VRZA50", "BRANDPROGRAMMA_GROEP": "BPIV DIM" }, "geometry": { "type": "Point", "coordinates": [ 194554.034000000014203, 198848.464 ] } },
{ "type": "Feature", "properties": { "LOCATIENUMMER": "4110", "STATUS": "In dienst", "INTERACTIVITEIT": "Interactief", "LICHTBRON_GROEP": "LED", "BRANDPROGRAMMA": "BPIV UNI 20-22-23/DIM/4-5-6 VRZA50", "BRANDPROGRAMMA_GROEP": "BPIV DIM" }, "geometry": { "type": "Point", "coordinates": [ 194385.977000000013504, 198869.733 ] } },
{ "type": "Feature", "properties": { "LOCATIENUMMER": "812", "STATUS": "In dienst", "INTERACTIVITEIT": "Interactief", "LICHTBRON_GROEP": "LED", "BRANDPROGRAMMA": "BPIV UNI 20-22-23/DIM/4-5-6 VRZA50", "BRANDPROGRAMMA_GROEP": "BPIV DIM" }, "geometry": { "type": "Point", "coordinates": [ 194859.403, 198973.651000000012573 ] } },
{ "type": "Feature", "properties": { "LOCATIENUMMER": "815", "STATUS": "In dienst", "INTERACTIVITEIT": "Interactief", "LICHTBRON_GROEP": "LED", "BRANDPROGRAMMA": "BPIV UNI 20-22-23/DIM/4-5-6 VRZA50", "BRANDPROGRAMMA_GROEP": "BPIV DIM" }, "geometry": { "type": "Point", "coordinates": [ 194872.786, 198978.217 ] } },
{ "type": "Feature", "properties": { "LOCATIENUMMER": "767", "STATUS": "In dienst", "INTERACTIVITEIT": "Interactief", "LICHTBRON_GROEP": "LED", "BRANDPROGRAMMA": "BPIV UNI 20-22-23/DIM/4-5-6 VRZA50", "BRANDPROGRAMMA_GROEP": "BPIV DIM" }, "geometry": { "type": "Point", "coordinates": [ 194787.943999999988591, 198920.638 ] } },
{ "type": "Feature", "properties": { "LOCATIENUMMER": "853", "STATUS": "In dienst", "INTERACTIVITEIT": "Interactief", "LICHTBRON_GROEP": "LED", "BRANDPROGRAMMA": "BPIV UNI 20-22-23/DIM/4-5-6 VRZA50", "BRANDPROGRAMMA_GROEP": "BPIV DIM" }, "geometry": { "type": "Point", "coordinates": [ 194474.722, 198855.23499999998603 ] } },
{ "type": "Feature", "properties": { "LOCATIENUMMER": "1157", "STATUS": "In dienst", "INTERACTIVITEIT": "Interactief", "LICHTBRON_GROEP": "LED", "BRANDPROGRAMMA": "BPIV UNI 20-22-23/DIM/4-5-6 VRZA50", "BRANDPROGRAMMA_GROEP": "BPIV DIM" }, "geometry": { "type": "Point", "coordinates": [ 194573.894999999989523, 199028.048 ] } },
{ "type": "Feature", "properties": { "LOCATIENUMMER": "1158", "STATUS": "In dienst", "INTERACTIVITEIT": "Interactief", "LICHTBRON_GROEP": "LED", "BRANDPROGRAMMA": "BPIV UNI 20-22-23/DIM/4-5-6 VRZA50", "BRANDPROGRAMMA_GROEP": "BPIV DIM" }, "geometry": { "type": "Point", "coordinates": [ 194544.839, 199014.889 ] } },
{ "type": "Feature", "properties": { "LOCATIENUMMER": "4112", "STATUS": "In dienst", "INTERACTIVITEIT": "Interactief", "LICHTBRON_GROEP": "LED", "BRANDPROGRAMMA": "BPIV UNI 20-22-23/DIM/4-5-6 VRZA50", "BRANDPROGRAMMA_GROEP": "BPIV DIM" }, "geometry": { "type": "Point", "coordinates": [ 194312.946, 198879.796 ] } },
{ "type": "Feature", "properties": { "LOCATIENUMMER": "1129", "STATUS": "In dienst", "INTERACTIVITEIT": "Interactief", "LICHTBRON_GROEP": "LED", "BRANDPROGRAMMA": "BPIV UNI 20-22-23/DIM/4-5-6 VRZA50", "BRANDPROGRAMMA_GROEP": "BPIV DIM" }, "geometry": { "type": "Point", "coordinates": [ 194422.99299999998766, 198982.506 ] } },
{ "type": "Feature", "properties": { "LOCATIENUMMER": "1130", "STATUS": "In dienst", "INTERACTIVITEIT": "Interactief", "LICHTBRON_GROEP": "LED", "BRANDPROGRAMMA": "BPIV UNI 20-22-23/DIM/4-5-6 VRZA50", "BRANDPROGRAMMA_GROEP": "BPIV DIM" }, "geometry": { "type": "Point", "coordinates": [ 194458.799, 198989.480000000010477 ] } },
{ "type": "Feature", "properties": { "LOCATIENUMMER": "1159", "STATUS": "In dienst", "INTERACTIVITEIT": "Interactief", "LICHTBRON_GROEP": "LED", "BRANDPROGRAMMA": "BPIV UNI 20-22-23/DIM/4-5-6 VRZA50", "BRANDPROGRAMMA_GROEP": "BPIV DIM" }, "geometry": { "type": "Point", "coordinates": [ 194515.788999999989755, 199002.862 ] } },
{ "type": "Feature", "properties": { "LOCATIENUMMER": "1160", "STATUS": "In dienst", "INTERACTIVITEIT": "Interactief", "LICHTBRON_GROEP": "LED", "BRANDPROGRAMMA": "BPIV UNI 20-22-23/DIM/4-5-6 VRZA50", "BRANDPROGRAMMA_GROEP": "BPIV DIM" }, "geometry": { "type": "Point", "coordinates": [ 194480.798, 198992.814000000013039 ] } },
{ "type": "Feature", "properties": { "LOCATIENUMMER": "4114", "STATUS": "In dienst", "INTERACTIVITEIT": "Interactief", "LICHTBRON_GROEP": "LED", "BRANDPROGRAMMA": "BPIV UNI 20-22-23/DIM/4-5-6 VRZA50", "BRANDPROGRAMMA_GROEP": "BPIV DIM" }, "geometry": { "type": "Point", "coordinates": [ 194278.745, 198890.266 ] } },
{ "type": "Feature", "properties": { "LOCATIENUMMER": "854", "STATUS": "In dienst", "INTERACTIVITEIT": "Interactief", "LICHTBRON_GROEP": "LED", "BRANDPROGRAMMA": "BPIV UNI 20-22-23/DIM/4-5-6 VRZA50", "BRANDPROGRAMMA_GROEP": "BPIV DIM" }, "geometry": { "type": "Point", "coordinates": [ 194444.125, 198861.63 ] } },
{ "type": "Feature", "properties": { "LOCATIENUMMER": "4050", "STATUS": "In dienst", "INTERACTIVITEIT": "Interactief", "LICHTBRON_GROEP": "LED", "BRANDPROGRAMMA": "BPIV UNI 20-22-23/DIM/4-5-6 VRZA50", "BRANDPROGRAMMA_GROEP": "BPIV DIM" }, "geometry": { "type": "Point", "coordinates": [ 194422.196, 198814.623 ] } },
{ "type": "Feature", "properties": { "LOCATIENUMMER": "4113", "STATUS": "In dienst", "INTERACTIVITEIT": "Interactief", "LICHTBRON_GROEP": "LED", "BRANDPROGRAMMA": "BPIV UNI 20-22-23/DIM/4-5-6 VRZA50", "BRANDPROGRAMMA_GROEP": "BPIV DIM" }, "geometry": { "type": "Point", "coordinates": [ 194348.214, 198871.681000000011409 ] } },
{ "type": "Feature", "properties": { "LOCATIENUMMER": "4111", "STATUS": "In dienst", "INTERACTIVITEIT": "Interactief", "LICHTBRON_GROEP": "LED", "BRANDPROGRAMMA": "BPIV UNI 20-22-23/DIM/4-5-6 VRZA50", "BRANDPROGRAMMA_GROEP": "BPIV DIM" }, "geometry": { "type": "Point", "coordinates": [ 194287.655999999988126, 198909.670000000012806 ] } },
{ "type": "Feature", "properties": { "LOCATIENUMMER": "864", "STATUS": "In dienst", "INTERACTIVITEIT": "Interactief-ready", "LICHTBRON_GROEP": "LED", "BRANDPROGRAMMA": "D22H6.30 (Doven)", "BRANDPROGRAMMA_GROEP": "DxxHyy DOV" }, "geometry": { "type": "Point", "coordinates": [ 194787.886, 198813.153 ] } },
{ "type": "Feature", "properties": { "LOCATIENUMMER": "845", "STATUS": "In dienst", "INTERACTIVITEIT": "Interactief", "LICHTBRON_GROEP": "LED", "BRANDPROGRAMMA": "BPIV UNI 20-22-23/DIM/4-5-6 VRZA50", "BRANDPROGRAMMA_GROEP": "BPIV DIM" }, "geometry": { "type": "Point", "coordinates": [ 194759.658, 198907.306000000011409 ] } },
{ "type": "Feature", "properties": { "LOCATIENUMMER": "2591", "STATUS": "In dienst", "INTERACTIVITEIT": "Interactief", "LICHTBRON_GROEP": "LED", "BRANDPROGRAMMA": "BPIV UNI 20-22-23/DIM/4-5-6 VRZA50", "BRANDPROGRAMMA_GROEP": "BPIV DIM" }, "geometry": { "type": "Point", "coordinates": [ 193464.89000000001397, 195828.50099999998929 ] } },
{ "type": "Feature", "properties": { "LOCATIENUMMER": "2594", "STATUS": "In dienst", "INTERACTIVITEIT": "Interactief", "LICHTBRON_GROEP": "LED", "BRANDPROGRAMMA": "BPIV UNI 20-22-23/DIM/4-5-6 VRZA50", "BRANDPROGRAMMA_GROEP": "BPIV DIM" }, "geometry": { "type": "Point", "coordinates": [ 193544.88, 195915.103 ] } },
{ "type": "Feature", "properties": { "LOCATIENUMMER": "2596", "STATUS": "In dienst", "INTERACTIVITEIT": "Interactief", "LICHTBRON_GROEP": "LED", "BRANDPROGRAMMA": "BPIV UNI 20-22-23/DIM/4-5-6 VRZA50", "BRANDPROGRAMMA_GROEP": "BPIV DIM" }, "geometry": { "type": "Point", "coordinates": [ 193593.943, 195971.332 ] } },
{ "type": "Feature", "properties": { "LOCATIENUMMER": "1940", "STATUS": "In dienst", "INTERACTIVITEIT": "Interactief", "LICHTBRON_GROEP": "LED", "BRANDPROGRAMMA": "BPIV UNI 20-22-23/DIM/4-5-6 VRZA50", "BRANDPROGRAMMA_GROEP": "BPIV DIM" }, "geometry": { "type": "Point", "coordinates": [ 193532.202, 195873.746000000013737 ] } },
{ "type": "Feature", "properties": { "LOCATIENUMMER": "1959", "STATUS": "In dienst", "INTERACTIVITEIT": "Interactief", "LICHTBRON_GROEP": "LED", "BRANDPROGRAMMA": "BPIV UNI 20-22-23/DIM/4-5-6 VRZA50", "BRANDPROGRAMMA_GROEP": "BPIV DIM" }, "geometry": { "type": "Point", "coordinates": [ 193641.464, 195928.384 ] } },
{ "type": "Feature", "properties": { "LOCATIENUMMER": "1958", "STATUS": "In dienst", "INTERACTIVITEIT": "Interactief", "LICHTBRON_GROEP": "LED", "BRANDPROGRAMMA": "BPIV UNI 20-22-23/DIM/4-5-6 VRZA50", "BRANDPROGRAMMA_GROEP": "BPIV DIM" }, "geometry": { "type": "Point", "coordinates": [ 193610.196999999985565, 195922.803000000014435 ] } },
{ "type": "Feature", "properties": { "LOCATIENUMMER": "2595", "STATUS": "In dienst", "INTERACTIVITEIT": "Interactief", "LICHTBRON_GROEP": "LED", "BRANDPROGRAMMA": "BPIV UNI 20-22-23/DIM/4-5-6 VRZA50", "BRANDPROGRAMMA_GROEP": "BPIV DIM" }, "geometry": { "type": "Point", "coordinates": [ 193571.389, 195946.045000000012806 ] } },
{ "type": "Feature", "properties": { "LOCATIENUMMER": "2619", "STATUS": "In dienst", "INTERACTIVITEIT": "Interactief", "LICHTBRON_GROEP": "LED", "BRANDPROGRAMMA": "BPIV UNI 20-22-23/DIM/4-5-6 VRZA50", "BRANDPROGRAMMA_GROEP": "BPIV DIM" }, "geometry": { "type": "Point", "coordinates": [ 193631.298, 196059.604 ] } },
{ "type": "Feature", "properties": { "LOCATIENUMMER": "2592", "STATUS": "In dienst", "INTERACTIVITEIT": "Interactief", "LICHTBRON_GROEP": "LED", "BRANDPROGRAMMA": "BPIV UNI 20-22-23/DIM/4-5-6 VRZA50", "BRANDPROGRAMMA_GROEP": "BPIV DIM" }, "geometry": { "type": "Point", "coordinates": [ 193494.674999999988358, 195856.646 ] } },
{ "type": "Feature", "properties": { "LOCATIENUMMER": "2597", "STATUS": "In dienst", "INTERACTIVITEIT": "Interactief", "LICHTBRON_GROEP": "LED", "BRANDPROGRAMMA": "BPIV UNI 20-22-23/DIM/4-5-6 VRZA50", "BRANDPROGRAMMA_GROEP": "BPIV DIM" }, "geometry": { "type": "Point", "coordinates": [ 193621.326, 195997.615 ] } },
{ "type": "Feature", "properties": { "LOCATIENUMMER": "2600", "STATUS": "In dienst", "INTERACTIVITEIT": "Interactief", "LICHTBRON_GROEP": "LED", "BRANDPROGRAMMA": "BPIV UNI 20-22-23/DIM/4-5-6 VRZA50", "BRANDPROGRAMMA_GROEP": "BPIV DIM" }, "geometry": { "type": "Point", "coordinates": [ 193694.522999999986496, 196086.147 ] } },
{ "type": "Feature", "properties": { "LOCATIENUMMER": "2604", "STATUS": "In dienst", "INTERACTIVITEIT": "Interactief", "LICHTBRON_GROEP": "LED", "BRANDPROGRAMMA": "BPIV UNI 20-22-23/DIM/4-5-6 VRZA50", "BRANDPROGRAMMA_GROEP": "BPIV DIM" }, "geometry": { "type": "Point", "coordinates": [ 193787.258, 196153.115 ] } },
{ "type": "Feature", "properties": { "LOCATIENUMMER": "2695", "STATUS": "In dienst", "INTERACTIVITEIT": "Interactief-ready", "LICHTBRON_GROEP": "LED", "BRANDPROGRAMMA": "D22H6.30 (Doven)", "BRANDPROGRAMMA_GROEP": "DxxHyy DOV" }, "geometry": { "type": "Point", "coordinates": [ 193847.019999999989523, 196221.913999999989755 ] } },
{ "type": "Feature", "properties": { "LOCATIENUMMER": "2611", "STATUS": "In dienst", "INTERACTIVITEIT": "Interactief", "LICHTBRON_GROEP": "LED", "BRANDPROGRAMMA": "BPIV UNI 20-22-23/DIM/4-5-6 VRZA50", "BRANDPROGRAMMA_GROEP": "BPIV DIM" }, "geometry": { "type": "Point", "coordinates": [ 193980.647999999986496, 196272.62 ] } },
{ "type": "Feature", "properties": { "LOCATIENUMMER": "2590", "STATUS": "In dienst", "INTERACTIVITEIT": "Interactief", "LICHTBRON_GROEP": "LED", "BRANDPROGRAMMA": "BPIV UNI 20-22-23/DIM/4-5-6 VRZA50", "BRANDPROGRAMMA_GROEP": "BPIV DIM" }, "geometry": { "type": "Point", "coordinates": [ 193431.978, 195808.391 ] } },
{ "type": "Feature", "properties": { "LOCATIENUMMER": "2607", "STATUS": "In dienst", "INTERACTIVITEIT": "Interactief", "LICHTBRON_GROEP": "LED", "BRANDPROGRAMMA": "BPIV UNI 20-22-23/DIM/4-5-6 VRZA50", "BRANDPROGRAMMA_GROEP": "BPIV DIM" }, "geometry": { "type": "Point", "coordinates": [ 193855.644999999989523, 196198.883 ] } },
{ "type": "Feature", "properties": { "LOCATIENUMMER": "2609", "STATUS": "In dienst", "INTERACTIVITEIT": "Interactief", "LICHTBRON_GROEP": "LED", "BRANDPROGRAMMA": "BPIV UNI 20-22-23/DIM/4-5-6 VRZA50", "BRANDPROGRAMMA_GROEP": "BPIV DIM" }, "geometry": { "type": "Point", "coordinates": [ 193917.634, 196227.82 ] } },
{ "type": "Feature", "properties": { "LOCATIENUMMER": "2614", "STATUS": "In dienst", "INTERACTIVITEIT": "Interactief", "LICHTBRON_GROEP": "LED", "BRANDPROGRAMMA": "BPIV UNI 20-22-23/DIM/4-5-6 VRZA50", "BRANDPROGRAMMA_GROEP": "BPIV DIM" }, "geometry": { "type": "Point", "coordinates": [ 194061.929, 196329.4 ] } },
{ "type": "Feature", "properties": { "LOCATIENUMMER": "2593", "STATUS": "In dienst", "INTERACTIVITEIT": "Interactief", "LICHTBRON_GROEP": "LED", "BRANDPROGRAMMA": "BPIV UNI 20-22-23/DIM/4-5-6 VRZA50", "BRANDPROGRAMMA_GROEP": "BPIV DIM" }, "geometry": { "type": "Point", "coordinates": [ 193516.615, 195881.813 ] } },
{ "type": "Feature", "properties": { "LOCATIENUMMER": "2434", "STATUS": "In dienst", "INTERACTIVITEIT": "Interactief", "LICHTBRON_GROEP": "LED", "BRANDPROGRAMMA": "BPIV UNI 20-22-23/DIM/4-5-6 VRZA50", "BRANDPROGRAMMA_GROEP": "BPIV DIM" }, "geometry": { "type": "Point", "coordinates": [ 191625.782, 195247.054 ] } },
{ "type": "Feature", "properties": { "LOCATIENUMMER": "2440", "STATUS": "In dienst", "INTERACTIVITEIT": "Interactief", "LICHTBRON_GROEP": "LED", "BRANDPROGRAMMA": "BPIV UNI 20-22-23/DIM/4-5-6 VRZA50", "BRANDPROGRAMMA_GROEP": "BPIV DIM" }, "geometry": { "type": "Point", "coordinates": [ 191625.461000000010245, 194997.673 ] } },
{ "type": "Feature", "properties": { "LOCATIENUMMER": "2444", "STATUS": "In dienst", "INTERACTIVITEIT": "Interactief", "LICHTBRON_GROEP": "LED", "BRANDPROGRAMMA": "BPIV UNI 20-22-23/DIM/4-5-6 VRZA50", "BRANDPROGRAMMA_GROEP": "BPIV DIM" }, "geometry": { "type": "Point", "coordinates": [ 191510.04, 194952.017 ] } },
{ "type": "Feature", "properties": { "LOCATIENUMMER": "2437", "STATUS": "In dienst", "INTERACTIVITEIT": "Interactief", "LICHTBRON_GROEP": "LED", "BRANDPROGRAMMA": "BPIV UNI 20-22-23/DIM/4-5-6 VRZA50", "BRANDPROGRAMMA_GROEP": "BPIV DIM" }, "geometry": { "type": "Point", "coordinates": [ 191648.486, 195132.333000000013271 ] } },
{ "type": "Feature", "properties": { "LOCATIENUMMER": "4668", "STATUS": "In dienst", "INTERACTIVITEIT": "Interactief", "LICHTBRON_GROEP": "LED", "BRANDPROGRAMMA": "BPIV UNI 20-22-23/DIM/4-5-6 VRZA50", "BRANDPROGRAMMA_GROEP": "BPIV DIM" }, "geometry": { "type": "Point", "coordinates": [ 193997.297, 199529.36799999998766 ] } },
{ "type": "Feature", "properties": { "LOCATIENUMMER": "4265", "STATUS": "In dienst", "INTERACTIVITEIT": "Niet interactief", "LICHTBRON_GROEP": "NAHP", "BRANDPROGRAMMA": "D22H6.30 (Doven)", "BRANDPROGRAMMA_GROEP": "DxxHyy DOV" }, "geometry": { "type": "Point", "coordinates": [ 193957.443, 199447.437 ] } },
{ "type": "Feature", "properties": { "LOCATIENUMMER": "4666", "STATUS": "In dienst", "INTERACTIVITEIT": "Interactief", "LICHTBRON_GROEP": "LED", "BRANDPROGRAMMA": "BPIV UNI 20-22-23/DIM/4-5-6 VRZA50", "BRANDPROGRAMMA_GROEP": "BPIV DIM" }, "geometry": { "type": "Point", "coordinates": [ 194085.457, 199568.192000000010012 ] } },
{ "type": "Feature", "properties": { "LOCATIENUMMER": "4665", "STATUS": "In dienst", "INTERACTIVITEIT": "Interactief", "LICHTBRON_GROEP": "LED", "BRANDPROGRAMMA": "BPIV UNI 20-22-23/DIM/4-5-6 VRZA50", "BRANDPROGRAMMA_GROEP": "BPIV DIM" }, "geometry": { "type": "Point", "coordinates": [ 194127.496000000013737, 199586.017 ] } },
{ "type": "Feature", "properties": { "LOCATIENUMMER": "4262", "STATUS": "In dienst", "INTERACTIVITEIT": "Niet interactief", "LICHTBRON_GROEP": "NAHP", "BRANDPROGRAMMA": "D22H6.30 (Doven)", "BRANDPROGRAMMA_GROEP": "DxxHyy DOV" }, "geometry": { "type": "Point", "coordinates": [ 193922.88200000001234, 199324.051 ] } },
{ "type": "Feature", "properties": { "LOCATIENUMMER": "4260", "STATUS": "In dienst", "INTERACTIVITEIT": "Niet interactief", "LICHTBRON_GROEP": "NAHP", "BRANDPROGRAMMA": "N", "BRANDPROGRAMMA_GROEP": "N" }, "geometry": { "type": "Point", "coordinates": [ 193936.323, 199250.271 ] } },
{ "type": "Feature", "properties": { "LOCATIENUMMER": "4640", "STATUS": "In dienst", "INTERACTIVITEIT": "Interactief", "LICHTBRON_GROEP": "LED", "BRANDPROGRAMMA": "BPIV UNI 20-22-23/DIM/4-5-6 VRZA50", "BRANDPROGRAMMA_GROEP": "BPIV DIM" }, "geometry": { "type": "Point", "coordinates": [ 193921.272999999986496, 199223.587999999988824 ] } },
{ "type": "Feature", "properties": { "LOCATIENUMMER": "4667", "STATUS": "In dienst", "INTERACTIVITEIT": "Interactief", "LICHTBRON_GROEP": "LED", "BRANDPROGRAMMA": "BPIV UNI 20-22-23/DIM/4-5-6 VRZA50", "BRANDPROGRAMMA_GROEP": "BPIV DIM" }, "geometry": { "type": "Point", "coordinates": [ 194043.962, 199549.50700000001234 ] } },
{ "type": "Feature", "properties": { "LOCATIENUMMER": "4081", "STATUS": "In dienst", "INTERACTIVITEIT": "Interactief", "LICHTBRON_GROEP": "LED", "BRANDPROGRAMMA": "BPIV UNI 20-22-23/DIM/4-5-6 VRZA50", "BRANDPROGRAMMA_GROEP": "BPIV DIM" }, "geometry": { "type": "Point", "coordinates": [ 194342.942000000010012, 198192.525 ] } },
{ "type": "Feature", "properties": { "LOCATIENUMMER": "2598", "STATUS": "In dienst", "INTERACTIVITEIT": "Interactief", "LICHTBRON_GROEP": "LED", "BRANDPROGRAMMA": "BPIV UNI 20-22-23/DIM/4-5-6 VRZA50", "BRANDPROGRAMMA_GROEP": "BPIV DIM" }, "geometry": { "type": "Point", "coordinates": [ 193647.211000000010245, 196024.284000000014203 ] } },
{ "type": "Feature", "properties": { "LOCATIENUMMER": "2588", "STATUS": "In dienst", "INTERACTIVITEIT": "Interactief", "LICHTBRON_GROEP": "LED", "BRANDPROGRAMMA": "BPIV UNI 20-22-23/DIM/4-5-6 VRZA50", "BRANDPROGRAMMA_GROEP": "BPIV DIM" }, "geometry": { "type": "Point", "coordinates": [ 193731.688, 196028.439000000013039 ] } },
{ "type": "Feature", "properties": { "LOCATIENUMMER": "1006", "STATUS": "In dienst", "INTERACTIVITEIT": "Niet interactief", "LICHTBRON_GROEP": "NAHP", "BRANDPROGRAMMA": "D22H6.30 (Doven)", "BRANDPROGRAMMA_GROEP": "DxxHyy DOV" }, "geometry": { "type": "Point", "coordinates": [ 193163.152, 198217.577 ] } },
{ "type": "Feature", "properties": { "LOCATIENUMMER": "1007", "STATUS": "In dienst", "INTERACTIVITEIT": "Niet interactief", "LICHTBRON_GROEP": "NAHP", "BRANDPROGRAMMA": "N", "BRANDPROGRAMMA_GROEP": "N" }, "geometry": { "type": "Point", "coordinates": [ 193167.11799999998766, 198167.994 ] } },
{ "type": "Feature", "properties": { "LOCATIENUMMER": "1071", "STATUS": "In dienst", "INTERACTIVITEIT": "Interactief", "LICHTBRON_GROEP": "LED", "BRANDPROGRAMMA": "BPIV UNI 20-22-23/DIM/4-5-6 VRZA50", "BRANDPROGRAMMA_GROEP": "BPIV DIM" }, "geometry": { "type": "Point", "coordinates": [ 193117.334, 198270.897999999986496 ] } },
{ "type": "Feature", "properties": { "LOCATIENUMMER": "1026", "STATUS": "In dienst", "INTERACTIVITEIT": "Niet interactief", "LICHTBRON_GROEP": "NAHP", "BRANDPROGRAMMA": "N", "BRANDPROGRAMMA_GROEP": "N" }, "geometry": { "type": "Point", "coordinates": [ 193309.644, 197858.481 ] } },
{ "type": "Feature", "properties": { "LOCATIENUMMER": "1077", "STATUS": "In dienst", "INTERACTIVITEIT": "Interactief", "LICHTBRON_GROEP": "LED", "BRANDPROGRAMMA": "BPIV UNI 20-22-23/DIM/4-5-6 VRZA50", "BRANDPROGRAMMA_GROEP": "BPIV DIM" }, "geometry": { "type": "Point", "coordinates": [ 192836.992, 197965.543 ] } },
{ "type": "Feature", "properties": { "LOCATIENUMMER": "1406", "STATUS": "In dienst", "INTERACTIVITEIT": "Interactief", "LICHTBRON_GROEP": "LED", "BRANDPROGRAMMA": "BPIV UNI 20-22-23/DIM/4-5-6 VRZA50", "BRANDPROGRAMMA_GROEP": "BPIV DIM" }, "geometry": { "type": "Point", "coordinates": [ 192853.343, 197882.299 ] } },
{ "type": "Feature", "properties": { "LOCATIENUMMER": "1361", "STATUS": "In dienst", "INTERACTIVITEIT": "Interactief", "LICHTBRON_GROEP": "LED", "BRANDPROGRAMMA": "BPIV UNI 20-22-23/DIM/4-5-6 VRZA50", "BRANDPROGRAMMA_GROEP": "BPIV DIM" }, "geometry": { "type": "Point", "coordinates": [ 192632.568, 197768.408 ] } },
{ "type": "Feature", "properties": { "LOCATIENUMMER": "1352", "STATUS": "In dienst", "INTERACTIVITEIT": "Interactief", "LICHTBRON_GROEP": "LED", "BRANDPROGRAMMA": "BPIV UNI 20-22-23/DIM/4-5-6 VRZA50", "BRANDPROGRAMMA_GROEP": "BPIV DIM" }, "geometry": { "type": "Point", "coordinates": [ 192310.182999999989988, 197827.973 ] } },
{ "type": "Feature", "properties": { "LOCATIENUMMER": "1354", "STATUS": "In dienst", "INTERACTIVITEIT": "Interactief", "LICHTBRON_GROEP": "LED", "BRANDPROGRAMMA": "BPIV UNI 20-22-23/DIM/4-5-6 VRZA50", "BRANDPROGRAMMA_GROEP": "BPIV DIM" }, "geometry": { "type": "Point", "coordinates": [ 192335.255, 197759.068999999988591 ] } },
{ "type": "Feature", "properties": { "LOCATIENUMMER": "1356", "STATUS": "In dienst", "INTERACTIVITEIT": "Interactief", "LICHTBRON_GROEP": "LED", "BRANDPROGRAMMA": "BPIV UNI 20-22-23/DIM/4-5-6 VRZA50", "BRANDPROGRAMMA_GROEP": "BPIV DIM" }, "geometry": { "type": "Point", "coordinates": [ 192423.169, 197722.859 ] } },
{ "type": "Feature", "properties": { "LOCATIENUMMER": "1387", "STATUS": "In dienst", "INTERACTIVITEIT": "Interactief", "LICHTBRON_GROEP": "LED", "BRANDPROGRAMMA": "BPIV UNI 20-22-23/DIM/4-5-6 VRZA50", "BRANDPROGRAMMA_GROEP": "BPIV DIM" }, "geometry": { "type": "Point", "coordinates": [ 192825.359, 197852.184 ] } },
{ "type": "Feature", "properties": { "LOCATIENUMMER": "1388", "STATUS": "In dienst", "INTERACTIVITEIT": "Interactief", "LICHTBRON_GROEP": "LED", "BRANDPROGRAMMA": "BPIV UNI 20-22-23/DIM/4-5-6 VRZA50", "BRANDPROGRAMMA_GROEP": "BPIV DIM" }, "geometry": { "type": "Point", "coordinates": [ 192852.073, 197823.676 ] } },
{ "type": "Feature", "properties": { "LOCATIENUMMER": "1390", "STATUS": "In dienst", "INTERACTIVITEIT": "Interactief", "LICHTBRON_GROEP": "LED", "BRANDPROGRAMMA": "BPIV UNI 20-22-23/DIM/4-5-6 VRZA50", "BRANDPROGRAMMA_GROEP": "BPIV DIM" }, "geometry": { "type": "Point", "coordinates": [ 192881.827, 197751.309 ] } },
{ "type": "Feature", "properties": { "LOCATIENUMMER": "1392", "STATUS": "In dienst", "INTERACTIVITEIT": "Interactief", "LICHTBRON_GROEP": "LED", "BRANDPROGRAMMA": "BPIV UNI 20-22-23/DIM/4-5-6 VRZA50", "BRANDPROGRAMMA_GROEP": "BPIV DIM" }, "geometry": { "type": "Point", "coordinates": [ 192910.59, 197683.385 ] } },
{ "type": "Feature", "properties": { "LOCATIENUMMER": "1384", "STATUS": "In dienst", "INTERACTIVITEIT": "Interactief", "LICHTBRON_GROEP": "LED", "BRANDPROGRAMMA": "BPIV UNI 20-22-23/DIM/4-5-6 VRZA50", "BRANDPROGRAMMA_GROEP": "BPIV DIM" }, "geometry": { "type": "Point", "coordinates": [ 192711.138, 197793.25099999998929 ] } },
{ "type": "Feature", "properties": { "LOCATIENUMMER": "830", "STATUS": "In dienst", "INTERACTIVITEIT": "Interactief", "LICHTBRON_GROEP": "LED", "BRANDPROGRAMMA": "BPIV UNI 20-22-23/DIM/4-5-6 VRZA50", "BRANDPROGRAMMA_GROEP": "BPIV DIM" }, "geometry": { "type": "Point", "coordinates": [ 194971.19, 199063.063 ] } },
{ "type": "Feature", "properties": { "LOCATIENUMMER": "833", "STATUS": "In dienst", "INTERACTIVITEIT": "Interactief", "LICHTBRON_GROEP": "LED", "BRANDPROGRAMMA": "BPIV UNI 20-22-23/DIM/4-5-6 VRZA50", "BRANDPROGRAMMA_GROEP": "BPIV DIM" }, "geometry": { "type": "Point", "coordinates": [ 195078.261999999987893, 199130.859 ] } },
{ "type": "Feature", "properties": { "LOCATIENUMMER": "896", "STATUS": "In dienst", "INTERACTIVITEIT": "Interactief", "LICHTBRON_GROEP": "LED", "BRANDPROGRAMMA": "BPIV UNI 20-22-23/DIM/4-5-6 VRZA50", "BRANDPROGRAMMA_GROEP": "BPIV DIM" }, "geometry": { "type": "Point", "coordinates": [ 194409.051, 199705.48499999998603 ] } },
{ "type": "Feature", "properties": { "LOCATIENUMMER": "894", "STATUS": "In dienst", "INTERACTIVITEIT": "Interactief", "LICHTBRON_GROEP": "LED", "BRANDPROGRAMMA": "BPIV LR 19-22-23/DIM/5-6-7 VRZA50", "BRANDPROGRAMMA_GROEP": "BPIV DIM" }, "geometry": { "type": "Point", "coordinates": [ 194450.885, 199692.196999999985565 ] } },
{ "type": "Feature", "properties": { "LOCATIENUMMER": "876", "STATUS": "In dienst", "INTERACTIVITEIT": "Interactief", "LICHTBRON_GROEP": "LED", "BRANDPROGRAMMA": "BPIV UNI 20-22-23/DIM/4-5-6 VRZA50", "BRANDPROGRAMMA_GROEP": "BPIV DIM" }, "geometry": { "type": "Point", "coordinates": [ 194470.847, 199596.602000000013504 ] } },
{ "type": "Feature", "properties": { "LOCATIENUMMER": "1418", "STATUS": "In dienst", "INTERACTIVITEIT": "Interactief", "LICHTBRON_GROEP": "LED", "BRANDPROGRAMMA": "BPIV UNI 20-22-23/DIM/4-5-6 VRZA50", "BRANDPROGRAMMA_GROEP": "BPIV DIM" }, "geometry": { "type": "Point", "coordinates": [ 194476.26, 199547.214 ] } },
{ "type": "Feature", "properties": { "LOCATIENUMMER": "683", "STATUS": "In dienst", "INTERACTIVITEIT": "Niet interactief", "LICHTBRON_GROEP": "HGHP", "BRANDPROGRAMMA": "D22H6.30 (Doven)", "BRANDPROGRAMMA_GROEP": "DxxHyy DOV" }, "geometry": { "type": "Point", "coordinates": [ 193768.852000000013504, 199248.953 ] } },
{ "type": "Feature", "properties": { "LOCATIENUMMER": "684", "STATUS": "In dienst", "INTERACTIVITEIT": "Niet interactief", "LICHTBRON_GROEP": "HGHP", "BRANDPROGRAMMA": "N", "BRANDPROGRAMMA_GROEP": "N" }, "geometry": { "type": "Point", "coordinates": [ 193777.316, 199229.094000000011874 ] } },
{ "type": "Feature", "properties": { "LOCATIENUMMER": "685", "STATUS": "In dienst", "INTERACTIVITEIT": "Niet interactief", "LICHTBRON_GROEP": "HGHP", "BRANDPROGRAMMA": "N", "BRANDPROGRAMMA_GROEP": "N" }, "geometry": { "type": "Point", "coordinates": [ 193820.087999999988824, 199243.516 ] } },
{ "type": "Feature", "properties": { "LOCATIENUMMER": "1436", "STATUS": "In dienst", "INTERACTIVITEIT": "Interactief", "LICHTBRON_GROEP": "LED", "BRANDPROGRAMMA": "BPIV UNI 20-22-23/DIM/4-5-6 VRZA50", "BRANDPROGRAMMA_GROEP": "BPIV DIM" }, "geometry": { "type": "Point", "coordinates": [ 194446.651000000012573, 199308.096 ] } },
{ "type": "Feature", "properties": { "LOCATIENUMMER": "1139", "STATUS": "In dienst", "INTERACTIVITEIT": "Interactief", "LICHTBRON_GROEP": "LED", "BRANDPROGRAMMA": "BPIV UNI 20-22-23/DIM/4-5-6 VRZA50", "BRANDPROGRAMMA_GROEP": "BPIV DIM" }, "geometry": { "type": "Point", "coordinates": [ 194499.91, 199208.519 ] } },
{ "type": "Feature", "properties": { "LOCATIENUMMER": "1142", "STATUS": "In dienst", "INTERACTIVITEIT": "Interactief", "LICHTBRON_GROEP": "LED", "BRANDPROGRAMMA": "BPIV UNI 20-22-23/DIM/4-5-6 VRZA50", "BRANDPROGRAMMA_GROEP": "BPIV DIM" }, "geometry": { "type": "Point", "coordinates": [ 194503.799, 199184.404 ] } },
{ "type": "Feature", "properties": { "LOCATIENUMMER": "1144", "STATUS": "In dienst", "INTERACTIVITEIT": "Interactief", "LICHTBRON_GROEP": "LED", "BRANDPROGRAMMA": "BPIV UNI 20-22-23/DIM/4-5-6 VRZA50", "BRANDPROGRAMMA_GROEP": "BPIV DIM" }, "geometry": { "type": "Point", "coordinates": [ 194520.606, 199195.889 ] } },
{ "type": "Feature", "properties": { "LOCATIENUMMER": "1145", "STATUS": "In dienst", "INTERACTIVITEIT": "Interactief", "LICHTBRON_GROEP": "LED", "BRANDPROGRAMMA": "BPIV UNI 20-22-23/DIM/4-5-6 VRZA50", "BRANDPROGRAMMA_GROEP": "BPIV DIM" }, "geometry": { "type": "Point", "coordinates": [ 194565.674, 199204.711000000010245 ] } },
{ "type": "Feature", "properties": { "LOCATIENUMMER": "1151", "STATUS": "In dienst", "INTERACTIVITEIT": "Interactief", "LICHTBRON_GROEP": "LED", "BRANDPROGRAMMA": "BPIV UNI 20-22-23/DIM/4-5-6 VRZA50", "BRANDPROGRAMMA_GROEP": "BPIV DIM" }, "geometry": { "type": "Point", "coordinates": [ 194592.116, 199155.994 ] } },
{ "type": "Feature", "properties": { "LOCATIENUMMER": "1152", "STATUS": "In dienst", "INTERACTIVITEIT": "Interactief", "LICHTBRON_GROEP": "LED", "BRANDPROGRAMMA": "BPIV UNI 20-22-23/DIM/4-5-6 VRZA50", "BRANDPROGRAMMA_GROEP": "BPIV DIM" }, "geometry": { "type": "Point", "coordinates": [ 194571.049, 199152.663 ] } },
{ "type": "Feature", "properties": { "LOCATIENUMMER": "1153", "STATUS": "In dienst", "INTERACTIVITEIT": "Interactief", "LICHTBRON_GROEP": "LED", "BRANDPROGRAMMA": "BPIV UNI 20-22-23/DIM/4-5-6 VRZA50", "BRANDPROGRAMMA_GROEP": "BPIV DIM" }, "geometry": { "type": "Point", "coordinates": [ 194585.412000000011176, 199125.704 ] } },
{ "type": "Feature", "properties": { "LOCATIENUMMER": "1134", "STATUS": "In dienst", "INTERACTIVITEIT": "Interactief", "LICHTBRON_GROEP": "LED", "BRANDPROGRAMMA": "BPIV UNI 20-22-23/DIM/4-5-6 VRZA50", "BRANDPROGRAMMA_GROEP": "BPIV DIM" }, "geometry": { "type": "Point", "coordinates": [ 194419.293, 199155.092 ] } },
{ "type": "Feature", "properties": { "LOCATIENUMMER": "1135", "STATUS": "In dienst", "INTERACTIVITEIT": "Interactief", "LICHTBRON_GROEP": "LED", "BRANDPROGRAMMA": "BPIV UNI 20-22-23/DIM/4-5-6 VRZA50", "BRANDPROGRAMMA_GROEP": "BPIV DIM" }, "geometry": { "type": "Point", "coordinates": [ 194441.487, 199186.347 ] } },
{ "type": "Feature", "properties": { "LOCATIENUMMER": "1136", "STATUS": "In dienst", "INTERACTIVITEIT": "Interactief", "LICHTBRON_GROEP": "LED", "BRANDPROGRAMMA": "BPIV UNI 20-22-23/DIM/4-5-6 VRZA50", "BRANDPROGRAMMA_GROEP": "BPIV DIM" }, "geometry": { "type": "Point", "coordinates": [ 194461.386999999987893, 199210.826 ] } },
{ "type": "Feature", "properties": { "LOCATIENUMMER": "1141", "STATUS": "In dienst", "INTERACTIVITEIT": "Interactief", "LICHTBRON_GROEP": "LED", "BRANDPROGRAMMA": "BPIV UNI 20-22-23/DIM/4-5-6 VRZA50", "BRANDPROGRAMMA_GROEP": "BPIV DIM" }, "geometry": { "type": "Point", "coordinates": [ 194496.911, 199191.116 ] } },
{ "type": "Feature", "properties": { "LOCATIENUMMER": "1143", "STATUS": "In dienst", "INTERACTIVITEIT": "Interactief", "LICHTBRON_GROEP": "LED", "BRANDPROGRAMMA": "BPIV UNI 20-22-23/DIM/4-5-6 VRZA50", "BRANDPROGRAMMA_GROEP": "BPIV DIM" }, "geometry": { "type": "Point", "coordinates": [ 194495.032, 199177.06 ] } },
{ "type": "Feature", "properties": { "LOCATIENUMMER": "1137", "STATUS": "In dienst", "INTERACTIVITEIT": "Interactief", "LICHTBRON_GROEP": "LED", "BRANDPROGRAMMA": "BPIV UNI 20-22-23/DIM/4-5-6 VRZA50", "BRANDPROGRAMMA_GROEP": "BPIV DIM" }, "geometry": { "type": "Point", "coordinates": [ 194488.615, 199235.87599999998929 ] } },
{ "type": "Feature", "properties": { "LOCATIENUMMER": "1138", "STATUS": "In dienst", "INTERACTIVITEIT": "Interactief", "LICHTBRON_GROEP": "LED", "BRANDPROGRAMMA": "BPIV UNI 20-22-23/DIM/4-5-6 VRZA50", "BRANDPROGRAMMA_GROEP": "BPIV DIM" }, "geometry": { "type": "Point", "coordinates": [ 194515.114, 199218.348999999987427 ] } },
{ "type": "Feature", "properties": { "LOCATIENUMMER": "1140", "STATUS": "In dienst", "INTERACTIVITEIT": "Interactief", "LICHTBRON_GROEP": "LED", "BRANDPROGRAMMA": "BPIV UNI 20-22-23/DIM/4-5-6 VRZA50", "BRANDPROGRAMMA_GROEP": "BPIV DIM" }, "geometry": { "type": "Point", "coordinates": [ 194521.696, 199212.854 ] } },
{ "type": "Feature", "properties": { "LOCATIENUMMER": "1438", "STATUS": "In dienst", "INTERACTIVITEIT": "Interactief", "LICHTBRON_GROEP": "LED", "BRANDPROGRAMMA": "BPIV UNI 20-22-23/DIM/4-5-6 VRZA50", "BRANDPROGRAMMA_GROEP": "BPIV DIM" }, "geometry": { "type": "Point", "coordinates": [ 194506.943999999988591, 199242.057 ] } },
{ "type": "Feature", "properties": { "LOCATIENUMMER": "1439", "STATUS": "In dienst", "INTERACTIVITEIT": "Interactief", "LICHTBRON_GROEP": "LED", "BRANDPROGRAMMA": "BPIV UNI 20-22-23/DIM/4-5-6 VRZA50", "BRANDPROGRAMMA_GROEP": "BPIV DIM" }, "geometry": { "type": "Point", "coordinates": [ 194530.829, 199212.337 ] } },
{ "type": "Feature", "properties": { "LOCATIENUMMER": "1149", "STATUS": "In dienst", "INTERACTIVITEIT": "Interactief", "LICHTBRON_GROEP": "LED", "BRANDPROGRAMMA": "BPIV UNI 20-22-23/DIM/4-5-6 VRZA50", "BRANDPROGRAMMA_GROEP": "BPIV DIM" }, "geometry": { "type": "Point", "coordinates": [ 194657.747, 199201.011999999987893 ] } },
{ "type": "Feature", "properties": { "LOCATIENUMMER": "1150", "STATUS": "In dienst", "INTERACTIVITEIT": "Interactief", "LICHTBRON_GROEP": "LED", "BRANDPROGRAMMA": "BPIV UNI 20-22-23/DIM/4-5-6 VRZA50", "BRANDPROGRAMMA_GROEP": "BPIV DIM" }, "geometry": { "type": "Point", "coordinates": [ 194632.693999999988591, 199184.117 ] } },
{ "type": "Feature", "properties": { "LOCATIENUMMER": "1154", "STATUS": "In dienst", "INTERACTIVITEIT": "Interactief", "LICHTBRON_GROEP": "LED", "BRANDPROGRAMMA": "BPIV UNI 20-22-23/DIM/4-5-6 VRZA50", "BRANDPROGRAMMA_GROEP": "BPIV DIM" }, "geometry": { "type": "Point", "coordinates": [ 194604.37400000001071, 199100.87 ] } },
{ "type": "Feature", "properties": { "LOCATIENUMMER": "1155", "STATUS": "In dienst", "INTERACTIVITEIT": "Interactief", "LICHTBRON_GROEP": "LED", "BRANDPROGRAMMA": "BPIV UNI 20-22-23/DIM/4-5-6 VRZA50", "BRANDPROGRAMMA_GROEP": "BPIV DIM" }, "geometry": { "type": "Point", "coordinates": [ 194623.14000000001397, 199069.396 ] } },
{ "type": "Feature", "properties": { "LOCATIENUMMER": "1146", "STATUS": "In dienst", "INTERACTIVITEIT": "Interactief", "LICHTBRON_GROEP": "LED", "BRANDPROGRAMMA": "BPIV UNI 20-22-23/DIM/4-5-6 VRZA50", "BRANDPROGRAMMA_GROEP": "BPIV DIM" }, "geometry": { "type": "Point", "coordinates": [ 194592.89000000001397, 199221.638 ] } },
{ "type": "Feature", "properties": { "LOCATIENUMMER": "1147", "STATUS": "In dienst", "INTERACTIVITEIT": "Interactief", "LICHTBRON_GROEP": "LED", "BRANDPROGRAMMA": "BPIV UNI 20-22-23/DIM/4-5-6 VRZA50", "BRANDPROGRAMMA_GROEP": "BPIV DIM" }, "geometry": { "type": "Point", "coordinates": [ 194616.139, 199235.453 ] } },
{ "type": "Feature", "properties": { "LOCATIENUMMER": "1148", "STATUS": "In dienst", "INTERACTIVITEIT": "Interactief", "LICHTBRON_GROEP": "LED", "BRANDPROGRAMMA": "BPIV UNI 20-22-23/DIM/4-5-6 VRZA50", "BRANDPROGRAMMA_GROEP": "BPIV DIM" }, "geometry": { "type": "Point", "coordinates": [ 194654.454, 199228.538999999989755 ] } },
{ "type": "Feature", "properties": { "LOCATIENUMMER": "424", "STATUS": "In dienst", "INTERACTIVITEIT": "Niet interactief", "LICHTBRON_GROEP": "NALP", "BRANDPROGRAMMA": "N", "BRANDPROGRAMMA_GROEP": "N" }, "geometry": { "type": "Point", "coordinates": [ 196528.97, 196885.965 ] } },
{ "type": "Feature", "properties": { "LOCATIENUMMER": "424", "STATUS": "In dienst", "INTERACTIVITEIT": "Niet interactief", "LICHTBRON_GROEP": "NALP", "BRANDPROGRAMMA": "N", "BRANDPROGRAMMA_GROEP": "N" }, "geometry": { "type": "Point", "coordinates": [ 196528.97, 196885.965 ] } },
{ "type": "Feature", "properties": { "LOCATIENUMMER": "424", "STATUS": "In dienst", "INTERACTIVITEIT": "Niet interactief", "LICHTBRON_GROEP": "NALP", "BRANDPROGRAMMA": "N", "BRANDPROGRAMMA_GROEP": "N" }, "geometry": { "type": "Point", "coordinates": [ 196528.97, 196885.965 ] } },
{ "type": "Feature", "properties": { "LOCATIENUMMER": "4296", "STATUS": "In dienst", "INTERACTIVITEIT": "Niet interactief", "LICHTBRON_GROEP": "NAHP", "BRANDPROGRAMMA": "N", "BRANDPROGRAMMA_GROEP": "N" }, "geometry": { "type": "Point", "coordinates": [ 195728.587999999988824, 196815.475 ] } },
{ "type": "Feature", "properties": { "LOCATIENUMMER": "4300", "STATUS": "In dienst", "INTERACTIVITEIT": "Niet interactief", "LICHTBRON_GROEP": "NAHP", "BRANDPROGRAMMA": "N", "BRANDPROGRAMMA_GROEP": "N" }, "geometry": { "type": "Point", "coordinates": [ 195763.065, 196820.813 ] } },
{ "type": "Feature", "properties": { "LOCATIENUMMER": "4294", "STATUS": "In dienst", "INTERACTIVITEIT": "Interactief", "LICHTBRON_GROEP": "LED", "BRANDPROGRAMMA": "BPIV UNI 20-22-23/DIM/4-5-6 VRZA50", "BRANDPROGRAMMA_GROEP": "BPIV DIM" }, "geometry": { "type": "Point", "coordinates": [ 195640.981999999989057, 196798.652 ] } },
{ "type": "Feature", "properties": { "LOCATIENUMMER": "4298", "STATUS": "In dienst", "INTERACTIVITEIT": "Niet interactief", "LICHTBRON_GROEP": "NAHP", "BRANDPROGRAMMA": "N", "BRANDPROGRAMMA_GROEP": "N" }, "geometry": { "type": "Point", "coordinates": [ 195665.223999999987427, 196804.403 ] } },
{ "type": "Feature", "properties": { "LOCATIENUMMER": "4299", "STATUS": "In dienst", "INTERACTIVITEIT": "Niet interactief", "LICHTBRON_GROEP": "NAHP", "BRANDPROGRAMMA": "N", "BRANDPROGRAMMA_GROEP": "N" }, "geometry": { "type": "Point", "coordinates": [ 195794.635, 196822.670000000012806 ] } },
{ "type": "Feature", "properties": { "LOCATIENUMMER": "4313", "STATUS": "In dienst", "INTERACTIVITEIT": "Interactief-ready", "LICHTBRON_GROEP": "LED", "BRANDPROGRAMMA": "N", "BRANDPROGRAMMA_GROEP": "N" }, "geometry": { "type": "Point", "coordinates": [ 195979.106999999989057, 196829.728 ] } },
{ "type": "Feature", "properties": { "LOCATIENUMMER": "4319", "STATUS": "In dienst", "INTERACTIVITEIT": "Niet interactief", "LICHTBRON_GROEP": "LED", "BRANDPROGRAMMA": "N", "BRANDPROGRAMMA_GROEP": "N" }, "geometry": { "type": "Point", "coordinates": [ 195999.346, 196842.589 ] } },
{ "type": "Feature", "properties": { "LOCATIENUMMER": "4295", "STATUS": "In dienst", "INTERACTIVITEIT": "Niet interactief", "LICHTBRON_GROEP": "NAHP", "BRANDPROGRAMMA": "N", "BRANDPROGRAMMA_GROEP": "N" }, "geometry": { "type": "Point", "coordinates": [ 195830.793, 196824.104 ] } },
{ "type": "Feature", "properties": { "LOCATIENUMMER": "4315", "STATUS": "In dienst", "INTERACTIVITEIT": "Interactief-ready", "LICHTBRON_GROEP": "LED", "BRANDPROGRAMMA": "N", "BRANDPROGRAMMA_GROEP": "N" }, "geometry": { "type": "Point", "coordinates": [ 195859.451, 196824.263 ] } },
{ "type": "Feature", "properties": { "LOCATIENUMMER": "4302", "STATUS": "In dienst", "INTERACTIVITEIT": "Interactief-ready", "LICHTBRON_GROEP": "LED", "BRANDPROGRAMMA": "D22H6.30 (Standaard dimmen)", "BRANDPROGRAMMA_GROEP": "DxxHyy DIM" }, "geometry": { "type": "Point", "coordinates": [ 195751.367, 196864.996000000013737 ] } },
{ "type": "Feature", "properties": { "LOCATIENUMMER": "4327", "STATUS": "In dienst", "INTERACTIVITEIT": "Interactief-ready", "LICHTBRON_GROEP": "LED", "BRANDPROGRAMMA": "N", "BRANDPROGRAMMA_GROEP": "N" }, "geometry": { "type": "Point", "coordinates": [ 195899.549, 196824.054 ] } },
{ "type": "Feature", "properties": { "LOCATIENUMMER": "4626", "STATUS": "In dienst", "INTERACTIVITEIT": "Interactief", "LICHTBRON_GROEP": "LED", "BRANDPROGRAMMA": "BPIV UNI 20-22-23/DIM/4-5-6 VRZA50", "BRANDPROGRAMMA_GROEP": "BPIV DIM" }, "geometry": { "type": "Point", "coordinates": [ 195886.905999999988126, 196804.989 ] } },
{ "type": "Feature", "properties": { "LOCATIENUMMER": "4314", "STATUS": "In dienst", "INTERACTIVITEIT": "Interactief-ready", "LICHTBRON_GROEP": "LED", "BRANDPROGRAMMA": "N", "BRANDPROGRAMMA_GROEP": "N" }, "geometry": { "type": "Point", "coordinates": [ 195941.481999999989057, 196825.66 ] } },
{ "type": "Feature", "properties": { "LOCATIENUMMER": "4316", "STATUS": "In dienst", "INTERACTIVITEIT": "Interactief-ready", "LICHTBRON_GROEP": "LED", "BRANDPROGRAMMA": "D22H6.30 (Standaard dimmen)", "BRANDPROGRAMMA_GROEP": "DxxHyy DIM" }, "geometry": { "type": "Point", "coordinates": [ 195960.521, 196822.473999999987427 ] } },
{ "type": "Feature", "properties": { "LOCATIENUMMER": "4316", "STATUS": "In dienst", "INTERACTIVITEIT": "Interactief-ready", "LICHTBRON_GROEP": "LED", "BRANDPROGRAMMA": "D22H6.30 (Standaard dimmen)", "BRANDPROGRAMMA_GROEP": "DxxHyy DIM" }, "geometry": { "type": "Point", "coordinates": [ 195960.521, 196822.473999999987427 ] } },
{ "type": "Feature", "properties": { "LOCATIENUMMER": "4317", "STATUS": "In dienst", "INTERACTIVITEIT": "Interactief-ready", "LICHTBRON_GROEP": "LED", "BRANDPROGRAMMA": "D22H6.30 (Standaard dimmen)", "BRANDPROGRAMMA_GROEP": "DxxHyy DIM" }, "geometry": { "type": "Point", "coordinates": [ 195963.062, 196795.033 ] } },
{ "type": "Feature", "properties": { "LOCATIENUMMER": "4317", "STATUS": "In dienst", "INTERACTIVITEIT": "Interactief-ready", "LICHTBRON_GROEP": "LED", "BRANDPROGRAMMA": "D22H6.30 (Standaard dimmen)", "BRANDPROGRAMMA_GROEP": "DxxHyy DIM" }, "geometry": { "type": "Point", "coordinates": [ 195963.062, 196795.033 ] } },
{ "type": "Feature", "properties": { "LOCATIENUMMER": "4033", "STATUS": "In dienst", "INTERACTIVITEIT": "Niet interactief", "LICHTBRON_GROEP": "NAHP", "BRANDPROGRAMMA": "N", "BRANDPROGRAMMA_GROEP": "N" }, "geometry": { "type": "Point", "coordinates": [ 195991.978, 196749.885 ] } },
{ "type": "Feature", "properties": { "LOCATIENUMMER": "4279", "STATUS": "In dienst", "INTERACTIVITEIT": "Niet interactief", "LICHTBRON_GROEP": "MHHP-CR-PGZ12", "BRANDPROGRAMMA": "D22H6.30 (Doven)", "BRANDPROGRAMMA_GROEP": "DxxHyy DOV" }, "geometry": { "type": "Point", "coordinates": [ 196207.176, 196874.071999999985565 ] } },
{ "type": "Feature", "properties": { "LOCATIENUMMER": "4318", "STATUS": "In dienst", "INTERACTIVITEIT": "Interactief-ready", "LICHTBRON_GROEP": "LED", "BRANDPROGRAMMA": "D22H6.30 (Standaard dimmen)", "BRANDPROGRAMMA_GROEP": "DxxHyy DIM" }, "geometry": { "type": "Point", "coordinates": [ 195990.310999999986961, 196789.063 ] } },
{ "type": "Feature", "properties": { "LOCATIENUMMER": "4320", "STATUS": "In dienst", "INTERACTIVITEIT": "Niet interactief", "LICHTBRON_GROEP": "LED", "BRANDPROGRAMMA": "N", "BRANDPROGRAMMA_GROEP": "N" }, "geometry": { "type": "Point", "coordinates": [ 195997.128999999986263, 196831.87 ] } },
{ "type": "Feature", "properties": { "LOCATIENUMMER": "4280", "STATUS": "In dienst", "INTERACTIVITEIT": "Niet interactief", "LICHTBRON_GROEP": "MHHP-CR-PGZ12", "BRANDPROGRAMMA": "D22H6.30 (Doven)", "BRANDPROGRAMMA_GROEP": "DxxHyy DOV" }, "geometry": { "type": "Point", "coordinates": [ 196231.128, 196875.712 ] } },
{ "type": "Feature", "properties": { "LOCATIENUMMER": "4312", "STATUS": "In dienst", "INTERACTIVITEIT": "Interactief-ready", "LICHTBRON_GROEP": "LED", "BRANDPROGRAMMA": "N", "BRANDPROGRAMMA_GROEP": "N" }, "geometry": { "type": "Point", "coordinates": [ 196012.026000000012573, 196834.746000000013737 ] } },
{ "type": "Feature", "properties": { "LOCATIENUMMER": "4282", "STATUS": "In dienst", "INTERACTIVITEIT": "Niet interactief", "LICHTBRON_GROEP": "MHHP-CR-PGZ12", "BRANDPROGRAMMA": "N", "BRANDPROGRAMMA_GROEP": "N" }, "geometry": { "type": "Point", "coordinates": [ 196261.945, 196875.635 ] } },
{ "type": "Feature", "properties": { "LOCATIENUMMER": "4311", "STATUS": "In dienst", "INTERACTIVITEIT": "Interactief-ready", "LICHTBRON_GROEP": "LED", "BRANDPROGRAMMA": "N", "BRANDPROGRAMMA_GROEP": "N" }, "geometry": { "type": "Point", "coordinates": [ 196044.937, 196843.829999999987194 ] } },
{ "type": "Feature", "properties": { "LOCATIENUMMER": "4283", "STATUS": "In dienst", "INTERACTIVITEIT": "Niet interactief", "LICHTBRON_GROEP": "MHHP-CR-PGZ12", "BRANDPROGRAMMA": "D22H6.30 (Doven)", "BRANDPROGRAMMA_GROEP": "DxxHyy DOV" }, "geometry": { "type": "Point", "coordinates": [ 196306.530999999988126, 196875.625 ] } },
{ "type": "Feature", "properties": { "LOCATIENUMMER": "4297", "STATUS": "In dienst", "INTERACTIVITEIT": "Niet interactief", "LICHTBRON_GROEP": "NAHP", "BRANDPROGRAMMA": "N", "BRANDPROGRAMMA_GROEP": "N" }, "geometry": { "type": "Point", "coordinates": [ 195694.63, 196809.033 ] } },
{ "type": "Feature", "properties": { "LOCATIENUMMER": "4310", "STATUS": "In dienst", "INTERACTIVITEIT": "Interactief-ready", "LICHTBRON_GROEP": "LED", "BRANDPROGRAMMA": "N", "BRANDPROGRAMMA_GROEP": "N" }, "geometry": { "type": "Point", "coordinates": [ 196083.416, 196853.969000000011874 ] } },
{ "type": "Feature", "properties": { "LOCATIENUMMER": "4309", "STATUS": "In dienst", "INTERACTIVITEIT": "Interactief-ready", "LICHTBRON_GROEP": "LED", "BRANDPROGRAMMA": "N", "BRANDPROGRAMMA_GROEP": "N" }, "geometry": { "type": "Point", "coordinates": [ 196126.024, 196864.568999999988591 ] } },
{ "type": "Feature", "properties": { "LOCATIENUMMER": "4285", "STATUS": "In dienst", "INTERACTIVITEIT": "Niet interactief", "LICHTBRON_GROEP": "MHHP-CR-PGZ12", "BRANDPROGRAMMA": "D22H6.30 (Doven)", "BRANDPROGRAMMA_GROEP": "DxxHyy DOV" }, "geometry": { "type": "Point", "coordinates": [ 196343.488000000012107, 196878.867 ] } },
{ "type": "Feature", "properties": { "LOCATIENUMMER": "4308", "STATUS": "In dienst", "INTERACTIVITEIT": "Interactief-ready", "LICHTBRON_GROEP": "LED", "BRANDPROGRAMMA": "N", "BRANDPROGRAMMA_GROEP": "N" }, "geometry": { "type": "Point", "coordinates": [ 196165.258, 196865.372 ] } },
{ "type": "Feature", "properties": { "LOCATIENUMMER": "4286", "STATUS": "In dienst", "INTERACTIVITEIT": "Niet interactief", "LICHTBRON_GROEP": "MHHP-CR-PGZ12", "BRANDPROGRAMMA": "N", "BRANDPROGRAMMA_GROEP": "N" }, "geometry": { "type": "Point", "coordinates": [ 196383.761999999987893, 196882.48499999998603 ] } },
{ "type": "Feature", "properties": { "LOCATIENUMMER": "137", "STATUS": "In dienst", "INTERACTIVITEIT": "Interactief", "LICHTBRON_GROEP": "LED", "BRANDPROGRAMMA": "BPIV UNI 20-22-23/DIM/4-5-6 VRZA50", "BRANDPROGRAMMA_GROEP": "BPIV DIM" }, "geometry": { "type": "Point", "coordinates": [ 198972.666, 197338.88200000001234 ] } },
{ "type": "Feature", "properties": { "LOCATIENUMMER": "139", "STATUS": "In dienst", "INTERACTIVITEIT": "Interactief", "LICHTBRON_GROEP": "LED", "BRANDPROGRAMMA": "BPIV UNI 20-22-23/DIM/4-5-6 VRZA50", "BRANDPROGRAMMA_GROEP": "BPIV DIM" }, "geometry": { "type": "Point", "coordinates": [ 199056.527, 197352.670000000012806 ] } },
{ "type": "Feature", "properties": { "LOCATIENUMMER": "141", "STATUS": "In dienst", "INTERACTIVITEIT": "Interactief", "LICHTBRON_GROEP": "LED", "BRANDPROGRAMMA": "BPIV UNI 20-22-23/DIM/4-5-6 VRZA50", "BRANDPROGRAMMA_GROEP": "BPIV DIM" }, "geometry": { "type": "Point", "coordinates": [ 199129.465999999985797, 197364.712999999988824 ] } },
{ "type": "Feature", "properties": { "LOCATIENUMMER": "682", "STATUS": "In dienst", "INTERACTIVITEIT": "Interactief-ready", "LICHTBRON_GROEP": "LED", "BRANDPROGRAMMA": "N", "BRANDPROGRAMMA_GROEP": "N" }, "geometry": { "type": "Point", "coordinates": [ 193692.353, 199280.782 ] } },
{ "type": "Feature", "properties": { "LOCATIENUMMER": "680", "STATUS": "In dienst", "INTERACTIVITEIT": "Niet interactief", "LICHTBRON_GROEP": "HGHP", "BRANDPROGRAMMA": "D22H6.30 (Doven)", "BRANDPROGRAMMA_GROEP": "DxxHyy DOV" }, "geometry": { "type": "Point", "coordinates": [ 193753.454999999987194, 199277.51 ] } },
{ "type": "Feature", "properties": { "LOCATIENUMMER": "681", "STATUS": "In dienst", "INTERACTIVITEIT": "Niet interactief", "LICHTBRON_GROEP": "HGHP", "BRANDPROGRAMMA": "D22H6.30 (Doven)", "BRANDPROGRAMMA_GROEP": "DxxHyy DOV" }, "geometry": { "type": "Point", "coordinates": [ 193710.461000000010245, 199284.886 ] } },
{ "type": "Feature", "properties": { "LOCATIENUMMER": "4151", "STATUS": "In dienst", "INTERACTIVITEIT": "Niet interactief", "LICHTBRON_GROEP": "NAHP", "BRANDPROGRAMMA": "D22H6.30 (Doven)", "BRANDPROGRAMMA_GROEP": "DxxHyy DOV" }, "geometry": { "type": "Point", "coordinates": [ 194612.119, 196757.128999999986263 ] } },
{ "type": "Feature", "properties": { "LOCATIENUMMER": "4157", "STATUS": "In dienst", "INTERACTIVITEIT": "Niet interactief", "LICHTBRON_GROEP": "NAHP", "BRANDPROGRAMMA": "D22H6.30 (Doven)", "BRANDPROGRAMMA_GROEP": "DxxHyy DOV" }, "geometry": { "type": "Point", "coordinates": [ 194580.036, 196742.51500000001397 ] } },
{ "type": "Feature", "properties": { "LOCATIENUMMER": "4158", "STATUS": "In dienst", "INTERACTIVITEIT": "Niet interactief", "LICHTBRON_GROEP": "NAHP", "BRANDPROGRAMMA": "D22H6.30 (Doven)", "BRANDPROGRAMMA_GROEP": "DxxHyy DOV" }, "geometry": { "type": "Point", "coordinates": [ 194547.651000000012573, 196727.649 ] } },
{ "type": "Feature", "properties": { "LOCATIENUMMER": "3344", "STATUS": "In dienst", "INTERACTIVITEIT": "Interactief", "LICHTBRON_GROEP": "LED", "BRANDPROGRAMMA": "BPIV UNI 20-22-23/DIM/4-5-6 VRZA50", "BRANDPROGRAMMA_GROEP": "BPIV DIM" }, "geometry": { "type": "Point", "coordinates": [ 195522.011, 197023.602000000013504 ] } },
{ "type": "Feature", "properties": { "LOCATIENUMMER": "4159", "STATUS": "In dienst", "INTERACTIVITEIT": "Niet interactief", "LICHTBRON_GROEP": "NAHP", "BRANDPROGRAMMA": "D22H6.30 (Doven)", "BRANDPROGRAMMA_GROEP": "DxxHyy DOV" }, "geometry": { "type": "Point", "coordinates": [ 194504.528, 196708.477000000013504 ] } },
{ "type": "Feature", "properties": { "LOCATIENUMMER": "4160", "STATUS": "In dienst", "INTERACTIVITEIT": "Niet interactief", "LICHTBRON_GROEP": "NAHP", "BRANDPROGRAMMA": "D22H6.30 (Doven)", "BRANDPROGRAMMA_GROEP": "DxxHyy DOV" }, "geometry": { "type": "Point", "coordinates": [ 194462.326, 196689.204999999987194 ] } },
{ "type": "Feature", "properties": { "LOCATIENUMMER": "4167", "STATUS": "In dienst", "INTERACTIVITEIT": "Niet interactief", "LICHTBRON_GROEP": "NAHP", "BRANDPROGRAMMA": "D22H6.30 (Doven)", "BRANDPROGRAMMA_GROEP": "DxxHyy DOV" }, "geometry": { "type": "Point", "coordinates": [ 194209.092, 196574.503999999986263 ] } },
{ "type": "Feature", "properties": { "LOCATIENUMMER": "4168", "STATUS": "In dienst", "INTERACTIVITEIT": "Niet interactief", "LICHTBRON_GROEP": "NAHP", "BRANDPROGRAMMA": "D22H6.30 (Doven)", "BRANDPROGRAMMA_GROEP": "DxxHyy DOV" }, "geometry": { "type": "Point", "coordinates": [ 194174.99, 196559.09 ] } },
{ "type": "Feature", "properties": { "LOCATIENUMMER": "4169", "STATUS": "In dienst", "INTERACTIVITEIT": "Niet interactief", "LICHTBRON_GROEP": "NAHP", "BRANDPROGRAMMA": "D22H6.30 (Doven)", "BRANDPROGRAMMA_GROEP": "DxxHyy DOV" }, "geometry": { "type": "Point", "coordinates": [ 194142.677, 196544.454 ] } },
{ "type": "Feature", "properties": { "LOCATIENUMMER": "4161", "STATUS": "In dienst", "INTERACTIVITEIT": "Niet interactief", "LICHTBRON_GROEP": "NAHP", "BRANDPROGRAMMA": "D22H6.30 (Doven)", "BRANDPROGRAMMA_GROEP": "DxxHyy DOV" }, "geometry": { "type": "Point", "coordinates": [ 194429.313, 196674.329 ] } },
{ "type": "Feature", "properties": { "LOCATIENUMMER": "4162", "STATUS": "In dienst", "INTERACTIVITEIT": "Niet interactief", "LICHTBRON_GROEP": "NAHP", "BRANDPROGRAMMA": "D22H6.30 (Doven)", "BRANDPROGRAMMA_GROEP": "DxxHyy DOV" }, "geometry": { "type": "Point", "coordinates": [ 194392.797, 196657.714 ] } },
{ "type": "Feature", "properties": { "LOCATIENUMMER": "4163", "STATUS": "In dienst", "INTERACTIVITEIT": "Niet interactief", "LICHTBRON_GROEP": "NAHP", "BRANDPROGRAMMA": "D22H6.30 (Doven)", "BRANDPROGRAMMA_GROEP": "DxxHyy DOV" }, "geometry": { "type": "Point", "coordinates": [ 194352.151000000012573, 196639.325000000011642 ] } },
{ "type": "Feature", "properties": { "LOCATIENUMMER": "4164", "STATUS": "In dienst", "INTERACTIVITEIT": "Niet interactief", "LICHTBRON_GROEP": "NAHP", "BRANDPROGRAMMA": "D22H6.30 (Doven)", "BRANDPROGRAMMA_GROEP": "DxxHyy DOV" }, "geometry": { "type": "Point", "coordinates": [ 194313.105000000010477, 196621.904 ] } },
{ "type": "Feature", "properties": { "LOCATIENUMMER": "4165", "STATUS": "In dienst", "INTERACTIVITEIT": "Niet interactief", "LICHTBRON_GROEP": "NAHP", "BRANDPROGRAMMA": "D22H6.30 (Doven)", "BRANDPROGRAMMA_GROEP": "DxxHyy DOV" }, "geometry": { "type": "Point", "coordinates": [ 194280.802, 196607.090999999985797 ] } },
{ "type": "Feature", "properties": { "LOCATIENUMMER": "4166", "STATUS": "In dienst", "INTERACTIVITEIT": "Niet interactief", "LICHTBRON_GROEP": "NAHP", "BRANDPROGRAMMA": "D22H6.30 (Doven)", "BRANDPROGRAMMA_GROEP": "DxxHyy DOV" }, "geometry": { "type": "Point", "coordinates": [ 194242.791, 196589.809 ] } },
{ "type": "Feature", "properties": { "LOCATIENUMMER": "3091", "STATUS": "In dienst", "INTERACTIVITEIT": "Niet interactief", "LICHTBRON_GROEP": "NAHP", "BRANDPROGRAMMA": "D22H6.30 (Doven)", "BRANDPROGRAMMA_GROEP": "DxxHyy DOV" }, "geometry": { "type": "Point", "coordinates": [ 195539.49, 196997.446 ] } },
{ "type": "Feature", "properties": { "LOCATIENUMMER": "3343", "STATUS": "In dienst", "INTERACTIVITEIT": "Interactief", "LICHTBRON_GROEP": "LED", "BRANDPROGRAMMA": "BPIV UNI 20-22-23/DIM/4-5-6 VRZA50", "BRANDPROGRAMMA_GROEP": "BPIV DIM" }, "geometry": { "type": "Point", "coordinates": [ 195514.093, 197054.593 ] } },
{ "type": "Feature", "properties": { "LOCATIENUMMER": "3090", "STATUS": "In dienst", "INTERACTIVITEIT": "Niet interactief", "LICHTBRON_GROEP": "NAHP", "BRANDPROGRAMMA": "N", "BRANDPROGRAMMA_GROEP": "N" }, "geometry": { "type": "Point", "coordinates": [ 195521.519, 197008.428000000014435 ] } },
{ "type": "Feature", "properties": { "LOCATIENUMMER": "3089", "STATUS": "In dienst", "INTERACTIVITEIT": "Niet interactief", "LICHTBRON_GROEP": "NAHP", "BRANDPROGRAMMA": "N", "BRANDPROGRAMMA_GROEP": "N" }, "geometry": { "type": "Point", "coordinates": [ 195470.86799999998766, 197040.729 ] } },
{ "type": "Feature", "properties": { "LOCATIENUMMER": "3088", "STATUS": "In dienst", "INTERACTIVITEIT": "Niet interactief", "LICHTBRON_GROEP": "NAHP", "BRANDPROGRAMMA": "D22H6.30 (Doven)", "BRANDPROGRAMMA_GROEP": "DxxHyy DOV" }, "geometry": { "type": "Point", "coordinates": [ 195446.752, 197058.738000000012107 ] } },
{ "type": "Feature", "properties": { "LOCATIENUMMER": "4326", "STATUS": "In dienst", "INTERACTIVITEIT": "Niet interactief", "LICHTBRON_GROEP": "LED", "BRANDPROGRAMMA": "D22H6.30 (Doven)", "BRANDPROGRAMMA_GROEP": "DxxHyy DOV" }, "geometry": { "type": "Point", "coordinates": [ 195609.682, 196951.26500000001397 ] } },
{ "type": "Feature", "properties": { "LOCATIENUMMER": "4293", "STATUS": "In dienst", "INTERACTIVITEIT": "Niet interactief", "LICHTBRON_GROEP": "NAHP", "BRANDPROGRAMMA": "N", "BRANDPROGRAMMA_GROEP": "N" }, "geometry": { "type": "Point", "coordinates": [ 195595.521, 196965.280999999988126 ] } },
{ "type": "Feature", "properties": { "LOCATIENUMMER": "3087", "STATUS": "In dienst", "INTERACTIVITEIT": "Niet interactief", "LICHTBRON_GROEP": "NAHP", "BRANDPROGRAMMA": "D22H6.30 (Doven)", "BRANDPROGRAMMA_GROEP": "DxxHyy DOV" }, "geometry": { "type": "Point", "coordinates": [ 195419.367, 197078.835 ] } },
{ "type": "Feature", "properties": { "LOCATIENUMMER": "3092", "STATUS": "In dienst", "INTERACTIVITEIT": "Niet interactief", "LICHTBRON_GROEP": "NAHP", "BRANDPROGRAMMA": "D22H6.30 (Doven)", "BRANDPROGRAMMA_GROEP": "DxxHyy DOV" }, "geometry": { "type": "Point", "coordinates": [ 195400.976, 197092.934 ] } },
{ "type": "Feature", "properties": { "LOCATIENUMMER": "3085", "STATUS": "In dienst", "INTERACTIVITEIT": "Niet interactief", "LICHTBRON_GROEP": "NAHP", "BRANDPROGRAMMA": "N", "BRANDPROGRAMMA_GROEP": "N" }, "geometry": { "type": "Point", "coordinates": [ 195357.005, 197110.668 ] } },
{ "type": "Feature", "properties": { "LOCATIENUMMER": "3449", "STATUS": "In dienst", "INTERACTIVITEIT": "Niet interactief", "LICHTBRON_GROEP": "LED", "BRANDPROGRAMMA": "D22H6.30 (Standaard dimmen)", "BRANDPROGRAMMA_GROEP": "DxxHyy DIM" }, "geometry": { "type": "Point", "coordinates": [ 195648.187, 197008.941 ] } },
{ "type": "Feature", "properties": { "LOCATIENUMMER": "3084", "STATUS": "In dienst", "INTERACTIVITEIT": "Niet interactief", "LICHTBRON_GROEP": "NAHP", "BRANDPROGRAMMA": "D22H6.30 (Doven)", "BRANDPROGRAMMA_GROEP": "DxxHyy DOV" }, "geometry": { "type": "Point", "coordinates": [ 195323.295000000012806, 197099.098 ] } },
{ "type": "Feature", "properties": { "LOCATIENUMMER": "3083", "STATUS": "In dienst", "INTERACTIVITEIT": "Niet interactief", "LICHTBRON_GROEP": "NAHP", "BRANDPROGRAMMA": "D22H6.30 (Doven)", "BRANDPROGRAMMA_GROEP": "DxxHyy DOV" }, "geometry": { "type": "Point", "coordinates": [ 195289.642, 197085.315 ] } },
{ "type": "Feature", "properties": { "LOCATIENUMMER": "3082", "STATUS": "In dienst", "INTERACTIVITEIT": "Niet interactief", "LICHTBRON_GROEP": "NAHP", "BRANDPROGRAMMA": "N", "BRANDPROGRAMMA_GROEP": "N" }, "geometry": { "type": "Point", "coordinates": [ 195257.477000000013504, 197073.883 ] } },
{ "type": "Feature", "properties": { "LOCATIENUMMER": "3081", "STATUS": "In dienst", "INTERACTIVITEIT": "Niet interactief", "LICHTBRON_GROEP": "NAHP", "BRANDPROGRAMMA": "D22H6.30 (Doven)", "BRANDPROGRAMMA_GROEP": "DxxHyy DOV" }, "geometry": { "type": "Point", "coordinates": [ 195218.883, 197059.984 ] } },
{ "type": "Feature", "properties": { "LOCATIENUMMER": "3079", "STATUS": "In dienst", "INTERACTIVITEIT": "Niet interactief", "LICHTBRON_GROEP": "NAHP", "BRANDPROGRAMMA": "D22H6.30 (Doven)", "BRANDPROGRAMMA_GROEP": "DxxHyy DOV" }, "geometry": { "type": "Point", "coordinates": [ 195189.453, 197050.767 ] } },
{ "type": "Feature", "properties": { "LOCATIENUMMER": "3080", "STATUS": "In dienst", "INTERACTIVITEIT": "Niet interactief", "LICHTBRON_GROEP": "NAHP", "BRANDPROGRAMMA": "D22H6.30 (Doven)", "BRANDPROGRAMMA_GROEP": "DxxHyy DOV" }, "geometry": { "type": "Point", "coordinates": [ 195158.461000000010245, 197039.669 ] } },
{ "type": "Feature", "properties": { "LOCATIENUMMER": "3057", "STATUS": "In dienst", "INTERACTIVITEIT": "Interactief", "LICHTBRON_GROEP": "LED", "BRANDPROGRAMMA": "BPIV UNI 20-22-23/DIM/4-5-6 VRZA50", "BRANDPROGRAMMA_GROEP": "BPIV DIM" }, "geometry": { "type": "Point", "coordinates": [ 195145.627, 196994.877 ] } },
{ "type": "Feature", "properties": { "LOCATIENUMMER": "3094", "STATUS": "In dienst", "INTERACTIVITEIT": "Niet interactief", "LICHTBRON_GROEP": "NAHP", "BRANDPROGRAMMA": "N", "BRANDPROGRAMMA_GROEP": "N" }, "geometry": { "type": "Point", "coordinates": [ 195114.392, 197023.524 ] } },
{ "type": "Feature", "properties": { "LOCATIENUMMER": "3093", "STATUS": "In dienst", "INTERACTIVITEIT": "Niet interactief", "LICHTBRON_GROEP": "NAHP", "BRANDPROGRAMMA": "D22H6.30 (Doven)", "BRANDPROGRAMMA_GROEP": "DxxHyy DOV" }, "geometry": { "type": "Point", "coordinates": [ 195078.293, 197014.279 ] } },
{ "type": "Feature", "properties": { "LOCATIENUMMER": "3096", "STATUS": "In dienst", "INTERACTIVITEIT": "Niet interactief", "LICHTBRON_GROEP": "NAHP", "BRANDPROGRAMMA": "D22H6.30 (Doven)", "BRANDPROGRAMMA_GROEP": "DxxHyy DOV" }, "geometry": { "type": "Point", "coordinates": [ 195044.774, 197006.976 ] } },
{ "type": "Feature", "properties": { "LOCATIENUMMER": "3098", "STATUS": "In dienst", "INTERACTIVITEIT": "Niet interactief", "LICHTBRON_GROEP": "NAHP", "BRANDPROGRAMMA": "D22H6.30 (Doven)", "BRANDPROGRAMMA_GROEP": "DxxHyy DOV" }, "geometry": { "type": "Point", "coordinates": [ 194969.339, 196985.003999999986263 ] } },
{ "type": "Feature", "properties": { "LOCATIENUMMER": "3095", "STATUS": "In dienst", "INTERACTIVITEIT": "Niet interactief", "LICHTBRON_GROEP": "NAHP", "BRANDPROGRAMMA": "D22H6.30 (Doven)", "BRANDPROGRAMMA_GROEP": "DxxHyy DOV" }, "geometry": { "type": "Point", "coordinates": [ 195006.913, 196997.855000000010477 ] } },
{ "type": "Feature", "properties": { "LOCATIENUMMER": "3097", "STATUS": "In dienst", "INTERACTIVITEIT": "Niet interactief", "LICHTBRON_GROEP": "NAHP", "BRANDPROGRAMMA": "N", "BRANDPROGRAMMA_GROEP": "N" }, "geometry": { "type": "Point", "coordinates": [ 194932.695, 196966.052 ] } },
{ "type": "Feature", "properties": { "LOCATIENUMMER": "3099", "STATUS": "In dienst", "INTERACTIVITEIT": "Niet interactief", "LICHTBRON_GROEP": "NAHP", "BRANDPROGRAMMA": "N", "BRANDPROGRAMMA_GROEP": "N" }, "geometry": { "type": "Point", "coordinates": [ 194896.413999999989755, 196928.543 ] } },
{ "type": "Feature", "properties": { "LOCATIENUMMER": "3068", "STATUS": "In dienst", "INTERACTIVITEIT": "Niet interactief", "LICHTBRON_GROEP": "NAHP", "BRANDPROGRAMMA": "D22H6.30 (Doven)", "BRANDPROGRAMMA_GROEP": "DxxHyy DOV" }, "geometry": { "type": "Point", "coordinates": [ 194849.82, 196951.709 ] } },
{ "type": "Feature", "properties": { "LOCATIENUMMER": "3102", "STATUS": "In dienst", "INTERACTIVITEIT": "Niet interactief", "LICHTBRON_GROEP": "NAHP", "BRANDPROGRAMMA": "N", "BRANDPROGRAMMA_GROEP": "N" }, "geometry": { "type": "Point", "coordinates": [ 194828.775, 196844.573 ] } },
{ "type": "Feature", "properties": { "LOCATIENUMMER": "3100", "STATUS": "In dienst", "INTERACTIVITEIT": "Niet interactief", "LICHTBRON_GROEP": "NAHP", "BRANDPROGRAMMA": "D22H6.30 (Doven)", "BRANDPROGRAMMA_GROEP": "DxxHyy DOV" }, "geometry": { "type": "Point", "coordinates": [ 194874.139, 196900.536 ] } },
{ "type": "Feature", "properties": { "LOCATIENUMMER": "4156", "STATUS": "In dienst", "INTERACTIVITEIT": "Niet interactief", "LICHTBRON_GROEP": "NAHP", "BRANDPROGRAMMA": "D22H6.30 (Doven)", "BRANDPROGRAMMA_GROEP": "DxxHyy DOV" }, "geometry": { "type": "Point", "coordinates": [ 194792.892, 196816.326 ] } },
{ "type": "Feature", "properties": { "LOCATIENUMMER": "3101", "STATUS": "In dienst", "INTERACTIVITEIT": "Niet interactief", "LICHTBRON_GROEP": "NAHP", "BRANDPROGRAMMA": "D22H6.30 (Doven)", "BRANDPROGRAMMA_GROEP": "DxxHyy DOV" }, "geometry": { "type": "Point", "coordinates": [ 194851.804, 196873.533 ] } },
{ "type": "Feature", "properties": { "LOCATIENUMMER": "4290", "STATUS": "In dienst", "INTERACTIVITEIT": "Niet interactief", "LICHTBRON_GROEP": "NAHP", "BRANDPROGRAMMA": "D22H6.30 (Doven)", "BRANDPROGRAMMA_GROEP": "DxxHyy DOV" }, "geometry": { "type": "Point", "coordinates": [ 195600.595, 196993.688 ] } },
{ "type": "Feature", "properties": { "LOCATIENUMMER": "3086", "STATUS": "In dienst", "INTERACTIVITEIT": "Niet interactief", "LICHTBRON_GROEP": "NAHP", "BRANDPROGRAMMA": "N", "BRANDPROGRAMMA_GROEP": "N" }, "geometry": { "type": "Point", "coordinates": [ 195566.172, 196980.214 ] } },
{ "type": "Feature", "properties": { "LOCATIENUMMER": "4154", "STATUS": "In dienst", "INTERACTIVITEIT": "Niet interactief", "LICHTBRON_GROEP": "NAHP", "BRANDPROGRAMMA": "D22H6.30 (Doven)", "BRANDPROGRAMMA_GROEP": "DxxHyy DOV" }, "geometry": { "type": "Point", "coordinates": [ 194714.643000000010943, 196802.863000000012107 ] } },
{ "type": "Feature", "properties": { "LOCATIENUMMER": "4155", "STATUS": "In dienst", "INTERACTIVITEIT": "Niet interactief", "LICHTBRON_GROEP": "NAHP", "BRANDPROGRAMMA": "D22H6.30 (Doven)", "BRANDPROGRAMMA_GROEP": "DxxHyy DOV" }, "geometry": { "type": "Point", "coordinates": [ 194749.219000000011874, 196809.334 ] } },
{ "type": "Feature", "properties": { "LOCATIENUMMER": "4152", "STATUS": "In dienst", "INTERACTIVITEIT": "Niet interactief", "LICHTBRON_GROEP": "NAHP", "BRANDPROGRAMMA": "D22H6.30 (Doven)", "BRANDPROGRAMMA_GROEP": "DxxHyy DOV" }, "geometry": { "type": "Point", "coordinates": [ 194643.378999999986263, 196771.003999999986263 ] } },
{ "type": "Feature", "properties": { "LOCATIENUMMER": "4153", "STATUS": "In dienst", "INTERACTIVITEIT": "Niet interactief", "LICHTBRON_GROEP": "NAHP", "BRANDPROGRAMMA": "D22H6.30 (Doven)", "BRANDPROGRAMMA_GROEP": "DxxHyy DOV" }, "geometry": { "type": "Point", "coordinates": [ 194670.081, 196783.123 ] } },
{ "type": "Feature", "properties": { "LOCATIENUMMER": "3071", "STATUS": "In dienst", "INTERACTIVITEIT": "Niet interactief", "LICHTBRON_GROEP": "NAHP", "BRANDPROGRAMMA": "N", "BRANDPROGRAMMA_GROEP": "N" }, "geometry": { "type": "Point", "coordinates": [ 194770.438, 196947.279 ] } },
{ "type": "Feature", "properties": { "LOCATIENUMMER": "4127", "STATUS": "In dienst", "INTERACTIVITEIT": "Niet interactief", "LICHTBRON_GROEP": "NAHP", "BRANDPROGRAMMA": "D22H6.30 (Doven)", "BRANDPROGRAMMA_GROEP": "DxxHyy DOV" }, "geometry": { "type": "Point", "coordinates": [ 194207.362, 196878.861 ] } },
{ "type": "Feature", "properties": { "LOCATIENUMMER": "4129", "STATUS": "In dienst", "INTERACTIVITEIT": "Niet interactief", "LICHTBRON_GROEP": "NAHP", "BRANDPROGRAMMA": "D22H6.30 (Doven)", "BRANDPROGRAMMA_GROEP": "DxxHyy DOV" }, "geometry": { "type": "Point", "coordinates": [ 194129.097, 196890.442000000010012 ] } },
{ "type": "Feature", "properties": { "LOCATIENUMMER": "4132", "STATUS": "In dienst", "INTERACTIVITEIT": "Niet interactief", "LICHTBRON_GROEP": "NAHP", "BRANDPROGRAMMA": "D22H6.30 (Doven)", "BRANDPROGRAMMA_GROEP": "DxxHyy DOV" }, "geometry": { "type": "Point", "coordinates": [ 194010.837, 196919.681000000011409 ] } },
{ "type": "Feature", "properties": { "LOCATIENUMMER": "4134", "STATUS": "In dienst", "INTERACTIVITEIT": "Niet interactief", "LICHTBRON_GROEP": "NAHP", "BRANDPROGRAMMA": "D22H6.30 (Doven)", "BRANDPROGRAMMA_GROEP": "DxxHyy DOV" }, "geometry": { "type": "Point", "coordinates": [ 193935.926, 196945.073 ] } },
{ "type": "Feature", "properties": { "LOCATIENUMMER": "4136", "STATUS": "In dienst", "INTERACTIVITEIT": "Niet interactief", "LICHTBRON_GROEP": "NAHP", "BRANDPROGRAMMA": "D22H6.30 (Doven)", "BRANDPROGRAMMA_GROEP": "DxxHyy DOV" }, "geometry": { "type": "Point", "coordinates": [ 193860.502, 197001.441 ] } },
{ "type": "Feature", "properties": { "LOCATIENUMMER": "4173", "STATUS": "In dienst", "INTERACTIVITEIT": "Niet interactief", "LICHTBRON_GROEP": "NALP", "BRANDPROGRAMMA": null, "BRANDPROGRAMMA_GROEP": null }, "geometry": { "type": "Point", "coordinates": [ 193790.049999999988358, 197016.133 ] } },
{ "type": "Feature", "properties": { "LOCATIENUMMER": "4142", "STATUS": "In dienst", "INTERACTIVITEIT": "Niet interactief", "LICHTBRON_GROEP": "NAHP", "BRANDPROGRAMMA": "D22H6.30 (Doven)", "BRANDPROGRAMMA_GROEP": "DxxHyy DOV" }, "geometry": { "type": "Point", "coordinates": [ 194531.889, 196910.503999999986263 ] } },
{ "type": "Feature", "properties": { "LOCATIENUMMER": "4138", "STATUS": "In dienst", "INTERACTIVITEIT": "Niet interactief", "LICHTBRON_GROEP": "NAHP", "BRANDPROGRAMMA": "D22H6.30 (Doven)", "BRANDPROGRAMMA_GROEP": "DxxHyy DOV" }, "geometry": { "type": "Point", "coordinates": [ 194421.07, 196861.431000000011409 ] } },
{ "type": "Feature", "properties": { "LOCATIENUMMER": "4124", "STATUS": "In dienst", "INTERACTIVITEIT": "Niet interactief", "LICHTBRON_GROEP": "NAHP", "BRANDPROGRAMMA": "D22H6.30 (Doven)", "BRANDPROGRAMMA_GROEP": "DxxHyy DOV" }, "geometry": { "type": "Point", "coordinates": [ 194327.788999999989755, 196862.078 ] } },
{ "type": "Feature", "properties": { "LOCATIENUMMER": "1395", "STATUS": "In dienst", "INTERACTIVITEIT": "Interactief", "LICHTBRON_GROEP": "LED", "BRANDPROGRAMMA": "BPIV UNI 20-22-23/DIM/4-5-6 VRZA50", "BRANDPROGRAMMA_GROEP": "BPIV DIM" }, "geometry": { "type": "Point", "coordinates": [ 192964.538, 197578.977000000013504 ] } },
{ "type": "Feature", "properties": { "LOCATIENUMMER": "1397", "STATUS": "In dienst", "INTERACTIVITEIT": "Interactief", "LICHTBRON_GROEP": "LED", "BRANDPROGRAMMA": "BPIV UNI 20-22-23/DIM/4-5-6 VRZA50", "BRANDPROGRAMMA_GROEP": "BPIV DIM" }, "geometry": { "type": "Point", "coordinates": [ 192975.282, 197498.688 ] } },
{ "type": "Feature", "properties": { "LOCATIENUMMER": "1101", "STATUS": "In dienst", "INTERACTIVITEIT": "Interactief-ready", "LICHTBRON_GROEP": "LED", "BRANDPROGRAMMA": "N", "BRANDPROGRAMMA_GROEP": "N" }, "geometry": { "type": "Point", "coordinates": [ 194527.236, 199723.189000000013039 ] } },
{ "type": "Feature", "properties": { "LOCATIENUMMER": "1111", "STATUS": "In dienst", "INTERACTIVITEIT": "Niet interactief", "LICHTBRON_GROEP": "NALP", "BRANDPROGRAMMA": "D22H6.30 (Doven)", "BRANDPROGRAMMA_GROEP": "DxxHyy DOV" }, "geometry": { "type": "Point", "coordinates": [ 194637.809, 199796.369 ] } },
{ "type": "Feature", "properties": { "LOCATIENUMMER": "1301", "STATUS": "In dienst", "INTERACTIVITEIT": "Niet interactief", "LICHTBRON_GROEP": "MHHP-TC", "BRANDPROGRAMMA": "N", "BRANDPROGRAMMA_GROEP": "N" }, "geometry": { "type": "Point", "coordinates": [ 194766.25099999998929, 199847.465999999985797 ] } },
{ "type": "Feature", "properties": { "LOCATIENUMMER": "736", "STATUS": "In dienst", "INTERACTIVITEIT": "Niet interactief", "LICHTBRON_GROEP": "MHHP-QZ", "BRANDPROGRAMMA": "N", "BRANDPROGRAMMA_GROEP": "N" }, "geometry": { "type": "Point", "coordinates": [ 194667.573, 199841.590999999985797 ] } },
{ "type": "Feature", "properties": { "LOCATIENUMMER": "1286", "STATUS": "In dienst", "INTERACTIVITEIT": "Interactief", "LICHTBRON_GROEP": "LED", "BRANDPROGRAMMA": "BPIV UNI 20-22-23/DIM/4-5-6 VRZA50", "BRANDPROGRAMMA_GROEP": "BPIV DIM" }, "geometry": { "type": "Point", "coordinates": [ 194745.586000000010245, 199849.416999999986729 ] } },
{ "type": "Feature", "properties": { "LOCATIENUMMER": "1105", "STATUS": "In dienst", "INTERACTIVITEIT": "Niet interactief", "LICHTBRON_GROEP": "NAHP", "BRANDPROGRAMMA": "N", "BRANDPROGRAMMA_GROEP": "N" }, "geometry": { "type": "Point", "coordinates": [ 194555.589, 199707.529 ] } },
{ "type": "Feature", "properties": { "LOCATIENUMMER": "1092", "STATUS": "In dienst", "INTERACTIVITEIT": "Niet interactief", "LICHTBRON_GROEP": "NAHP", "BRANDPROGRAMMA": "N", "BRANDPROGRAMMA_GROEP": "N" }, "geometry": { "type": "Point", "coordinates": [ 194559.136, 199773.046 ] } },
{ "type": "Feature", "properties": { "LOCATIENUMMER": "1284", "STATUS": "In dienst", "INTERACTIVITEIT": "Interactief", "LICHTBRON_GROEP": "LED", "BRANDPROGRAMMA": "BPIV UNI 20-22-23/DIM/4-5-6 VRZA50", "BRANDPROGRAMMA_GROEP": "BPIV DIM" }, "geometry": { "type": "Point", "coordinates": [ 194928.748, 199841.086000000010245 ] } },
{ "type": "Feature", "properties": { "LOCATIENUMMER": "1288", "STATUS": "In dienst", "INTERACTIVITEIT": "Interactief", "LICHTBRON_GROEP": "LED", "BRANDPROGRAMMA": "BPIV UNI 20-22-23/DIM/4-5-6 VRZA50", "BRANDPROGRAMMA_GROEP": "BPIV DIM" }, "geometry": { "type": "Point", "coordinates": [ 194839.719000000011874, 199878.812 ] } },
{ "type": "Feature", "properties": { "LOCATIENUMMER": "4511", "STATUS": "In dienst", "INTERACTIVITEIT": "Interactief", "LICHTBRON_GROEP": "LED", "BRANDPROGRAMMA": "BPIV UNI 20-22-23/DIM/4-5-6 VRZA50", "BRANDPROGRAMMA_GROEP": "BPIV DIM" }, "geometry": { "type": "Point", "coordinates": [ 194933.071999999985565, 199908.392 ] } },
{ "type": "Feature", "properties": { "LOCATIENUMMER": "1272", "STATUS": "In dienst", "INTERACTIVITEIT": "Interactief", "LICHTBRON_GROEP": "LED", "BRANDPROGRAMMA": "BPIV UNI 20-22-23/DIM/4-5-6 VRZA50", "BRANDPROGRAMMA_GROEP": "BPIV DIM" }, "geometry": { "type": "Point", "coordinates": [ 195141.886999999987893, 199973.016 ] } },
{ "type": "Feature", "properties": { "LOCATIENUMMER": "1271", "STATUS": "In dienst", "INTERACTIVITEIT": "Interactief", "LICHTBRON_GROEP": "LED", "BRANDPROGRAMMA": "BPIV UNI 20-22-23/DIM/4-5-6 VRZA50", "BRANDPROGRAMMA_GROEP": "BPIV DIM" }, "geometry": { "type": "Point", "coordinates": [ 195180.022, 199985.763 ] } },
{ "type": "Feature", "properties": { "LOCATIENUMMER": "1270", "STATUS": "In dienst", "INTERACTIVITEIT": "Interactief", "LICHTBRON_GROEP": "LED", "BRANDPROGRAMMA": "BPIV UNI 20-22-23/DIM/4-5-6 VRZA50", "BRANDPROGRAMMA_GROEP": "BPIV DIM" }, "geometry": { "type": "Point", "coordinates": [ 195217.556000000011409, 200001.701 ] } },
{ "type": "Feature", "properties": { "LOCATIENUMMER": "1268", "STATUS": "In dienst", "INTERACTIVITEIT": "Interactief", "LICHTBRON_GROEP": "LED", "BRANDPROGRAMMA": "BPIV UNI 20-22-23/DIM/4-5-6 VRZA50", "BRANDPROGRAMMA_GROEP": "BPIV DIM" }, "geometry": { "type": "Point", "coordinates": [ 194973.687, 199920.973 ] } },
{ "type": "Feature", "properties": { "LOCATIENUMMER": "1269", "STATUS": "In dienst", "INTERACTIVITEIT": "Interactief", "LICHTBRON_GROEP": "LED", "BRANDPROGRAMMA": "BPIV UNI 20-22-23/DIM/4-5-6 VRZA50", "BRANDPROGRAMMA_GROEP": "BPIV DIM" }, "geometry": { "type": "Point", "coordinates": [ 195255.378, 200021.089 ] } },
{ "type": "Feature", "properties": { "LOCATIENUMMER": "1302", "STATUS": "In dienst", "INTERACTIVITEIT": "Interactief", "LICHTBRON_GROEP": "LED", "BRANDPROGRAMMA": "BPIV UNI 20-22-23/DIM/4-5-6 VRZA50", "BRANDPROGRAMMA_GROEP": "BPIV DIM" }, "geometry": { "type": "Point", "coordinates": [ 195291.965, 200042.984 ] } },
{ "type": "Feature", "properties": { "LOCATIENUMMER": "1303", "STATUS": "In dienst", "INTERACTIVITEIT": "Interactief", "LICHTBRON_GROEP": "LED", "BRANDPROGRAMMA": "BPIV UNI 20-22-23/DIM/4-5-6 VRZA50", "BRANDPROGRAMMA_GROEP": "BPIV DIM" }, "geometry": { "type": "Point", "coordinates": [ 195327.309, 200033.174999999988358 ] } },
{ "type": "Feature", "properties": { "LOCATIENUMMER": "1304", "STATUS": "In dienst", "INTERACTIVITEIT": "Interactief", "LICHTBRON_GROEP": "LED", "BRANDPROGRAMMA": "BPIV UNI 20-22-23/DIM/4-5-6 VRZA50", "BRANDPROGRAMMA_GROEP": "BPIV DIM" }, "geometry": { "type": "Point", "coordinates": [ 195365.155, 200020.226 ] } },
{ "type": "Feature", "properties": { "LOCATIENUMMER": "4677", "STATUS": "In dienst", "INTERACTIVITEIT": "Niet interactief", "LICHTBRON_GROEP": "NAHP", "BRANDPROGRAMMA": "D22H6.30 (Doven)", "BRANDPROGRAMMA_GROEP": "DxxHyy DOV" }, "geometry": { "type": "Point", "coordinates": [ 195330.21, 200066.846 ] } },
{ "type": "Feature", "properties": { "LOCATIENUMMER": "1305", "STATUS": "In dienst", "INTERACTIVITEIT": "Interactief", "LICHTBRON_GROEP": "LED", "BRANDPROGRAMMA": "BPIV UNI 20-22-23/DIM/4-5-6 VRZA50", "BRANDPROGRAMMA_GROEP": "BPIV DIM" }, "geometry": { "type": "Point", "coordinates": [ 195403.106, 200007.57 ] } },
{ "type": "Feature", "properties": { "LOCATIENUMMER": "1306", "STATUS": "In dienst", "INTERACTIVITEIT": "Interactief", "LICHTBRON_GROEP": "LED", "BRANDPROGRAMMA": "BPIV UNI 20-22-23/DIM/4-5-6 VRZA50", "BRANDPROGRAMMA_GROEP": "BPIV DIM" }, "geometry": { "type": "Point", "coordinates": [ 195441.057, 199994.88 ] } },
{ "type": "Feature", "properties": { "LOCATIENUMMER": "1307", "STATUS": "In dienst", "INTERACTIVITEIT": "Interactief", "LICHTBRON_GROEP": "LED", "BRANDPROGRAMMA": "BPIV UNI 20-22-23/DIM/4-5-6 VRZA50", "BRANDPROGRAMMA_GROEP": "BPIV DIM" }, "geometry": { "type": "Point", "coordinates": [ 195459.73499999998603, 199972.628 ] } },
{ "type": "Feature", "properties": { "LOCATIENUMMER": "1308", "STATUS": "In dienst", "INTERACTIVITEIT": "Interactief", "LICHTBRON_GROEP": "LED", "BRANDPROGRAMMA": "BPIV UNI 20-22-23/DIM/4-5-6 VRZA50", "BRANDPROGRAMMA_GROEP": "BPIV DIM" }, "geometry": { "type": "Point", "coordinates": [ 195469.422, 199933.51500000001397 ] } },
{ "type": "Feature", "properties": { "LOCATIENUMMER": "1266", "STATUS": "In dienst", "INTERACTIVITEIT": "Interactief", "LICHTBRON_GROEP": "LED", "BRANDPROGRAMMA": "BPIV UNI 20-22-23/DIM/4-5-6 VRZA50", "BRANDPROGRAMMA_GROEP": "BPIV DIM" }, "geometry": { "type": "Point", "coordinates": [ 195057.5, 199947.198 ] } },
{ "type": "Feature", "properties": { "LOCATIENUMMER": "4556", "STATUS": "In dienst", "INTERACTIVITEIT": "Niet interactief", "LICHTBRON_GROEP": "NALP", "BRANDPROGRAMMA": "D22H6.30 (Doven)", "BRANDPROGRAMMA_GROEP": "DxxHyy DOV" }, "geometry": { "type": "Point", "coordinates": [ 195241.307, 200174.704 ] } },
{ "type": "Feature", "properties": { "LOCATIENUMMER": "4557", "STATUS": "In dienst", "INTERACTIVITEIT": "Niet interactief", "LICHTBRON_GROEP": "NALP", "BRANDPROGRAMMA": "N", "BRANDPROGRAMMA_GROEP": "N" }, "geometry": { "type": "Point", "coordinates": [ 195207.571999999985565, 200176.892 ] } },
{ "type": "Feature", "properties": { "LOCATIENUMMER": "4558", "STATUS": "In dienst", "INTERACTIVITEIT": "Niet interactief", "LICHTBRON_GROEP": "NALP", "BRANDPROGRAMMA": "D22H6.30 (Doven)", "BRANDPROGRAMMA_GROEP": "DxxHyy DOV" }, "geometry": { "type": "Point", "coordinates": [ 195140.462999999988824, 200195.88200000001234 ] } },
{ "type": "Feature", "properties": { "LOCATIENUMMER": "4580", "STATUS": "In dienst", "INTERACTIVITEIT": "Niet interactief", "LICHTBRON_GROEP": "NALP", "BRANDPROGRAMMA": "N", "BRANDPROGRAMMA_GROEP": "N" }, "geometry": { "type": "Point", "coordinates": [ 195309.446999999985565, 200185.671 ] } },
{ "type": "Feature", "properties": { "LOCATIENUMMER": "4581", "STATUS": "In dienst", "INTERACTIVITEIT": "Niet interactief", "LICHTBRON_GROEP": "NALP", "BRANDPROGRAMMA": "D22H6.30 (Doven)", "BRANDPROGRAMMA_GROEP": "DxxHyy DOV" }, "geometry": { "type": "Point", "coordinates": [ 195276.826, 200178.598 ] } },
{ "type": "Feature", "properties": { "LOCATIENUMMER": "4582", "STATUS": "In dienst", "INTERACTIVITEIT": "Niet interactief", "LICHTBRON_GROEP": "NALP", "BRANDPROGRAMMA": "D22H6.30 (Doven)", "BRANDPROGRAMMA_GROEP": "DxxHyy DOV" }, "geometry": { "type": "Point", "coordinates": [ 195173.134, 200184.959 ] } },
{ "type": "Feature", "properties": { "LOCATIENUMMER": "4676", "STATUS": "In dienst", "INTERACTIVITEIT": "Niet interactief", "LICHTBRON_GROEP": "NAHP", "BRANDPROGRAMMA": "D22H6.30 (Doven)", "BRANDPROGRAMMA_GROEP": "DxxHyy DOV" }, "geometry": { "type": "Point", "coordinates": [ 195340.468, 200073.274 ] } },
{ "type": "Feature", "properties": { "LOCATIENUMMER": "1091", "STATUS": "In dienst", "INTERACTIVITEIT": "Niet interactief", "LICHTBRON_GROEP": "NALP", "BRANDPROGRAMMA": "D22H6.30 (Doven)", "BRANDPROGRAMMA_GROEP": "DxxHyy DOV" }, "geometry": { "type": "Point", "coordinates": [ 194578.595, 199753.62 ] } },
{ "type": "Feature", "properties": { "LOCATIENUMMER": "4554", "STATUS": "In dienst", "INTERACTIVITEIT": "Niet interactief", "LICHTBRON_GROEP": "NALP", "BRANDPROGRAMMA": "D22H6.30 (Doven)", "BRANDPROGRAMMA_GROEP": "DxxHyy DOV" }, "geometry": { "type": "Point", "coordinates": [ 195374.745, 200202.047 ] } },
{ "type": "Feature", "properties": { "LOCATIENUMMER": "4579", "STATUS": "In dienst", "INTERACTIVITEIT": "Niet interactief", "LICHTBRON_GROEP": "NALP", "BRANDPROGRAMMA": "D22H6.30 (Doven)", "BRANDPROGRAMMA_GROEP": "DxxHyy DOV" }, "geometry": { "type": "Point", "coordinates": [ 195339.87400000001071, 200202.188 ] } },
{ "type": "Feature", "properties": { "LOCATIENUMMER": "4590", "STATUS": "In dienst", "INTERACTIVITEIT": "Niet interactief", "LICHTBRON_GROEP": "LED", "BRANDPROGRAMMA": "N", "BRANDPROGRAMMA_GROEP": "N" }, "geometry": { "type": "Point", "coordinates": [ 195365.723999999987427, 200141.108 ] } },
{ "type": "Feature", "properties": { "LOCATIENUMMER": "4591", "STATUS": "In dienst", "INTERACTIVITEIT": "Niet interactief", "LICHTBRON_GROEP": "LED", "BRANDPROGRAMMA": "D22H6.30 (Doven)", "BRANDPROGRAMMA_GROEP": "DxxHyy DOV" }, "geometry": { "type": "Point", "coordinates": [ 195356.181000000011409, 200164.63 ] } },
{ "type": "Feature", "properties": { "LOCATIENUMMER": "4552", "STATUS": "In dienst", "INTERACTIVITEIT": "Niet interactief", "LICHTBRON_GROEP": "NALP", "BRANDPROGRAMMA": "N", "BRANDPROGRAMMA_GROEP": "N" }, "geometry": { "type": "Point", "coordinates": [ 195398.37, 200182.408 ] } },
{ "type": "Feature", "properties": { "LOCATIENUMMER": "4553", "STATUS": "In dienst", "INTERACTIVITEIT": "Niet interactief", "LICHTBRON_GROEP": "NALP", "BRANDPROGRAMMA": "N", "BRANDPROGRAMMA_GROEP": "N" }, "geometry": { "type": "Point", "coordinates": [ 195411.353, 200195.99900000001071 ] } },
{ "type": "Feature", "properties": { "LOCATIENUMMER": "4555", "STATUS": "In dienst", "INTERACTIVITEIT": "Niet interactief", "LICHTBRON_GROEP": "NALP", "BRANDPROGRAMMA": "D22H6.30 (Doven)", "BRANDPROGRAMMA_GROEP": "DxxHyy DOV" }, "geometry": { "type": "Point", "coordinates": [ 195408.692000000010012, 200151.269 ] } },
{ "type": "Feature", "properties": { "LOCATIENUMMER": "4584", "STATUS": "In dienst", "INTERACTIVITEIT": "Niet interactief", "LICHTBRON_GROEP": "NAHP", "BRANDPROGRAMMA": "D22H6.30 (Doven)", "BRANDPROGRAMMA_GROEP": "DxxHyy DOV" }, "geometry": { "type": "Point", "coordinates": [ 195357.355000000010477, 200083.892 ] } },
{ "type": "Feature", "properties": { "LOCATIENUMMER": "4585", "STATUS": "In dienst", "INTERACTIVITEIT": "Niet interactief", "LICHTBRON_GROEP": "NAHP", "BRANDPROGRAMMA": "N", "BRANDPROGRAMMA_GROEP": "N" }, "geometry": { "type": "Point", "coordinates": [ 195413.348, 200118.953 ] } },
{ "type": "Feature", "properties": { "LOCATIENUMMER": "4586", "STATUS": "In dienst", "INTERACTIVITEIT": "Niet interactief", "LICHTBRON_GROEP": "NAHP", "BRANDPROGRAMMA": "N", "BRANDPROGRAMMA_GROEP": "N" }, "geometry": { "type": "Point", "coordinates": [ 195451.634, 200142.472 ] } },
{ "type": "Feature", "properties": { "LOCATIENUMMER": "4587", "STATUS": "In dienst", "INTERACTIVITEIT": "Niet interactief", "LICHTBRON_GROEP": "NAHP", "BRANDPROGRAMMA": "D22H6.30 (Doven)", "BRANDPROGRAMMA_GROEP": "DxxHyy DOV" }, "geometry": { "type": "Point", "coordinates": [ 195384.814000000013039, 200100.926 ] } },
{ "type": "Feature", "properties": { "LOCATIENUMMER": "4589", "STATUS": "In dienst", "INTERACTIVITEIT": "Niet interactief", "LICHTBRON_GROEP": "LED", "BRANDPROGRAMMA": "D22H6.30 (Doven)", "BRANDPROGRAMMA_GROEP": "DxxHyy DOV" }, "geometry": { "type": "Point", "coordinates": [ 195376.429, 200114.722 ] } },
{ "type": "Feature", "properties": { "LOCATIENUMMER": "4550", "STATUS": "In dienst", "INTERACTIVITEIT": "Niet interactief", "LICHTBRON_GROEP": "NALP", "BRANDPROGRAMMA": "N", "BRANDPROGRAMMA_GROEP": "N" }, "geometry": { "type": "Point", "coordinates": [ 195477.413999999989755, 200174.641 ] } },
{ "type": "Feature", "properties": { "LOCATIENUMMER": "4551", "STATUS": "In dienst", "INTERACTIVITEIT": "Niet interactief", "LICHTBRON_GROEP": "NALP", "BRANDPROGRAMMA": "D22H6.30 (Doven)", "BRANDPROGRAMMA_GROEP": "DxxHyy DOV" }, "geometry": { "type": "Point", "coordinates": [ 195444.676, 200185.405 ] } },
{ "type": "Feature", "properties": { "LOCATIENUMMER": "4578", "STATUS": "In dienst", "INTERACTIVITEIT": "Niet interactief", "LICHTBRON_GROEP": "NALP", "BRANDPROGRAMMA": "N", "BRANDPROGRAMMA_GROEP": "N" }, "geometry": { "type": "Point", "coordinates": [ 195509.071, 200176.446 ] } },
{ "type": "Feature", "properties": { "LOCATIENUMMER": "4588", "STATUS": "In dienst", "INTERACTIVITEIT": "Niet interactief", "LICHTBRON_GROEP": "NALP", "BRANDPROGRAMMA": "D22H6.30 (Doven)", "BRANDPROGRAMMA_GROEP": "DxxHyy DOV" }, "geometry": { "type": "Point", "coordinates": [ 195468.09, 200159.668 ] } },
{ "type": "Feature", "properties": { "LOCATIENUMMER": "4576", "STATUS": "In dienst", "INTERACTIVITEIT": "Niet interactief", "LICHTBRON_GROEP": "NALP", "BRANDPROGRAMMA": "D22H6.30 (Doven)", "BRANDPROGRAMMA_GROEP": "DxxHyy DOV" }, "geometry": { "type": "Point", "coordinates": [ 195577.248, 200221.335 ] } },
{ "type": "Feature", "properties": { "LOCATIENUMMER": "4577", "STATUS": "In dienst", "INTERACTIVITEIT": "Niet interactief", "LICHTBRON_GROEP": "NAHP", "BRANDPROGRAMMA": "D22H6.30 (Doven)", "BRANDPROGRAMMA_GROEP": "DxxHyy DOV" }, "geometry": { "type": "Point", "coordinates": [ 195542.704, 200199.889 ] } },
{ "type": "Feature", "properties": { "LOCATIENUMMER": "4575", "STATUS": "In dienst", "INTERACTIVITEIT": "Niet interactief", "LICHTBRON_GROEP": "NALP", "BRANDPROGRAMMA": "N", "BRANDPROGRAMMA_GROEP": "N" }, "geometry": { "type": "Point", "coordinates": [ 195611.998, 200244.441 ] } },
{ "type": "Feature", "properties": { "LOCATIENUMMER": "1112", "STATUS": "In dienst", "INTERACTIVITEIT": "Niet interactief", "LICHTBRON_GROEP": "NALP", "BRANDPROGRAMMA": "N", "BRANDPROGRAMMA_GROEP": "N" }, "geometry": { "type": "Point", "coordinates": [ 194669.28, 199816.543 ] } },
{ "type": "Feature", "properties": { "LOCATIENUMMER": "1110", "STATUS": "In dienst", "INTERACTIVITEIT": "Niet interactief", "LICHTBRON_GROEP": "NALP", "BRANDPROGRAMMA": "N", "BRANDPROGRAMMA_GROEP": "N" }, "geometry": { "type": "Point", "coordinates": [ 194605.206, 199774.844000000011874 ] } },
{ "type": "Feature", "properties": { "LOCATIENUMMER": "674", "STATUS": "In dienst", "INTERACTIVITEIT": "Niet interactief", "LICHTBRON_GROEP": "NALP", "BRANDPROGRAMMA": "N", "BRANDPROGRAMMA_GROEP": "N" }, "geometry": { "type": "Point", "coordinates": [ 193812.956, 199324.86799999998766 ] } },
{ "type": "Feature", "properties": { "LOCATIENUMMER": "678", "STATUS": "In dienst", "INTERACTIVITEIT": "Niet interactief", "LICHTBRON_GROEP": "HGHP", "BRANDPROGRAMMA": "D22H6.30 (Doven)", "BRANDPROGRAMMA_GROEP": "DxxHyy DOV" }, "geometry": { "type": "Point", "coordinates": [ 193808.524, 199322.934 ] } },
{ "type": "Feature", "properties": { "LOCATIENUMMER": "667", "STATUS": "In dienst", "INTERACTIVITEIT": "Niet interactief", "LICHTBRON_GROEP": "NALP", "BRANDPROGRAMMA": "N", "BRANDPROGRAMMA_GROEP": "N" }, "geometry": { "type": "Point", "coordinates": [ 193744.506, 199382.158 ] } },
{ "type": "Feature", "properties": { "LOCATIENUMMER": "4635", "STATUS": "In dienst", "INTERACTIVITEIT": "Interactief", "LICHTBRON_GROEP": "LED", "BRANDPROGRAMMA": "BPIV UNI 20-22-23/DIM/4-5-6 VRZA50", "BRANDPROGRAMMA_GROEP": "BPIV DIM" }, "geometry": { "type": "Point", "coordinates": [ 193918.843, 199235.681000000011409 ] } },
{ "type": "Feature", "properties": { "LOCATIENUMMER": "4636", "STATUS": "In dienst", "INTERACTIVITEIT": "Interactief", "LICHTBRON_GROEP": "LED", "BRANDPROGRAMMA": "BPIV UNI 20-22-23/DIM/4-5-6 VRZA50", "BRANDPROGRAMMA_GROEP": "BPIV DIM" }, "geometry": { "type": "Point", "coordinates": [ 193899.106999999989057, 199229.671 ] } },
{ "type": "Feature", "properties": { "LOCATIENUMMER": "4638", "STATUS": "In dienst", "INTERACTIVITEIT": "Interactief", "LICHTBRON_GROEP": "LED", "BRANDPROGRAMMA": "BPIV UNI 20-22-23/DIM/4-5-6 VRZA50", "BRANDPROGRAMMA_GROEP": "BPIV DIM" }, "geometry": { "type": "Point", "coordinates": [ 193890.605000000010477, 199214.416 ] } },
{ "type": "Feature", "properties": { "LOCATIENUMMER": "4639", "STATUS": "In dienst", "INTERACTIVITEIT": "Interactief", "LICHTBRON_GROEP": "LED", "BRANDPROGRAMMA": "BPIV UNI 20-22-23/DIM/4-5-6 VRZA50", "BRANDPROGRAMMA_GROEP": "BPIV DIM" }, "geometry": { "type": "Point", "coordinates": [ 193905.106, 199218.75099999998929 ] } },
{ "type": "Feature", "properties": { "LOCATIENUMMER": "4275", "STATUS": "In dienst", "INTERACTIVITEIT": "Niet interactief", "LICHTBRON_GROEP": "NALP", "BRANDPROGRAMMA": "D22H6.30 (Standaard dimmen)", "BRANDPROGRAMMA_GROEP": "DxxHyy DIM" }, "geometry": { "type": "Point", "coordinates": [ 193985.312, 199189.621000000013737 ] } },
{ "type": "Feature", "properties": { "LOCATIENUMMER": "4637", "STATUS": "In dienst", "INTERACTIVITEIT": "Interactief", "LICHTBRON_GROEP": "LED", "BRANDPROGRAMMA": "BPIV UNI 20-22-23/DIM/4-5-6 VRZA50", "BRANDPROGRAMMA_GROEP": "BPIV DIM" }, "geometry": { "type": "Point", "coordinates": [ 193887.104, 199226.063 ] } },
{ "type": "Feature", "properties": { "LOCATIENUMMER": "4329", "STATUS": "In dienst", "INTERACTIVITEIT": "Niet interactief", "LICHTBRON_GROEP": "DIVERSEN", "BRANDPROGRAMMA": null, "BRANDPROGRAMMA_GROEP": null }, "geometry": { "type": "Point", "coordinates": [ 193884.63, 199267.652 ] } },
{ "type": "Feature", "properties": { "LOCATIENUMMER": "676", "STATUS": "In dienst", "INTERACTIVITEIT": "Niet interactief", "LICHTBRON_GROEP": "NALP", "BRANDPROGRAMMA": "N", "BRANDPROGRAMMA_GROEP": "N" }, "geometry": { "type": "Point", "coordinates": [ 193882.43, 199268.939000000013039 ] } },
{ "type": "Feature", "properties": { "LOCATIENUMMER": "4259", "STATUS": "In dienst", "INTERACTIVITEIT": "Niet interactief", "LICHTBRON_GROEP": "NALP", "BRANDPROGRAMMA": "N", "BRANDPROGRAMMA_GROEP": "N" }, "geometry": { "type": "Point", "coordinates": [ 193953.75700000001234, 199213.00099999998929 ] } },
{ "type": "Feature", "properties": { "LOCATIENUMMER": "4261", "STATUS": "In dienst", "INTERACTIVITEIT": "Niet interactief", "LICHTBRON_GROEP": "NAHP", "BRANDPROGRAMMA": "N", "BRANDPROGRAMMA_GROEP": "N" }, "geometry": { "type": "Point", "coordinates": [ 193922.670000000012806, 199287.684 ] } },
{ "type": "Feature", "properties": { "LOCATIENUMMER": "1012", "STATUS": "In dienst", "INTERACTIVITEIT": "Interactief-ready", "LICHTBRON_GROEP": "LED", "BRANDPROGRAMMA": "N", "BRANDPROGRAMMA_GROEP": "N" }, "geometry": { "type": "Point", "coordinates": [ 193528.237, 197990.918 ] } },
{ "type": "Feature", "properties": { "LOCATIENUMMER": "1013", "STATUS": "In dienst", "INTERACTIVITEIT": "Interactief-ready", "LICHTBRON_GROEP": "LED", "BRANDPROGRAMMA": "D22H6.30 (Doven)", "BRANDPROGRAMMA_GROEP": "DxxHyy DOV" }, "geometry": { "type": "Point", "coordinates": [ 193518.275, 197949.508 ] } },
{ "type": "Feature", "properties": { "LOCATIENUMMER": "1014", "STATUS": "In dienst", "INTERACTIVITEIT": "Interactief-ready", "LICHTBRON_GROEP": "LED", "BRANDPROGRAMMA": "D22H6.30 (Doven)", "BRANDPROGRAMMA_GROEP": "DxxHyy DOV" }, "geometry": { "type": "Point", "coordinates": [ 193511.002, 197906.541999999986729 ] } },
{ "type": "Feature", "properties": { "LOCATIENUMMER": "1022", "STATUS": "In dienst", "INTERACTIVITEIT": "Niet interactief", "LICHTBRON_GROEP": "NAHP", "BRANDPROGRAMMA": "N", "BRANDPROGRAMMA_GROEP": "N" }, "geometry": { "type": "Point", "coordinates": [ 193351.513, 197682.295000000012806 ] } },
{ "type": "Feature", "properties": { "LOCATIENUMMER": "1545", "STATUS": "In dienst", "INTERACTIVITEIT": "Interactief-ready", "LICHTBRON_GROEP": "LED", "BRANDPROGRAMMA": "N", "BRANDPROGRAMMA_GROEP": "N" }, "geometry": { "type": "Point", "coordinates": [ 193476.556000000011409, 197607.587999999988824 ] } },
{ "type": "Feature", "properties": { "LOCATIENUMMER": "1546", "STATUS": "In dienst", "INTERACTIVITEIT": "Interactief-ready", "LICHTBRON_GROEP": "LED", "BRANDPROGRAMMA": "D22H6.30 (Doven)", "BRANDPROGRAMMA_GROEP": "DxxHyy DOV" }, "geometry": { "type": "Point", "coordinates": [ 193486.723999999987427, 197649.68 ] } },
{ "type": "Feature", "properties": { "LOCATIENUMMER": "1541", "STATUS": "In dienst", "INTERACTIVITEIT": "Interactief-ready", "LICHTBRON_GROEP": "LED", "BRANDPROGRAMMA": "N", "BRANDPROGRAMMA_GROEP": "N" }, "geometry": { "type": "Point", "coordinates": [ 193408.188, 197453.718 ] } },
{ "type": "Feature", "properties": { "LOCATIENUMMER": "1543", "STATUS": "In dienst", "INTERACTIVITEIT": "Interactief-ready", "LICHTBRON_GROEP": "LED", "BRANDPROGRAMMA": "N", "BRANDPROGRAMMA_GROEP": "N" }, "geometry": { "type": "Point", "coordinates": [ 193445.025, 197530.419 ] } },
{ "type": "Feature", "properties": { "LOCATIENUMMER": "1538", "STATUS": "In dienst", "INTERACTIVITEIT": "Interactief-ready", "LICHTBRON_GROEP": "LED", "BRANDPROGRAMMA": "N", "BRANDPROGRAMMA_GROEP": "N" }, "geometry": { "type": "Point", "coordinates": [ 193353.115, 197331.113000000012107 ] } },
{ "type": "Feature", "properties": { "LOCATIENUMMER": "1539", "STATUS": "In dienst", "INTERACTIVITEIT": "Interactief-ready", "LICHTBRON_GROEP": "LED", "BRANDPROGRAMMA": "D22H6.30 (Doven)", "BRANDPROGRAMMA_GROEP": "DxxHyy DOV" }, "geometry": { "type": "Point", "coordinates": [ 193368.892, 197373.108 ] } },
{ "type": "Feature", "properties": { "LOCATIENUMMER": "1540", "STATUS": "In dienst", "INTERACTIVITEIT": "Interactief-ready", "LICHTBRON_GROEP": "LED", "BRANDPROGRAMMA": "D22H6.30 (Doven)", "BRANDPROGRAMMA_GROEP": "DxxHyy DOV" }, "geometry": { "type": "Point", "coordinates": [ 193392.206, 197413.551 ] } },
{ "type": "Feature", "properties": { "LOCATIENUMMER": "1542", "STATUS": "In dienst", "INTERACTIVITEIT": "Interactief-ready", "LICHTBRON_GROEP": "LED", "BRANDPROGRAMMA": "D22H6.30 (Doven)", "BRANDPROGRAMMA_GROEP": "DxxHyy DOV" }, "geometry": { "type": "Point", "coordinates": [ 193427.328, 197493.799999999988358 ] } },
{ "type": "Feature", "properties": { "LOCATIENUMMER": "1534", "STATUS": "In dienst", "INTERACTIVITEIT": "Interactief-ready", "LICHTBRON_GROEP": "LED", "BRANDPROGRAMMA": "D22H6.30 (Doven)", "BRANDPROGRAMMA_GROEP": "DxxHyy DOV" }, "geometry": { "type": "Point", "coordinates": [ 193294.753999999986263, 197174.758 ] } },
{ "type": "Feature", "properties": { "LOCATIENUMMER": "1535", "STATUS": "In dienst", "INTERACTIVITEIT": "Interactief-ready", "LICHTBRON_GROEP": "LED", "BRANDPROGRAMMA": "N", "BRANDPROGRAMMA_GROEP": "N" }, "geometry": { "type": "Point", "coordinates": [ 193309.571999999985565, 197213.891 ] } },
{ "type": "Feature", "properties": { "LOCATIENUMMER": "1536", "STATUS": "In dienst", "INTERACTIVITEIT": "Interactief-ready", "LICHTBRON_GROEP": "LED", "BRANDPROGRAMMA": "D22H6.30 (Doven)", "BRANDPROGRAMMA_GROEP": "DxxHyy DOV" }, "geometry": { "type": "Point", "coordinates": [ 193324.934, 197255.766 ] } },
{ "type": "Feature", "properties": { "LOCATIENUMMER": "1537", "STATUS": "In dienst", "INTERACTIVITEIT": "Interactief-ready", "LICHTBRON_GROEP": "LED", "BRANDPROGRAMMA": "D22H6.30 (Doven)", "BRANDPROGRAMMA_GROEP": "DxxHyy DOV" }, "geometry": { "type": "Point", "coordinates": [ 193339.571, 197295.064000000013039 ] } },
{ "type": "Feature", "properties": { "LOCATIENUMMER": "1008", "STATUS": "In dienst", "INTERACTIVITEIT": "Niet interactief", "LICHTBRON_GROEP": "MHHP-QZ", "BRANDPROGRAMMA": "N", "BRANDPROGRAMMA_GROEP": "N" }, "geometry": { "type": "Point", "coordinates": [ 193557.033, 198110.509 ] } },
{ "type": "Feature", "properties": { "LOCATIENUMMER": "1009", "STATUS": "In dienst", "INTERACTIVITEIT": "Niet interactief", "LICHTBRON_GROEP": "MHHP-QZ", "BRANDPROGRAMMA": "N", "BRANDPROGRAMMA_GROEP": "N" }, "geometry": { "type": "Point", "coordinates": [ 193566.0, 198105.590999999985797 ] } },
{ "type": "Feature", "properties": { "LOCATIENUMMER": "1010", "STATUS": "In dienst", "INTERACTIVITEIT": "Interactief-ready", "LICHTBRON_GROEP": "LED", "BRANDPROGRAMMA": "D22H6.30 (Doven)", "BRANDPROGRAMMA_GROEP": "DxxHyy DOV" }, "geometry": { "type": "Point", "coordinates": [ 193548.794, 198070.081 ] } },
{ "type": "Feature", "properties": { "LOCATIENUMMER": "1011", "STATUS": "In dienst", "INTERACTIVITEIT": "Interactief-ready", "LICHTBRON_GROEP": "LED", "BRANDPROGRAMMA": "D22H6.30 (Doven)", "BRANDPROGRAMMA_GROEP": "DxxHyy DOV" }, "geometry": { "type": "Point", "coordinates": [ 193537.065, 198028.85 ] } },
{ "type": "Feature", "properties": { "LOCATIENUMMER": "1027", "STATUS": "In dienst", "INTERACTIVITEIT": "Niet interactief", "LICHTBRON_GROEP": "MHHP-QZ", "BRANDPROGRAMMA": "N", "BRANDPROGRAMMA_GROEP": "N" }, "geometry": { "type": "Point", "coordinates": [ 193588.622, 198141.799 ] } },
{ "type": "Feature", "properties": { "LOCATIENUMMER": "1030", "STATUS": "In dienst", "INTERACTIVITEIT": "Niet interactief", "LICHTBRON_GROEP": "MHHP-QZ", "BRANDPROGRAMMA": "N", "BRANDPROGRAMMA_GROEP": "N" }, "geometry": { "type": "Point", "coordinates": [ 193581.013, 198149.011 ] } },
{ "type": "Feature", "properties": { "LOCATIENUMMER": "1015", "STATUS": "In dienst", "INTERACTIVITEIT": "Interactief-ready", "LICHTBRON_GROEP": "LED", "BRANDPROGRAMMA": "N", "BRANDPROGRAMMA_GROEP": "N" }, "geometry": { "type": "Point", "coordinates": [ 193506.863000000012107, 197863.647999999986496 ] } },
{ "type": "Feature", "properties": { "LOCATIENUMMER": "1016", "STATUS": "In dienst", "INTERACTIVITEIT": "Interactief-ready", "LICHTBRON_GROEP": "LED", "BRANDPROGRAMMA": "D22H6.30 (Doven)", "BRANDPROGRAMMA_GROEP": "DxxHyy DOV" }, "geometry": { "type": "Point", "coordinates": [ 193502.87400000001071, 197819.823 ] } },
{ "type": "Feature", "properties": { "LOCATIENUMMER": "1017", "STATUS": "In dienst", "INTERACTIVITEIT": "Interactief-ready", "LICHTBRON_GROEP": "LED", "BRANDPROGRAMMA": "N", "BRANDPROGRAMMA_GROEP": "N" }, "geometry": { "type": "Point", "coordinates": [ 193499.469000000011874, 197776.01500000001397 ] } },
{ "type": "Feature", "properties": { "LOCATIENUMMER": "1547", "STATUS": "In dienst", "INTERACTIVITEIT": "Interactief-ready", "LICHTBRON_GROEP": "LED", "BRANDPROGRAMMA": "N", "BRANDPROGRAMMA_GROEP": "N" }, "geometry": { "type": "Point", "coordinates": [ 193493.174, 197692.045000000012806 ] } },
{ "type": "Feature", "properties": { "LOCATIENUMMER": "1018", "STATUS": "In dienst", "INTERACTIVITEIT": "Interactief-ready", "LICHTBRON_GROEP": "LED", "BRANDPROGRAMMA": "D22H6.30 (Doven)", "BRANDPROGRAMMA_GROEP": "DxxHyy DOV" }, "geometry": { "type": "Point", "coordinates": [ 193495.995, 197734.331 ] } },
{ "type": "Feature", "properties": { "LOCATIENUMMER": "1544", "STATUS": "In dienst", "INTERACTIVITEIT": "Interactief-ready", "LICHTBRON_GROEP": "LED", "BRANDPROGRAMMA": "D22H6.30 (Doven)", "BRANDPROGRAMMA_GROEP": "DxxHyy DOV" }, "geometry": { "type": "Point", "coordinates": [ 193461.919, 197567.731 ] } },
{ "type": "Feature", "properties": { "LOCATIENUMMER": "663", "STATUS": "In dienst", "INTERACTIVITEIT": "Interactief", "LICHTBRON_GROEP": "LED", "BRANDPROGRAMMA": "BPIV UNI 20-22-23/DIM/4-5-6 VRZA50", "BRANDPROGRAMMA_GROEP": "BPIV DIM" }, "geometry": { "type": "Point", "coordinates": [ 194088.575000000011642, 199928.489 ] } },
{ "type": "Feature", "properties": { "LOCATIENUMMER": "661", "STATUS": "In dienst", "INTERACTIVITEIT": "Interactief", "LICHTBRON_GROEP": "LED", "BRANDPROGRAMMA": "BPIV UNI 20-22-23/DIM/4-5-6 VRZA50", "BRANDPROGRAMMA_GROEP": "BPIV DIM" }, "geometry": { "type": "Point", "coordinates": [ 194146.227000000013504, 199953.75 ] } },
{ "type": "Feature", "properties": { "LOCATIENUMMER": "912", "STATUS": "In dienst", "INTERACTIVITEIT": "Interactief", "LICHTBRON_GROEP": "LED", "BRANDPROGRAMMA": "BPIV UNI 20-22-23/DIM/4-5-6 VRZA50", "BRANDPROGRAMMA_GROEP": "BPIV DIM" }, "geometry": { "type": "Point", "coordinates": [ 194056.208000000013271, 199961.908 ] } },
{ "type": "Feature", "properties": { "LOCATIENUMMER": "907", "STATUS": "In dienst", "INTERACTIVITEIT": "Interactief", "LICHTBRON_GROEP": "LED", "BRANDPROGRAMMA": "BPIV UNI 20-22-23/DIM/4-5-6 VRZA50", "BRANDPROGRAMMA_GROEP": "BPIV DIM" }, "geometry": { "type": "Point", "coordinates": [ 194141.959, 199963.144 ] } },
{ "type": "Feature", "properties": { "LOCATIENUMMER": "908", "STATUS": "In dienst", "INTERACTIVITEIT": "Interactief", "LICHTBRON_GROEP": "LED", "BRANDPROGRAMMA": "BPIV UNI 20-22-23/DIM/4-5-6 VRZA50", "BRANDPROGRAMMA_GROEP": "BPIV DIM" }, "geometry": { "type": "Point", "coordinates": [ 194170.971, 199967.56 ] } },
{ "type": "Feature", "properties": { "LOCATIENUMMER": "909", "STATUS": "In dienst", "INTERACTIVITEIT": "Interactief", "LICHTBRON_GROEP": "LED", "BRANDPROGRAMMA": "BPIV UNI 20-22-23/DIM/4-5-6 VRZA50", "BRANDPROGRAMMA_GROEP": "BPIV DIM" }, "geometry": { "type": "Point", "coordinates": [ 194196.37, 199966.095 ] } },
{ "type": "Feature", "properties": { "LOCATIENUMMER": "4242", "STATUS": "In dienst", "INTERACTIVITEIT": "Niet interactief", "LICHTBRON_GROEP": "NAHP", "BRANDPROGRAMMA": "D23H5 (Doven)", "BRANDPROGRAMMA_GROEP": "DxxHyy DOV" }, "geometry": { "type": "Point", "coordinates": [ 193207.162000000011176, 198854.457 ] } },
{ "type": "Feature", "properties": { "LOCATIENUMMER": "4244", "STATUS": "In dienst", "INTERACTIVITEIT": "Niet interactief", "LICHTBRON_GROEP": "NAHP", "BRANDPROGRAMMA": "D23H5 (Doven)", "BRANDPROGRAMMA_GROEP": "DxxHyy DOV" }, "geometry": { "type": "Point", "coordinates": [ 193177.93, 198769.35 ] } },
{ "type": "Feature", "properties": { "LOCATIENUMMER": "1004", "STATUS": "In dienst", "INTERACTIVITEIT": "Niet interactief", "LICHTBRON_GROEP": "NAHP", "BRANDPROGRAMMA": "N", "BRANDPROGRAMMA_GROEP": "N" }, "geometry": { "type": "Point", "coordinates": [ 193190.017, 198284.477000000013504 ] } },
{ "type": "Feature", "properties": { "LOCATIENUMMER": "3126", "STATUS": "In dienst", "INTERACTIVITEIT": "Niet interactief", "LICHTBRON_GROEP": "NAHP", "BRANDPROGRAMMA": "N", "BRANDPROGRAMMA_GROEP": "N" }, "geometry": { "type": "Point", "coordinates": [ 197377.9, 198471.557 ] } },
{ "type": "Feature", "properties": { "LOCATIENUMMER": "3128", "STATUS": "In dienst", "INTERACTIVITEIT": "Niet interactief", "LICHTBRON_GROEP": "NALP", "BRANDPROGRAMMA": "D22H6.30 (Doven)", "BRANDPROGRAMMA_GROEP": "DxxHyy DOV" }, "geometry": { "type": "Point", "coordinates": [ 197454.030999999988126, 198515.994 ] } },
{ "type": "Feature", "properties": { "LOCATIENUMMER": "3176", "STATUS": "In dienst", "INTERACTIVITEIT": "Niet interactief", "LICHTBRON_GROEP": "NAHP", "BRANDPROGRAMMA": "N", "BRANDPROGRAMMA_GROEP": "N" }, "geometry": { "type": "Point", "coordinates": [ 197085.325000000011642, 198271.291 ] } },
{ "type": "Feature", "properties": { "LOCATIENUMMER": "679", "STATUS": "In dienst", "INTERACTIVITEIT": "Niet interactief", "LICHTBRON_GROEP": "HGHP", "BRANDPROGRAMMA": "N", "BRANDPROGRAMMA_GROEP": "N" }, "geometry": { "type": "Point", "coordinates": [ 193778.901000000012573, 199285.82 ] } },
{ "type": "Feature", "properties": { "LOCATIENUMMER": "688", "STATUS": "In dienst", "INTERACTIVITEIT": "Niet interactief", "LICHTBRON_GROEP": "HGHP", "BRANDPROGRAMMA": "N", "BRANDPROGRAMMA_GROEP": "N" }, "geometry": { "type": "Point", "coordinates": [ 193678.223999999987427, 199204.29 ] } },
{ "type": "Feature", "properties": { "LOCATIENUMMER": "687", "STATUS": "In dienst", "INTERACTIVITEIT": "Niet interactief", "LICHTBRON_GROEP": "HGHP", "BRANDPROGRAMMA": "D22H6.30 (Doven)", "BRANDPROGRAMMA_GROEP": "DxxHyy DOV" }, "geometry": { "type": "Point", "coordinates": [ 193703.424, 199190.517 ] } },
{ "type": "Feature", "properties": { "LOCATIENUMMER": "4274", "STATUS": "In dienst", "INTERACTIVITEIT": "Niet interactief", "LICHTBRON_GROEP": "NAHP", "BRANDPROGRAMMA": "D22H6.30 (Doven)", "BRANDPROGRAMMA_GROEP": "DxxHyy DOV" }, "geometry": { "type": "Point", "coordinates": [ 193795.094000000011874, 199191.419 ] } },
{ "type": "Feature", "properties": { "LOCATIENUMMER": "686", "STATUS": "In dienst", "INTERACTIVITEIT": "Niet interactief", "LICHTBRON_GROEP": "HGHP", "BRANDPROGRAMMA": "D22H6.30 (Doven)", "BRANDPROGRAMMA_GROEP": "DxxHyy DOV" }, "geometry": { "type": "Point", "coordinates": [ 193749.965999999985797, 199208.53 ] } },
{ "type": "Feature", "properties": { "LOCATIENUMMER": "4629", "STATUS": "In dienst", "INTERACTIVITEIT": "Interactief", "LICHTBRON_GROEP": "LED", "BRANDPROGRAMMA": "BPIV UNI 20-22-23/DIM/4-5-6 VRZA50", "BRANDPROGRAMMA_GROEP": "BPIV DIM" }, "geometry": { "type": "Point", "coordinates": [ 196386.563, 197002.18 ] } },
{ "type": "Feature", "properties": { "LOCATIENUMMER": "4631", "STATUS": "In dienst", "INTERACTIVITEIT": "Interactief", "LICHTBRON_GROEP": "LED", "BRANDPROGRAMMA": "BPIV UNI 20-22-23/DIM/4-5-6 VRZA50", "BRANDPROGRAMMA_GROEP": "BPIV DIM" }, "geometry": { "type": "Point", "coordinates": [ 196413.299, 196982.199 ] } },
{ "type": "Feature", "properties": { "LOCATIENUMMER": "4630", "STATUS": "In dienst", "INTERACTIVITEIT": "Interactief", "LICHTBRON_GROEP": "LED", "BRANDPROGRAMMA": "BPIV UNI 20-22-23/DIM/4-5-6 VRZA50", "BRANDPROGRAMMA_GROEP": "BPIV DIM" }, "geometry": { "type": "Point", "coordinates": [ 196392.54, 196979.802 ] } },
{ "type": "Feature", "properties": { "LOCATIENUMMER": "4306", "STATUS": "In dienst", "INTERACTIVITEIT": "Interactief-ready", "LICHTBRON_GROEP": "LED", "BRANDPROGRAMMA": "D22H6.30 (Doven)", "BRANDPROGRAMMA_GROEP": "DxxHyy DOV" }, "geometry": { "type": "Point", "coordinates": [ 196387.337999999988824, 196965.104 ] } },
{ "type": "Feature", "properties": { "LOCATIENUMMER": "2344", "STATUS": "In dienst", "INTERACTIVITEIT": "Niet interactief", "LICHTBRON_GROEP": "NAHP", "BRANDPROGRAMMA": "N", "BRANDPROGRAMMA_GROEP": "N" }, "geometry": { "type": "Point", "coordinates": [ 193392.508, 195602.172 ] } },
{ "type": "Feature", "properties": { "LOCATIENUMMER": "2731", "STATUS": "In dienst", "INTERACTIVITEIT": "Niet interactief", "LICHTBRON_GROEP": "NAHP", "BRANDPROGRAMMA": "N", "BRANDPROGRAMMA_GROEP": "N" }, "geometry": { "type": "Point", "coordinates": [ 194388.73499999998603, 195351.219000000011874 ] } },
{ "type": "Feature", "properties": { "LOCATIENUMMER": "2730", "STATUS": "In dienst", "INTERACTIVITEIT": "Niet interactief", "LICHTBRON_GROEP": "NAHP", "BRANDPROGRAMMA": "D22H6.30 (Doven)", "BRANDPROGRAMMA_GROEP": "DxxHyy DOV" }, "geometry": { "type": "Point", "coordinates": [ 194422.343, 195353.625 ] } },
{ "type": "Feature", "properties": { "LOCATIENUMMER": "2729", "STATUS": "In dienst", "INTERACTIVITEIT": "Niet interactief", "LICHTBRON_GROEP": "NAHP", "BRANDPROGRAMMA": "D22H6.30 (Doven)", "BRANDPROGRAMMA_GROEP": "DxxHyy DOV" }, "geometry": { "type": "Point", "coordinates": [ 194457.998, 195353.105000000010477 ] } },
{ "type": "Feature", "properties": { "LOCATIENUMMER": "2728", "STATUS": "In dienst", "INTERACTIVITEIT": "Niet interactief", "LICHTBRON_GROEP": "NAHP", "BRANDPROGRAMMA": "N", "BRANDPROGRAMMA_GROEP": "N" }, "geometry": { "type": "Point", "coordinates": [ 194491.291999999986729, 195347.478 ] } },
{ "type": "Feature", "properties": { "LOCATIENUMMER": "1694", "STATUS": "In dienst", "INTERACTIVITEIT": "Interactief", "LICHTBRON_GROEP": "LED", "BRANDPROGRAMMA": "BPIV UNI 20-22-23/DIM/4-5-6 VRZA50", "BRANDPROGRAMMA_GROEP": "BPIV DIM" }, "geometry": { "type": "Point", "coordinates": [ 193474.867, 195554.881 ] } },
{ "type": "Feature", "properties": { "LOCATIENUMMER": "2727", "STATUS": "In dienst", "INTERACTIVITEIT": "Niet interactief", "LICHTBRON_GROEP": "NAHP", "BRANDPROGRAMMA": "D22H6.30 (Doven)", "BRANDPROGRAMMA_GROEP": "DxxHyy DOV" }, "geometry": { "type": "Point", "coordinates": [ 194538.165, 195337.272 ] } },
{ "type": "Feature", "properties": { "LOCATIENUMMER": "2708", "STATUS": "In dienst", "INTERACTIVITEIT": "Niet interactief", "LICHTBRON_GROEP": "NALP", "BRANDPROGRAMMA": "D22H6.30 (Doven)", "BRANDPROGRAMMA_GROEP": "DxxHyy DOV" }, "geometry": { "type": "Point", "coordinates": [ 194576.875, 195311.473999999987427 ] } },
{ "type": "Feature", "properties": { "LOCATIENUMMER": "2709", "STATUS": "In dienst", "INTERACTIVITEIT": "Niet interactief", "LICHTBRON_GROEP": "NAHP", "BRANDPROGRAMMA": "N", "BRANDPROGRAMMA_GROEP": "N" }, "geometry": { "type": "Point", "coordinates": [ 194577.858, 195328.329999999987194 ] } },
{ "type": "Feature", "properties": { "LOCATIENUMMER": "2726", "STATUS": "In dienst", "INTERACTIVITEIT": "Niet interactief", "LICHTBRON_GROEP": "NALP", "BRANDPROGRAMMA": "N", "BRANDPROGRAMMA_GROEP": "N" }, "geometry": { "type": "Point", "coordinates": [ 194502.00099999998929, 195364.159000000014203 ] } },
{ "type": "Feature", "properties": { "LOCATIENUMMER": "2715", "STATUS": "In dienst", "INTERACTIVITEIT": "Niet interactief", "LICHTBRON_GROEP": "NALP", "BRANDPROGRAMMA": "N", "BRANDPROGRAMMA_GROEP": "N" }, "geometry": { "type": "Point", "coordinates": [ 194604.878999999986263, 195237.728 ] } },
{ "type": "Feature", "properties": { "LOCATIENUMMER": "2711", "STATUS": "In dienst", "INTERACTIVITEIT": "Niet interactief", "LICHTBRON_GROEP": "NAHP", "BRANDPROGRAMMA": "D22H6.30 (Doven)", "BRANDPROGRAMMA_GROEP": "DxxHyy DOV" }, "geometry": { "type": "Point", "coordinates": [ 194611.86799999998766, 195321.174 ] } },
{ "type": "Feature", "properties": { "LOCATIENUMMER": "2710", "STATUS": "In dienst", "INTERACTIVITEIT": "Niet interactief", "LICHTBRON_GROEP": "NAHP", "BRANDPROGRAMMA": "N", "BRANDPROGRAMMA_GROEP": "N" }, "geometry": { "type": "Point", "coordinates": [ 194651.505, 195313.753 ] } },
{ "type": "Feature", "properties": { "LOCATIENUMMER": "1700", "STATUS": "In dienst", "INTERACTIVITEIT": "Niet interactief", "LICHTBRON_GROEP": "MHHP-CR", "BRANDPROGRAMMA": "D22H6.30 (Doven)", "BRANDPROGRAMMA_GROEP": "DxxHyy DOV" }, "geometry": { "type": "Point", "coordinates": [ 193510.461000000010245, 195557.005 ] } },
{ "type": "Feature", "properties": { "LOCATIENUMMER": "99104", "STATUS": "In dienst", "INTERACTIVITEIT": "Niet interactief", "LICHTBRON_GROEP": "MHHP-CR", "BRANDPROGRAMMA": "D22H6.30 (Doven)", "BRANDPROGRAMMA_GROEP": "DxxHyy DOV" }, "geometry": { "type": "Point", "coordinates": [ 193505.193, 195573.916999999986729 ] } },
{ "type": "Feature", "properties": { "LOCATIENUMMER": "2712", "STATUS": "In dienst", "INTERACTIVITEIT": "Niet interactief", "LICHTBRON_GROEP": "NAHP", "BRANDPROGRAMMA": "D22H6.30 (Doven)", "BRANDPROGRAMMA_GROEP": "DxxHyy DOV" }, "geometry": { "type": "Point", "coordinates": [ 194689.942000000010012, 195307.267 ] } },
{ "type": "Feature", "properties": { "LOCATIENUMMER": "2714", "STATUS": "In dienst", "INTERACTIVITEIT": "Niet interactief", "LICHTBRON_GROEP": "NAHP", "BRANDPROGRAMMA": "D22H6.30 (Doven)", "BRANDPROGRAMMA_GROEP": "DxxHyy DOV" }, "geometry": { "type": "Point", "coordinates": [ 194725.806000000011409, 195301.577 ] } },
{ "type": "Feature", "properties": { "LOCATIENUMMER": "2713", "STATUS": "In dienst", "INTERACTIVITEIT": "Niet interactief", "LICHTBRON_GROEP": "NAHP", "BRANDPROGRAMMA": "N", "BRANDPROGRAMMA_GROEP": "N" }, "geometry": { "type": "Point", "coordinates": [ 194761.275, 195295.816 ] } },
{ "type": "Feature", "properties": { "LOCATIENUMMER": "2707", "STATUS": "In dienst", "INTERACTIVITEIT": "Niet interactief", "LICHTBRON_GROEP": "NAHP", "BRANDPROGRAMMA": "D22H6.30 (Doven)", "BRANDPROGRAMMA_GROEP": "DxxHyy DOV" }, "geometry": { "type": "Point", "coordinates": [ 194800.853, 195289.274 ] } },
{ "type": "Feature", "properties": { "LOCATIENUMMER": "2706", "STATUS": "In dienst", "INTERACTIVITEIT": "Niet interactief", "LICHTBRON_GROEP": "NAHP", "BRANDPROGRAMMA": "D22H6.30 (Doven)", "BRANDPROGRAMMA_GROEP": "DxxHyy DOV" }, "geometry": { "type": "Point", "coordinates": [ 194843.902, 195282.761999999987893 ] } },
{ "type": "Feature", "properties": { "LOCATIENUMMER": "2705", "STATUS": "In dienst", "INTERACTIVITEIT": "Niet interactief", "LICHTBRON_GROEP": "NAHP", "BRANDPROGRAMMA": "N", "BRANDPROGRAMMA_GROEP": "N" }, "geometry": { "type": "Point", "coordinates": [ 194876.954999999987194, 195277.423 ] } },
{ "type": "Feature", "properties": { "LOCATIENUMMER": "1697", "STATUS": "In dienst", "INTERACTIVITEIT": "Niet interactief", "LICHTBRON_GROEP": "MHHP-CR", "BRANDPROGRAMMA": "D22H6.30 (Doven)", "BRANDPROGRAMMA_GROEP": "DxxHyy DOV" }, "geometry": { "type": "Point", "coordinates": [ 193533.797, 195563.014 ] } },
{ "type": "Feature", "properties": { "LOCATIENUMMER": "1698", "STATUS": "In dienst", "INTERACTIVITEIT": "Niet interactief", "LICHTBRON_GROEP": "MHHP-CR", "BRANDPROGRAMMA": "D22H6.30 (Doven)", "BRANDPROGRAMMA_GROEP": "DxxHyy DOV" }, "geometry": { "type": "Point", "coordinates": [ 193529.926, 195551.506 ] } },
{ "type": "Feature", "properties": { "LOCATIENUMMER": "1699", "STATUS": "In dienst", "INTERACTIVITEIT": "Niet interactief", "LICHTBRON_GROEP": "MHHP-CR", "BRANDPROGRAMMA": "D22H6.30 (Doven)", "BRANDPROGRAMMA_GROEP": "DxxHyy DOV" }, "geometry": { "type": "Point", "coordinates": [ 193514.856999999989057, 195568.173 ] } },
{ "type": "Feature", "properties": { "LOCATIENUMMER": "1699", "STATUS": "In dienst", "INTERACTIVITEIT": "Niet interactief", "LICHTBRON_GROEP": "MHHP-CR", "BRANDPROGRAMMA": "D22H6.30 (Doven)", "BRANDPROGRAMMA_GROEP": "DxxHyy DOV" }, "geometry": { "type": "Point", "coordinates": [ 193507.861, 195590.568 ] } },
{ "type": "Feature", "properties": { "LOCATIENUMMER": "1701", "STATUS": "In dienst", "INTERACTIVITEIT": "Niet interactief", "LICHTBRON_GROEP": "MHHP-CR", "BRANDPROGRAMMA": "D22H6.30 (Doven)", "BRANDPROGRAMMA_GROEP": "DxxHyy DOV" }, "geometry": { "type": "Point", "coordinates": [ 193523.057999999989988, 195595.959 ] } },
{ "type": "Feature", "properties": { "LOCATIENUMMER": "1701", "STATUS": "In dienst", "INTERACTIVITEIT": "Niet interactief", "LICHTBRON_GROEP": "MHHP-CR", "BRANDPROGRAMMA": "D22H6.30 (Doven)", "BRANDPROGRAMMA_GROEP": "DxxHyy DOV" }, "geometry": { "type": "Point", "coordinates": [ 193535.587999999988824, 195613.526000000012573 ] } },
{ "type": "Feature", "properties": { "LOCATIENUMMER": "1701", "STATUS": "In dienst", "INTERACTIVITEIT": "Niet interactief", "LICHTBRON_GROEP": "MHHP-CR", "BRANDPROGRAMMA": "D22H6.30 (Doven)", "BRANDPROGRAMMA_GROEP": "DxxHyy DOV" }, "geometry": { "type": "Point", "coordinates": [ 193533.036, 195592.549 ] } },
{ "type": "Feature", "properties": { "LOCATIENUMMER": "99103", "STATUS": "In dienst", "INTERACTIVITEIT": "Niet interactief", "LICHTBRON_GROEP": "MHHP-CR", "BRANDPROGRAMMA": "D22H6.30 (Doven)", "BRANDPROGRAMMA_GROEP": "DxxHyy DOV" }, "geometry": { "type": "Point", "coordinates": [ 193528.832, 195578.996000000013737 ] } },
{ "type": "Feature", "properties": { "LOCATIENUMMER": "1697", "STATUS": "In dienst", "INTERACTIVITEIT": "Niet interactief", "LICHTBRON_GROEP": "MHHP-CR", "BRANDPROGRAMMA": "D22H6.30 (Doven)", "BRANDPROGRAMMA_GROEP": "DxxHyy DOV" }, "geometry": { "type": "Point", "coordinates": [ 193540.685, 195575.329999999987194 ] } },
{ "type": "Feature", "properties": { "LOCATIENUMMER": "99102", "STATUS": "In dienst", "INTERACTIVITEIT": "Niet interactief", "LICHTBRON_GROEP": "MHHP-CR", "BRANDPROGRAMMA": "D22H6.30 (Doven)", "BRANDPROGRAMMA_GROEP": "DxxHyy DOV" }, "geometry": { "type": "Point", "coordinates": [ 193564.780999999988126, 195537.687 ] } },
{ "type": "Feature", "properties": { "LOCATIENUMMER": "2704", "STATUS": "In dienst", "INTERACTIVITEIT": "Niet interactief", "LICHTBRON_GROEP": "NAHP", "BRANDPROGRAMMA": "N", "BRANDPROGRAMMA_GROEP": "N" }, "geometry": { "type": "Point", "coordinates": [ 194915.684, 195271.698 ] } },
{ "type": "Feature", "properties": { "LOCATIENUMMER": "2702", "STATUS": "In dienst", "INTERACTIVITEIT": "Niet interactief", "LICHTBRON_GROEP": "NALP", "BRANDPROGRAMMA": "N", "BRANDPROGRAMMA_GROEP": "N" }, "geometry": { "type": "Point", "coordinates": [ 194960.117, 195253.699 ] } },
{ "type": "Feature", "properties": { "LOCATIENUMMER": "2703", "STATUS": "In dienst", "INTERACTIVITEIT": "Niet interactief", "LICHTBRON_GROEP": "NAHP", "BRANDPROGRAMMA": "N", "BRANDPROGRAMMA_GROEP": "N" }, "geometry": { "type": "Point", "coordinates": [ 194959.843, 195264.131 ] } },
{ "type": "Feature", "properties": { "LOCATIENUMMER": "2701", "STATUS": "In dienst", "INTERACTIVITEIT": "Niet interactief", "LICHTBRON_GROEP": "NAHP", "BRANDPROGRAMMA": "N", "BRANDPROGRAMMA_GROEP": "N" }, "geometry": { "type": "Point", "coordinates": [ 194922.888, 195123.318 ] } },
{ "type": "Feature", "properties": { "LOCATIENUMMER": "1689", "STATUS": "In dienst", "INTERACTIVITEIT": "Interactief", "LICHTBRON_GROEP": "LED", "BRANDPROGRAMMA": "BPIV UNI 20-22-23/DIM/4-5-6 VRZA50", "BRANDPROGRAMMA_GROEP": "BPIV DIM" }, "geometry": { "type": "Point", "coordinates": [ 193669.668, 195483.454 ] } },
{ "type": "Feature", "properties": { "LOCATIENUMMER": "1684", "STATUS": "In dienst", "INTERACTIVITEIT": "Interactief", "LICHTBRON_GROEP": "LED", "BRANDPROGRAMMA": "BPIV UNI 20-22-23/DIM/4-5-6 VRZA50", "BRANDPROGRAMMA_GROEP": "BPIV DIM" }, "geometry": { "type": "Point", "coordinates": [ 193702.75099999998929, 195471.904 ] } },
{ "type": "Feature", "properties": { "LOCATIENUMMER": "1691", "STATUS": "In dienst", "INTERACTIVITEIT": "Interactief", "LICHTBRON_GROEP": "LED", "BRANDPROGRAMMA": "BPIV UNI 20-22-23/DIM/4-5-6 VRZA50", "BRANDPROGRAMMA_GROEP": "BPIV DIM" }, "geometry": { "type": "Point", "coordinates": [ 193589.297, 195512.94 ] } },
{ "type": "Feature", "properties": { "LOCATIENUMMER": "1690", "STATUS": "In dienst", "INTERACTIVITEIT": "Interactief", "LICHTBRON_GROEP": "LED", "BRANDPROGRAMMA": "BPIV UNI 20-22-23/DIM/4-5-6 VRZA50", "BRANDPROGRAMMA_GROEP": "BPIV DIM" }, "geometry": { "type": "Point", "coordinates": [ 193631.505, 195497.676 ] } },
{ "type": "Feature", "properties": { "LOCATIENUMMER": "1685", "STATUS": "In dienst", "INTERACTIVITEIT": "Interactief", "LICHTBRON_GROEP": "LED", "BRANDPROGRAMMA": "BPIV UNI 20-22-23/DIM/4-5-6 VRZA50", "BRANDPROGRAMMA_GROEP": "BPIV DIM" }, "geometry": { "type": "Point", "coordinates": [ 193737.415, 195458.418 ] } },
{ "type": "Feature", "properties": { "LOCATIENUMMER": "1696", "STATUS": "In dienst", "INTERACTIVITEIT": "Interactief", "LICHTBRON_GROEP": "LED", "BRANDPROGRAMMA": "BPIV UNI 20-22-23/DIM/4-5-6 VRZA50", "BRANDPROGRAMMA_GROEP": "BPIV DIM" }, "geometry": { "type": "Point", "coordinates": [ 193425.327, 195598.661 ] } },
{ "type": "Feature", "properties": { "LOCATIENUMMER": "1686", "STATUS": "In dienst", "INTERACTIVITEIT": "Interactief", "LICHTBRON_GROEP": "LED", "BRANDPROGRAMMA": "BPIV UNI 20-22-23/DIM/4-5-6 VRZA50", "BRANDPROGRAMMA_GROEP": "BPIV DIM" }, "geometry": { "type": "Point", "coordinates": [ 193771.078, 195447.204999999987194 ] } },
{ "type": "Feature", "properties": { "LOCATIENUMMER": "1687", "STATUS": "In dienst", "INTERACTIVITEIT": "Interactief", "LICHTBRON_GROEP": "LED", "BRANDPROGRAMMA": "BPIV UNI 20-22-23/DIM/4-5-6 VRZA50", "BRANDPROGRAMMA_GROEP": "BPIV DIM" }, "geometry": { "type": "Point", "coordinates": [ 193806.676, 195434.26 ] } },
{ "type": "Feature", "properties": { "LOCATIENUMMER": "1693", "STATUS": "In dienst", "INTERACTIVITEIT": "Interactief", "LICHTBRON_GROEP": "LED", "BRANDPROGRAMMA": "BPIV UNI 20-22-23/DIM/4-5-6 VRZA50", "BRANDPROGRAMMA_GROEP": "BPIV DIM" }, "geometry": { "type": "Point", "coordinates": [ 193505.386999999987893, 195542.636999999987893 ] } },
{ "type": "Feature", "properties": { "LOCATIENUMMER": "1688", "STATUS": "In dienst", "INTERACTIVITEIT": "Interactief", "LICHTBRON_GROEP": "LED", "BRANDPROGRAMMA": "BPIV UNI 20-22-23/DIM/4-5-6 VRZA50", "BRANDPROGRAMMA_GROEP": "BPIV DIM" }, "geometry": { "type": "Point", "coordinates": [ 193843.748, 195421.12400000001071 ] } },
{ "type": "Feature", "properties": { "LOCATIENUMMER": "2959", "STATUS": "In dienst", "INTERACTIVITEIT": "Interactief", "LICHTBRON_GROEP": "LED", "BRANDPROGRAMMA": "BPIV UNI 20-22-23/DIM/4-5-6 VRZA50", "BRANDPROGRAMMA_GROEP": "BPIV DIM" }, "geometry": { "type": "Point", "coordinates": [ 193912.343, 195396.518000000010943 ] } },
{ "type": "Feature", "properties": { "LOCATIENUMMER": "2920", "STATUS": "In dienst", "INTERACTIVITEIT": "Interactief", "LICHTBRON_GROEP": "LED", "BRANDPROGRAMMA": "BPIV UNI 20-22-23/DIM/4-5-6 VRZA50", "BRANDPROGRAMMA_GROEP": "BPIV DIM" }, "geometry": { "type": "Point", "coordinates": [ 193872.503, 195410.791999999986729 ] } },
{ "type": "Feature", "properties": { "LOCATIENUMMER": "2958", "STATUS": "In dienst", "INTERACTIVITEIT": "Interactief", "LICHTBRON_GROEP": "LED", "BRANDPROGRAMMA": "BPIV UNI 20-22-23/DIM/4-5-6 VRZA50", "BRANDPROGRAMMA_GROEP": "BPIV DIM" }, "geometry": { "type": "Point", "coordinates": [ 193952.991, 195381.428000000014435 ] } },
{ "type": "Feature", "properties": { "LOCATIENUMMER": "2957", "STATUS": "In dienst", "INTERACTIVITEIT": "Interactief", "LICHTBRON_GROEP": "LED", "BRANDPROGRAMMA": "BPIV UNI 20-22-23/DIM/4-5-6 VRZA50", "BRANDPROGRAMMA_GROEP": "BPIV DIM" }, "geometry": { "type": "Point", "coordinates": [ 193990.747, 195367.927 ] } },
{ "type": "Feature", "properties": { "LOCATIENUMMER": "2956", "STATUS": "In dienst", "INTERACTIVITEIT": "Interactief", "LICHTBRON_GROEP": "LED", "BRANDPROGRAMMA": "BPIV UNI 20-22-23/DIM/4-5-6 VRZA50", "BRANDPROGRAMMA_GROEP": "BPIV DIM" }, "geometry": { "type": "Point", "coordinates": [ 194028.755, 195355.372 ] } },
{ "type": "Feature", "properties": { "LOCATIENUMMER": "2923", "STATUS": "In dienst", "INTERACTIVITEIT": "Interactief", "LICHTBRON_GROEP": "LED", "BRANDPROGRAMMA": "BPIV UNI 20-22-23/DIM/4-5-6 VRZA50", "BRANDPROGRAMMA_GROEP": "BPIV DIM" }, "geometry": { "type": "Point", "coordinates": [ 194054.13200000001234, 195333.590999999985797 ] } },
{ "type": "Feature", "properties": { "LOCATIENUMMER": "2927", "STATUS": "In dienst", "INTERACTIVITEIT": "Interactief", "LICHTBRON_GROEP": "LED", "BRANDPROGRAMMA": "BPIV UNI 20-22-23/DIM/4-5-6 VRZA50", "BRANDPROGRAMMA_GROEP": "BPIV DIM" }, "geometry": { "type": "Point", "coordinates": [ 194060.457, 195352.775 ] } },
{ "type": "Feature", "properties": { "LOCATIENUMMER": "2924", "STATUS": "In dienst", "INTERACTIVITEIT": "Interactief", "LICHTBRON_GROEP": "LED", "BRANDPROGRAMMA": "BPIV UNI 20-22-23/DIM/4-5-6 VRZA50", "BRANDPROGRAMMA_GROEP": "BPIV DIM" }, "geometry": { "type": "Point", "coordinates": [ 194051.734, 195296.89000000001397 ] } },
{ "type": "Feature", "properties": { "LOCATIENUMMER": "2925", "STATUS": "In dienst", "INTERACTIVITEIT": "Interactief", "LICHTBRON_GROEP": "LED", "BRANDPROGRAMMA": "BPIV UNI 20-22-23/DIM/4-5-6 VRZA50", "BRANDPROGRAMMA_GROEP": "BPIV DIM" }, "geometry": { "type": "Point", "coordinates": [ 194100.978, 195350.003 ] } },
{ "type": "Feature", "properties": { "LOCATIENUMMER": "2380", "STATUS": "In dienst", "INTERACTIVITEIT": "Interactief", "LICHTBRON_GROEP": "LED", "BRANDPROGRAMMA": "BPIV UNI 20-22-23/DIM/4-5-6 VRZA50", "BRANDPROGRAMMA_GROEP": "BPIV DIM" }, "geometry": { "type": "Point", "coordinates": [ 194163.744, 195334.687 ] } },
{ "type": "Feature", "properties": { "LOCATIENUMMER": "2381", "STATUS": "In dienst", "INTERACTIVITEIT": "Interactief", "LICHTBRON_GROEP": "LED", "BRANDPROGRAMMA": "BPIV UNI 20-22-23/DIM/4-5-6 VRZA50", "BRANDPROGRAMMA_GROEP": "BPIV DIM" }, "geometry": { "type": "Point", "coordinates": [ 194141.465, 195311.189000000013039 ] } },
{ "type": "Feature", "properties": { "LOCATIENUMMER": "2926", "STATUS": "In dienst", "INTERACTIVITEIT": "Interactief", "LICHTBRON_GROEP": "LED", "BRANDPROGRAMMA": "BPIV UNI 20-22-23/DIM/4-5-6 VRZA50", "BRANDPROGRAMMA_GROEP": "BPIV DIM" }, "geometry": { "type": "Point", "coordinates": [ 194141.178000000014435, 195347.324 ] } },
{ "type": "Feature", "properties": { "LOCATIENUMMER": "1692", "STATUS": "In dienst", "INTERACTIVITEIT": "Interactief", "LICHTBRON_GROEP": "LED", "BRANDPROGRAMMA": "BPIV UNI 20-22-23/DIM/4-5-6 VRZA50", "BRANDPROGRAMMA_GROEP": "BPIV DIM" }, "geometry": { "type": "Point", "coordinates": [ 193537.977000000013504, 195530.82 ] } },
{ "type": "Feature", "properties": { "LOCATIENUMMER": "2928", "STATUS": "In dienst", "INTERACTIVITEIT": "Interactief", "LICHTBRON_GROEP": "LED", "BRANDPROGRAMMA": "BPIV UNI 20-22-23/DIM/4-5-6 VRZA50", "BRANDPROGRAMMA_GROEP": "BPIV DIM" }, "geometry": { "type": "Point", "coordinates": [ 194183.065, 195345.104 ] } },
{ "type": "Feature", "properties": { "LOCATIENUMMER": "2929", "STATUS": "In dienst", "INTERACTIVITEIT": "Interactief", "LICHTBRON_GROEP": "LED", "BRANDPROGRAMMA": "BPIV UNI 20-22-23/DIM/4-5-6 VRZA50", "BRANDPROGRAMMA_GROEP": "BPIV DIM" }, "geometry": { "type": "Point", "coordinates": [ 194219.704, 195342.88 ] } },
{ "type": "Feature", "properties": { "LOCATIENUMMER": "2930", "STATUS": "In dienst", "INTERACTIVITEIT": "Interactief", "LICHTBRON_GROEP": "LED", "BRANDPROGRAMMA": "BPIV UNI 20-22-23/DIM/4-5-6 VRZA50", "BRANDPROGRAMMA_GROEP": "BPIV DIM" }, "geometry": { "type": "Point", "coordinates": [ 194258.151000000012573, 195341.371000000013737 ] } },
{ "type": "Feature", "properties": { "LOCATIENUMMER": "2931", "STATUS": "In dienst", "INTERACTIVITEIT": "Interactief", "LICHTBRON_GROEP": "LED", "BRANDPROGRAMMA": "BPIV UNI 20-22-23/DIM/4-5-6 VRZA50", "BRANDPROGRAMMA_GROEP": "BPIV DIM" }, "geometry": { "type": "Point", "coordinates": [ 194299.31, 195343.435 ] } },
{ "type": "Feature", "properties": { "LOCATIENUMMER": "2934", "STATUS": "In dienst", "INTERACTIVITEIT": "Interactief", "LICHTBRON_GROEP": "LED", "BRANDPROGRAMMA": "BPIV UNI 20-22-23/DIM/4-5-6 VRZA50", "BRANDPROGRAMMA_GROEP": "BPIV DIM" }, "geometry": { "type": "Point", "coordinates": [ 194294.805, 195399.560999999986961 ] } },
{ "type": "Feature", "properties": { "LOCATIENUMMER": "2932", "STATUS": "In dienst", "INTERACTIVITEIT": "Interactief", "LICHTBRON_GROEP": "LED", "BRANDPROGRAMMA": "BPIV UNI 20-22-23/DIM/4-5-6 VRZA50", "BRANDPROGRAMMA_GROEP": "BPIV DIM" }, "geometry": { "type": "Point", "coordinates": [ 194348.774, 195347.291 ] } },
{ "type": "Feature", "properties": { "LOCATIENUMMER": "2277", "STATUS": "In dienst", "INTERACTIVITEIT": "Niet interactief", "LICHTBRON_GROEP": "LED", "BRANDPROGRAMMA": "D22H6.30 (Standaard dimmen)", "BRANDPROGRAMMA_GROEP": "DxxHyy DIM" }, "geometry": { "type": "Point", "coordinates": [ 193021.37599999998929, 195840.402 ] } },
{ "type": "Feature", "properties": { "LOCATIENUMMER": "2273", "STATUS": "In dienst", "INTERACTIVITEIT": "Niet interactief", "LICHTBRON_GROEP": "LED", "BRANDPROGRAMMA": "D22H6.30 (Standaard dimmen)", "BRANDPROGRAMMA_GROEP": "DxxHyy DIM" }, "geometry": { "type": "Point", "coordinates": [ 193044.377, 195807.081 ] } },
{ "type": "Feature", "properties": { "LOCATIENUMMER": "2272", "STATUS": "In dienst", "INTERACTIVITEIT": "Niet interactief", "LICHTBRON_GROEP": "LED", "BRANDPROGRAMMA": "D22H6.30 (Standaard dimmen)", "BRANDPROGRAMMA_GROEP": "DxxHyy DIM" }, "geometry": { "type": "Point", "coordinates": [ 193063.853, 195809.967 ] } },
{ "type": "Feature", "properties": { "LOCATIENUMMER": "2276", "STATUS": "In dienst", "INTERACTIVITEIT": "Niet interactief", "LICHTBRON_GROEP": "LED", "BRANDPROGRAMMA": "D22H6.30 (Standaard dimmen)", "BRANDPROGRAMMA_GROEP": "DxxHyy DIM" }, "geometry": { "type": "Point", "coordinates": [ 193024.063, 195822.268000000010943 ] } },
{ "type": "Feature", "properties": { "LOCATIENUMMER": "2275", "STATUS": "In dienst", "INTERACTIVITEIT": "Niet interactief", "LICHTBRON_GROEP": "LED", "BRANDPROGRAMMA": "D22H6.30 (Standaard dimmen)", "BRANDPROGRAMMA_GROEP": "DxxHyy DIM" }, "geometry": { "type": "Point", "coordinates": [ 193004.807999999989988, 195801.219000000011874 ] } },
{ "type": "Feature", "properties": { "LOCATIENUMMER": "2274", "STATUS": "In dienst", "INTERACTIVITEIT": "Niet interactief", "LICHTBRON_GROEP": "LED", "BRANDPROGRAMMA": "D22H6.30 (Standaard dimmen)", "BRANDPROGRAMMA_GROEP": "DxxHyy DIM" }, "geometry": { "type": "Point", "coordinates": [ 193024.592, 195804.15 ] } },
{ "type": "Feature", "properties": { "LOCATIENUMMER": "1464", "STATUS": "In dienst", "INTERACTIVITEIT": "Interactief", "LICHTBRON_GROEP": "LED", "BRANDPROGRAMMA": "BPIV UNI 20-22-23/DIM/4-5-6 VRZA50", "BRANDPROGRAMMA_GROEP": "BPIV DIM" }, "geometry": { "type": "Point", "coordinates": [ 194376.715999999985797, 200192.428000000014435 ] } },
{ "type": "Feature", "properties": { "LOCATIENUMMER": "1466", "STATUS": "In dienst", "INTERACTIVITEIT": "Interactief", "LICHTBRON_GROEP": "LED", "BRANDPROGRAMMA": "BPIV UNI 20-22-23/DIM/4-5-6 VRZA50", "BRANDPROGRAMMA_GROEP": "BPIV DIM" }, "geometry": { "type": "Point", "coordinates": [ 194361.141, 200243.275 ] } },
{ "type": "Feature", "properties": { "LOCATIENUMMER": "1440", "STATUS": "In dienst", "INTERACTIVITEIT": "Interactief", "LICHTBRON_GROEP": "LED", "BRANDPROGRAMMA": "BPIV UNI 20-22-23/DIM/4-5-6 VRZA50", "BRANDPROGRAMMA_GROEP": "BPIV DIM" }, "geometry": { "type": "Point", "coordinates": [ 194398.127, 200131.457 ] } },
{ "type": "Feature", "properties": { "LOCATIENUMMER": "1440", "STATUS": "In dienst", "INTERACTIVITEIT": "Interactief", "LICHTBRON_GROEP": "LED", "BRANDPROGRAMMA": "BPIV UNI 20-22-23/DIM/4-5-6 VRZA50", "BRANDPROGRAMMA_GROEP": "BPIV DIM" }, "geometry": { "type": "Point", "coordinates": [ 194398.127, 200131.457 ] } },
{ "type": "Feature", "properties": { "LOCATIENUMMER": "1447", "STATUS": "In dienst", "INTERACTIVITEIT": "Interactief", "LICHTBRON_GROEP": "LED", "BRANDPROGRAMMA": "BPIV UNI 20-22-23/DIM/4-5-6 VRZA50", "BRANDPROGRAMMA_GROEP": "BPIV DIM" }, "geometry": { "type": "Point", "coordinates": [ 194424.121000000013737, 200135.291999999986729 ] } },
{ "type": "Feature", "properties": { "LOCATIENUMMER": "1465", "STATUS": "In dienst", "INTERACTIVITEIT": "Interactief", "LICHTBRON_GROEP": "LED", "BRANDPROGRAMMA": "BPIV UNI 20-22-23/DIM/4-5-6 VRZA50", "BRANDPROGRAMMA_GROEP": "BPIV DIM" }, "geometry": { "type": "Point", "coordinates": [ 194368.494, 200221.247 ] } },
{ "type": "Feature", "properties": { "LOCATIENUMMER": "1475", "STATUS": "In dienst", "INTERACTIVITEIT": "Interactief", "LICHTBRON_GROEP": "LED", "BRANDPROGRAMMA": "BPIV UNI 20-22-23/DIM/4-5-6 VRZA50", "BRANDPROGRAMMA_GROEP": "BPIV DIM" }, "geometry": { "type": "Point", "coordinates": [ 194321.946, 200205.537000000011176 ] } },
{ "type": "Feature", "properties": { "LOCATIENUMMER": "1467", "STATUS": "In dienst", "INTERACTIVITEIT": "Interactief", "LICHTBRON_GROEP": "LED", "BRANDPROGRAMMA": "BPIV UNI 20-22-23/DIM/4-5-6 VRZA50", "BRANDPROGRAMMA_GROEP": "BPIV DIM" }, "geometry": { "type": "Point", "coordinates": [ 194332.204, 200243.296 ] } },
{ "type": "Feature", "properties": { "LOCATIENUMMER": "1468", "STATUS": "In dienst", "INTERACTIVITEIT": "Interactief", "LICHTBRON_GROEP": "LED", "BRANDPROGRAMMA": "BPIV UNI 20-22-23/DIM/4-5-6 VRZA50", "BRANDPROGRAMMA_GROEP": "BPIV DIM" }, "geometry": { "type": "Point", "coordinates": [ 194307.44, 200236.261999999987893 ] } },
{ "type": "Feature", "properties": { "LOCATIENUMMER": "1469", "STATUS": "In dienst", "INTERACTIVITEIT": "Interactief", "LICHTBRON_GROEP": "LED", "BRANDPROGRAMMA": "BPIV UNI 20-22-23/DIM/4-5-6 VRZA50", "BRANDPROGRAMMA_GROEP": "BPIV DIM" }, "geometry": { "type": "Point", "coordinates": [ 194288.902, 200218.801 ] } },
{ "type": "Feature", "properties": { "LOCATIENUMMER": "1474", "STATUS": "In dienst", "INTERACTIVITEIT": "Interactief", "LICHTBRON_GROEP": "LED", "BRANDPROGRAMMA": "BPIV UNI 20-22-23/DIM/4-5-6 VRZA50", "BRANDPROGRAMMA_GROEP": "BPIV DIM" }, "geometry": { "type": "Point", "coordinates": [ 194344.269999999989523, 200198.579999999987194 ] } },
{ "type": "Feature", "properties": { "LOCATIENUMMER": "1470", "STATUS": "In dienst", "INTERACTIVITEIT": "Interactief", "LICHTBRON_GROEP": "LED", "BRANDPROGRAMMA": "BPIV UNI 20-22-23/DIM/4-5-6 VRZA50", "BRANDPROGRAMMA_GROEP": "BPIV DIM" }, "geometry": { "type": "Point", "coordinates": [ 194300.078, 200194.731999999989057 ] } },
{ "type": "Feature", "properties": { "LOCATIENUMMER": "1471", "STATUS": "In dienst", "INTERACTIVITEIT": "Interactief", "LICHTBRON_GROEP": "LED", "BRANDPROGRAMMA": "BPIV UNI 20-22-23/DIM/4-5-6 VRZA50", "BRANDPROGRAMMA_GROEP": "BPIV DIM" }, "geometry": { "type": "Point", "coordinates": [ 194271.071, 200184.453 ] } },
{ "type": "Feature", "properties": { "LOCATIENUMMER": "1472", "STATUS": "In dienst", "INTERACTIVITEIT": "Interactief", "LICHTBRON_GROEP": "LED", "BRANDPROGRAMMA": "BPIV UNI 20-22-23/DIM/4-5-6 VRZA50", "BRANDPROGRAMMA_GROEP": "BPIV DIM" }, "geometry": { "type": "Point", "coordinates": [ 194319.658, 200170.886999999987893 ] } },
{ "type": "Feature", "properties": { "LOCATIENUMMER": "1473", "STATUS": "In dienst", "INTERACTIVITEIT": "Interactief", "LICHTBRON_GROEP": "LED", "BRANDPROGRAMMA": "BPIV UNI 20-22-23/DIM/4-5-6 VRZA50", "BRANDPROGRAMMA_GROEP": "BPIV DIM" }, "geometry": { "type": "Point", "coordinates": [ 194352.258, 200175.795000000012806 ] } },
{ "type": "Feature", "properties": { "LOCATIENUMMER": "1463", "STATUS": "In dienst", "INTERACTIVITEIT": "Interactief", "LICHTBRON_GROEP": "LED", "BRANDPROGRAMMA": "BPIV UNI 20-22-23/DIM/4-5-6 VRZA50", "BRANDPROGRAMMA_GROEP": "BPIV DIM" }, "geometry": { "type": "Point", "coordinates": [ 194385.672, 200160.682999999989988 ] } },
{ "type": "Feature", "properties": { "LOCATIENUMMER": "3104", "STATUS": "In dienst", "INTERACTIVITEIT": "Interactief", "LICHTBRON_GROEP": "LED", "BRANDPROGRAMMA": "BPIV UNI 20-22-23/DIM/4-5-6 VRZA50", "BRANDPROGRAMMA_GROEP": "BPIV DIM" }, "geometry": { "type": "Point", "coordinates": [ 195535.123, 196972.217 ] } },
{ "type": "Feature", "properties": { "LOCATIENUMMER": "3067", "STATUS": "In dienst", "INTERACTIVITEIT": "Interactief", "LICHTBRON_GROEP": "LED", "BRANDPROGRAMMA": "BPIV UNI 20-22-23/DIM/4-5-6 VRZA50", "BRANDPROGRAMMA_GROEP": "BPIV DIM" }, "geometry": { "type": "Point", "coordinates": [ 195457.082, 196967.855000000010477 ] } },
{ "type": "Feature", "properties": { "LOCATIENUMMER": "3061", "STATUS": "In dienst", "INTERACTIVITEIT": "Interactief", "LICHTBRON_GROEP": "LED", "BRANDPROGRAMMA": "BPIV UNI 20-22-23/DIM/4-5-6 VRZA50", "BRANDPROGRAMMA_GROEP": "BPIV DIM" }, "geometry": { "type": "Point", "coordinates": [ 195259.563, 196931.677 ] } },
{ "type": "Feature", "properties": { "LOCATIENUMMER": "3065", "STATUS": "In dienst", "INTERACTIVITEIT": "Interactief", "LICHTBRON_GROEP": "LED", "BRANDPROGRAMMA": "BPIV UNI 20-22-23/DIM/4-5-6 VRZA50", "BRANDPROGRAMMA_GROEP": "BPIV DIM" }, "geometry": { "type": "Point", "coordinates": [ 195380.81, 196971.85999999998603 ] } },
{ "type": "Feature", "properties": { "LOCATIENUMMER": "3059", "STATUS": "In dienst", "INTERACTIVITEIT": "Interactief", "LICHTBRON_GROEP": "LED", "BRANDPROGRAMMA": "BPIV UNI 20-22-23/DIM/4-5-6 VRZA50", "BRANDPROGRAMMA_GROEP": "BPIV DIM" }, "geometry": { "type": "Point", "coordinates": [ 195195.23499999998603, 196957.215 ] } },
{ "type": "Feature", "properties": { "LOCATIENUMMER": "3063", "STATUS": "In dienst", "INTERACTIVITEIT": "Interactief", "LICHTBRON_GROEP": "LED", "BRANDPROGRAMMA": "BPIV UNI 20-22-23/DIM/4-5-6 VRZA50", "BRANDPROGRAMMA_GROEP": "BPIV DIM" }, "geometry": { "type": "Point", "coordinates": [ 195323.435999999986961, 196954.244 ] } },
{ "type": "Feature", "properties": { "LOCATIENUMMER": "1087", "STATUS": "In dienst", "INTERACTIVITEIT": "Interactief", "LICHTBRON_GROEP": "LED", "BRANDPROGRAMMA": "BPIV UNI 20-22-23/DIM/4-5-6 VRZA50", "BRANDPROGRAMMA_GROEP": "BPIV DIM" }, "geometry": { "type": "Point", "coordinates": [ 192479.351, 198044.411 ] } },
{ "type": "Feature", "properties": { "LOCATIENUMMER": "1339", "STATUS": "In dienst", "INTERACTIVITEIT": "Interactief", "LICHTBRON_GROEP": "LED", "BRANDPROGRAMMA": "BPIV UNI 20-22-23/DIM/4-5-6 VRZA50", "BRANDPROGRAMMA_GROEP": "BPIV DIM" }, "geometry": { "type": "Point", "coordinates": [ 192307.597, 198000.847 ] } },
{ "type": "Feature", "properties": { "LOCATIENUMMER": "1408", "STATUS": "In dienst", "INTERACTIVITEIT": "Interactief", "LICHTBRON_GROEP": "LED", "BRANDPROGRAMMA": "BPIV UNI 20-22-23/DIM/4-5-6 VRZA50", "BRANDPROGRAMMA_GROEP": "BPIV DIM" }, "geometry": { "type": "Point", "coordinates": [ 191884.316, 197815.226 ] } },
{ "type": "Feature", "properties": { "LOCATIENUMMER": "1089", "STATUS": "In dienst", "INTERACTIVITEIT": "Interactief", "LICHTBRON_GROEP": "LED", "BRANDPROGRAMMA": "BPIV UNI 20-22-23/DIM/4-5-6 VRZA50", "BRANDPROGRAMMA_GROEP": "BPIV DIM" }, "geometry": { "type": "Point", "coordinates": [ 192389.525, 198021.831 ] } },
{ "type": "Feature", "properties": { "LOCATIENUMMER": "1068", "STATUS": "In dienst", "INTERACTIVITEIT": "Interactief", "LICHTBRON_GROEP": "LED", "BRANDPROGRAMMA": "BPIV UNI 20-22-23/DIM/4-5-6 VRZA50", "BRANDPROGRAMMA_GROEP": "BPIV DIM" }, "geometry": { "type": "Point", "coordinates": [ 193021.487, 198222.238000000012107 ] } },
{ "type": "Feature", "properties": { "LOCATIENUMMER": "1349", "STATUS": "In dienst", "INTERACTIVITEIT": "Interactief", "LICHTBRON_GROEP": "LED", "BRANDPROGRAMMA": "BPIV UNI 20-22-23/DIM/4-5-6 VRZA50", "BRANDPROGRAMMA_GROEP": "BPIV DIM" }, "geometry": { "type": "Point", "coordinates": [ 192266.856999999989057, 197941.128 ] } },
{ "type": "Feature", "properties": { "LOCATIENUMMER": "1074", "STATUS": "In dienst", "INTERACTIVITEIT": "Interactief", "LICHTBRON_GROEP": "LED", "BRANDPROGRAMMA": "BPIV UNI 20-22-23/DIM/4-5-6 VRZA50", "BRANDPROGRAMMA_GROEP": "BPIV DIM" }, "geometry": { "type": "Point", "coordinates": [ 192915.965999999985797, 198036.521 ] } },
{ "type": "Feature", "properties": { "LOCATIENUMMER": "1081", "STATUS": "In dienst", "INTERACTIVITEIT": "Interactief", "LICHTBRON_GROEP": "LED", "BRANDPROGRAMMA": "BPIV UNI 20-22-23/DIM/4-5-6 VRZA50", "BRANDPROGRAMMA_GROEP": "BPIV DIM" }, "geometry": { "type": "Point", "coordinates": [ 192714.56, 198041.454 ] } },
{ "type": "Feature", "properties": { "LOCATIENUMMER": "1065", "STATUS": "In dienst", "INTERACTIVITEIT": "Interactief", "LICHTBRON_GROEP": "LED", "BRANDPROGRAMMA": "BPIV UNI 20-22-23/DIM/4-5-6 VRZA50", "BRANDPROGRAMMA_GROEP": "BPIV DIM" }, "geometry": { "type": "Point", "coordinates": [ 192922.13200000001234, 198156.078 ] } },
{ "type": "Feature", "properties": { "LOCATIENUMMER": "1364", "STATUS": "In dienst", "INTERACTIVITEIT": "Interactief", "LICHTBRON_GROEP": "LED", "BRANDPROGRAMMA": "BPIV UNI 20-22-23/DIM/4-5-6 VRZA50", "BRANDPROGRAMMA_GROEP": "BPIV DIM" }, "geometry": { "type": "Point", "coordinates": [ 192184.086000000010245, 197868.421 ] } },
{ "type": "Feature", "properties": { "LOCATIENUMMER": "1083", "STATUS": "In dienst", "INTERACTIVITEIT": "Interactief", "LICHTBRON_GROEP": "LED", "BRANDPROGRAMMA": "BPIV UNI 20-22-23/DIM/4-5-6 VRZA50", "BRANDPROGRAMMA_GROEP": "BPIV DIM" }, "geometry": { "type": "Point", "coordinates": [ 192635.516, 198054.831 ] } },
{ "type": "Feature", "properties": { "LOCATIENUMMER": "715", "STATUS": "In dienst", "INTERACTIVITEIT": "Niet interactief", "LICHTBRON_GROEP": "HGHP", "BRANDPROGRAMMA": "D22H6.30 (Doven)", "BRANDPROGRAMMA_GROEP": "DxxHyy DOV" }, "geometry": { "type": "Point", "coordinates": [ 194648.527, 199900.777 ] } },
{ "type": "Feature", "properties": { "LOCATIENUMMER": "712", "STATUS": "In dienst", "INTERACTIVITEIT": "Niet interactief", "LICHTBRON_GROEP": "HGHP", "BRANDPROGRAMMA": "N", "BRANDPROGRAMMA_GROEP": "N" }, "geometry": { "type": "Point", "coordinates": [ 194745.954999999987194, 199940.798 ] } },
{ "type": "Feature", "properties": { "LOCATIENUMMER": "711", "STATUS": "In dienst", "INTERACTIVITEIT": "Niet interactief", "LICHTBRON_GROEP": "HGHP", "BRANDPROGRAMMA": "D22H6.30 (Doven)", "BRANDPROGRAMMA_GROEP": "DxxHyy DOV" }, "geometry": { "type": "Point", "coordinates": [ 194779.229, 199954.473 ] } },
{ "type": "Feature", "properties": { "LOCATIENUMMER": "701", "STATUS": "In dienst", "INTERACTIVITEIT": "Niet interactief", "LICHTBRON_GROEP": "HGHP", "BRANDPROGRAMMA": "N", "BRANDPROGRAMMA_GROEP": "N" }, "geometry": { "type": "Point", "coordinates": [ 194802.948, 200001.316 ] } },
{ "type": "Feature", "properties": { "LOCATIENUMMER": "702", "STATUS": "In dienst", "INTERACTIVITEIT": "Niet interactief", "LICHTBRON_GROEP": "HGHP", "BRANDPROGRAMMA": "N", "BRANDPROGRAMMA_GROEP": "N" }, "geometry": { "type": "Point", "coordinates": [ 194816.563, 199969.782 ] } },
{ "type": "Feature", "properties": { "LOCATIENUMMER": "703", "STATUS": "In dienst", "INTERACTIVITEIT": "Niet interactief", "LICHTBRON_GROEP": "HGHP", "BRANDPROGRAMMA": "D22H6.30 (Doven)", "BRANDPROGRAMMA_GROEP": "DxxHyy DOV" }, "geometry": { "type": "Point", "coordinates": [ 194851.011999999987893, 199983.953 ] } },
{ "type": "Feature", "properties": { "LOCATIENUMMER": "704", "STATUS": "In dienst", "INTERACTIVITEIT": "Niet interactief", "LICHTBRON_GROEP": "HGHP", "BRANDPROGRAMMA": "N", "BRANDPROGRAMMA_GROEP": "N" }, "geometry": { "type": "Point", "coordinates": [ 194875.484, 199994.035 ] } },
{ "type": "Feature", "properties": { "LOCATIENUMMER": "705", "STATUS": "In dienst", "INTERACTIVITEIT": "Niet interactief", "LICHTBRON_GROEP": "HGHP", "BRANDPROGRAMMA": "D22H6.30 (Doven)", "BRANDPROGRAMMA_GROEP": "DxxHyy DOV" }, "geometry": { "type": "Point", "coordinates": [ 194907.617, 200004.525 ] } },
{ "type": "Feature", "properties": { "LOCATIENUMMER": "706", "STATUS": "In dienst", "INTERACTIVITEIT": "Niet interactief", "LICHTBRON_GROEP": "HGHP", "BRANDPROGRAMMA": "D22H6.30 (Doven)", "BRANDPROGRAMMA_GROEP": "DxxHyy DOV" }, "geometry": { "type": "Point", "coordinates": [ 194937.458000000013271, 200013.872 ] } },
{ "type": "Feature", "properties": { "LOCATIENUMMER": "707", "STATUS": "In dienst", "INTERACTIVITEIT": "Niet interactief", "LICHTBRON_GROEP": "HGHP", "BRANDPROGRAMMA": "N", "BRANDPROGRAMMA_GROEP": "N" }, "geometry": { "type": "Point", "coordinates": [ 194960.725, 200038.185999999986961 ] } },
{ "type": "Feature", "properties": { "LOCATIENUMMER": "708", "STATUS": "In dienst", "INTERACTIVITEIT": "Niet interactief", "LICHTBRON_GROEP": "HGHP", "BRANDPROGRAMMA": "D22H6.30 (Doven)", "BRANDPROGRAMMA_GROEP": "DxxHyy DOV" }, "geometry": { "type": "Point", "coordinates": [ 194958.388, 200075.275 ] } },
{ "type": "Feature", "properties": { "LOCATIENUMMER": "709", "STATUS": "In dienst", "INTERACTIVITEIT": "Niet interactief", "LICHTBRON_GROEP": "HGHP", "BRANDPROGRAMMA": "N", "BRANDPROGRAMMA_GROEP": "N" }, "geometry": { "type": "Point", "coordinates": [ 194953.364, 200105.307999999989988 ] } },
{ "type": "Feature", "properties": { "LOCATIENUMMER": "710", "STATUS": "In dienst", "INTERACTIVITEIT": "Niet interactief", "LICHTBRON_GROEP": "HGHP", "BRANDPROGRAMMA": "D22H6.30 (Doven)", "BRANDPROGRAMMA_GROEP": "DxxHyy DOV" }, "geometry": { "type": "Point", "coordinates": [ 194974.919, 200113.659000000014203 ] } },
{ "type": "Feature", "properties": { "LOCATIENUMMER": "1461", "STATUS": "In dienst", "INTERACTIVITEIT": "Interactief", "LICHTBRON_GROEP": "LED", "BRANDPROGRAMMA": "BPIV UNI 20-22-23/DIM/4-5-6 VRZA50", "BRANDPROGRAMMA_GROEP": "BPIV DIM" }, "geometry": { "type": "Point", "coordinates": [ 194936.611, 200166.084 ] } },
{ "type": "Feature", "properties": { "LOCATIENUMMER": "4559", "STATUS": "In dienst", "INTERACTIVITEIT": "Niet interactief", "LICHTBRON_GROEP": "NALP", "BRANDPROGRAMMA": "N", "BRANDPROGRAMMA_GROEP": "N" }, "geometry": { "type": "Point", "coordinates": [ 195108.049, 200207.170000000012806 ] } },
{ "type": "Feature", "properties": { "LOCATIENUMMER": "4560", "STATUS": "In dienst", "INTERACTIVITEIT": "Niet interactief", "LICHTBRON_GROEP": "NALP", "BRANDPROGRAMMA": "D22H6.30 (Doven)", "BRANDPROGRAMMA_GROEP": "DxxHyy DOV" }, "geometry": { "type": "Point", "coordinates": [ 195043.378999999986263, 200229.552 ] } },
{ "type": "Feature", "properties": { "LOCATIENUMMER": "4561", "STATUS": "In dienst", "INTERACTIVITEIT": "Niet interactief", "LICHTBRON_GROEP": "NALP", "BRANDPROGRAMMA": "N", "BRANDPROGRAMMA_GROEP": "N" }, "geometry": { "type": "Point", "coordinates": [ 195010.771, 200240.894 ] } },
{ "type": "Feature", "properties": { "LOCATIENUMMER": "4562", "STATUS": "In dienst", "INTERACTIVITEIT": "Niet interactief", "LICHTBRON_GROEP": "NALP", "BRANDPROGRAMMA": "D22H6.30 (Doven)", "BRANDPROGRAMMA_GROEP": "DxxHyy DOV" }, "geometry": { "type": "Point", "coordinates": [ 194978.198, 200252.166 ] } },
{ "type": "Feature", "properties": { "LOCATIENUMMER": "4563", "STATUS": "In dienst", "INTERACTIVITEIT": "Niet interactief", "LICHTBRON_GROEP": "NALP", "BRANDPROGRAMMA": "D22H6.30 (Doven)", "BRANDPROGRAMMA_GROEP": "DxxHyy DOV" }, "geometry": { "type": "Point", "coordinates": [ 194946.06, 200263.207 ] } },
{ "type": "Feature", "properties": { "LOCATIENUMMER": "4583", "STATUS": "In dienst", "INTERACTIVITEIT": "Niet interactief", "LICHTBRON_GROEP": "NALP", "BRANDPROGRAMMA": "D22H6.30 (Doven)", "BRANDPROGRAMMA_GROEP": "DxxHyy DOV" }, "geometry": { "type": "Point", "coordinates": [ 195076.06, 200218.428000000014435 ] } },
{ "type": "Feature", "properties": { "LOCATIENUMMER": "714", "STATUS": "In dienst", "INTERACTIVITEIT": "Niet interactief", "LICHTBRON_GROEP": "HGHP", "BRANDPROGRAMMA": "D22H6.30 (Doven)", "BRANDPROGRAMMA_GROEP": "DxxHyy DOV" }, "geometry": { "type": "Point", "coordinates": [ 194679.459, 199913.480000000010477 ] } },
{ "type": "Feature", "properties": { "LOCATIENUMMER": "713", "STATUS": "In dienst", "INTERACTIVITEIT": "Niet interactief", "LICHTBRON_GROEP": "HGHP", "BRANDPROGRAMMA": "D22H6.30 (Doven)", "BRANDPROGRAMMA_GROEP": "DxxHyy DOV" }, "geometry": { "type": "Point", "coordinates": [ 194712.775, 199927.196 ] } },
{ "type": "Feature", "properties": { "LOCATIENUMMER": "3250", "STATUS": "In dienst", "INTERACTIVITEIT": "Interactief", "LICHTBRON_GROEP": "LED", "BRANDPROGRAMMA": "BPIV UNI 20-22-23/DIM/4-5-6 VRZA50", "BRANDPROGRAMMA_GROEP": "BPIV DIM" }, "geometry": { "type": "Point", "coordinates": [ 196303.557999999989988, 196671.39000000001397 ] } },
{ "type": "Feature", "properties": { "LOCATIENUMMER": "3254", "STATUS": "In dienst", "INTERACTIVITEIT": "Interactief", "LICHTBRON_GROEP": "LED", "BRANDPROGRAMMA": "BPIV UNI 20-22-23/DIM/4-5-6 VRZA50", "BRANDPROGRAMMA_GROEP": "BPIV DIM" }, "geometry": { "type": "Point", "coordinates": [ 196380.269999999989523, 196753.315 ] } },
{ "type": "Feature", "properties": { "LOCATIENUMMER": "3274", "STATUS": "In dienst", "INTERACTIVITEIT": "Interactief", "LICHTBRON_GROEP": "LED", "BRANDPROGRAMMA": "BPIV UNI 20-22-23/DIM/4-5-6 VRZA50", "BRANDPROGRAMMA_GROEP": "BPIV DIM" }, "geometry": { "type": "Point", "coordinates": [ 196406.538999999989755, 196754.834 ] } },
{ "type": "Feature", "properties": { "LOCATIENUMMER": "3275", "STATUS": "In dienst", "INTERACTIVITEIT": "Interactief", "LICHTBRON_GROEP": "LED", "BRANDPROGRAMMA": "BPIV UNI 20-22-23/DIM/4-5-6 VRZA50", "BRANDPROGRAMMA_GROEP": "BPIV DIM" }, "geometry": { "type": "Point", "coordinates": [ 196429.766, 196754.733 ] } },
{ "type": "Feature", "properties": { "LOCATIENUMMER": "3251", "STATUS": "In dienst", "INTERACTIVITEIT": "Interactief", "LICHTBRON_GROEP": "LED", "BRANDPROGRAMMA": "BPIV UNI 20-22-23/DIM/4-5-6 VRZA50", "BRANDPROGRAMMA_GROEP": "BPIV DIM" }, "geometry": { "type": "Point", "coordinates": [ 196301.016, 196709.168 ] } },
{ "type": "Feature", "properties": { "LOCATIENUMMER": "3252", "STATUS": "In dienst", "INTERACTIVITEIT": "Interactief", "LICHTBRON_GROEP": "LED", "BRANDPROGRAMMA": "BPIV UNI 20-22-23/DIM/4-5-6 VRZA50", "BRANDPROGRAMMA_GROEP": "BPIV DIM" }, "geometry": { "type": "Point", "coordinates": [ 196299.412000000011176, 196747.432999999989988 ] } },
{ "type": "Feature", "properties": { "LOCATIENUMMER": "3253", "STATUS": "In dienst", "INTERACTIVITEIT": "Interactief", "LICHTBRON_GROEP": "LED", "BRANDPROGRAMMA": "BPIV UNI 20-22-23/DIM/4-5-6 VRZA50", "BRANDPROGRAMMA_GROEP": "BPIV DIM" }, "geometry": { "type": "Point", "coordinates": [ 196336.784000000014203, 196749.932 ] } },
{ "type": "Feature", "properties": { "LOCATIENUMMER": "2894", "STATUS": "In dienst", "INTERACTIVITEIT": "Niet interactief", "LICHTBRON_GROEP": "NAHP", "BRANDPROGRAMMA": "D22H6.30 (Doven)", "BRANDPROGRAMMA_GROEP": "DxxHyy DOV" }, "geometry": { "type": "Point", "coordinates": [ 191304.753, 196308.654 ] } },
{ "type": "Feature", "properties": { "LOCATIENUMMER": "2817", "STATUS": "In dienst", "INTERACTIVITEIT": "Niet interactief", "LICHTBRON_GROEP": "NAHP", "BRANDPROGRAMMA": "D22H6.30 (Doven)", "BRANDPROGRAMMA_GROEP": "DxxHyy DOV" }, "geometry": { "type": "Point", "coordinates": [ 190844.165, 195999.296 ] } },
{ "type": "Feature", "properties": { "LOCATIENUMMER": "2478", "STATUS": "In dienst", "INTERACTIVITEIT": "Interactief", "LICHTBRON_GROEP": "LED", "BRANDPROGRAMMA": "BPIV UNI 20-22-23/DIM/4-5-6 VRZA50", "BRANDPROGRAMMA_GROEP": "BPIV DIM" }, "geometry": { "type": "Point", "coordinates": [ 190239.068, 195862.559 ] } },
{ "type": "Feature", "properties": { "LOCATIENUMMER": "2480", "STATUS": "In dienst", "INTERACTIVITEIT": "Niet interactief", "LICHTBRON_GROEP": "NAHP", "BRANDPROGRAMMA": "D22H6.30 (Doven)", "BRANDPROGRAMMA_GROEP": "DxxHyy DOV" }, "geometry": { "type": "Point", "coordinates": [ 190302.514, 195886.237 ] } },
{ "type": "Feature", "properties": { "LOCATIENUMMER": "2481", "STATUS": "In dienst", "INTERACTIVITEIT": "Interactief", "LICHTBRON_GROEP": "LED", "BRANDPROGRAMMA": "BPIV UNI 20-22-23/DIM/4-5-6 VRZA50", "BRANDPROGRAMMA_GROEP": "BPIV DIM" }, "geometry": { "type": "Point", "coordinates": [ 190339.98499999998603, 195897.655999999988126 ] } },
{ "type": "Feature", "properties": { "LOCATIENUMMER": "2495", "STATUS": "In dienst", "INTERACTIVITEIT": "Interactief", "LICHTBRON_GROEP": "LED", "BRANDPROGRAMMA": "BPIV UNI 20-22-23/DIM/4-5-6 VRZA50", "BRANDPROGRAMMA_GROEP": "BPIV DIM" }, "geometry": { "type": "Point", "coordinates": [ 190128.084, 195946.666 ] } },
{ "type": "Feature", "properties": { "LOCATIENUMMER": "2488", "STATUS": "In dienst", "INTERACTIVITEIT": "Niet interactief", "LICHTBRON_GROEP": "NAHP", "BRANDPROGRAMMA": "D22H6.30 (Doven)", "BRANDPROGRAMMA_GROEP": "DxxHyy DOV" }, "geometry": { "type": "Point", "coordinates": [ 190624.942000000010012, 195979.516 ] } },
{ "type": "Feature", "properties": { "LOCATIENUMMER": "2486", "STATUS": "In dienst", "INTERACTIVITEIT": "Interactief", "LICHTBRON_GROEP": "LED", "BRANDPROGRAMMA": "BPIV UNI 20-22-23/DIM/4-5-6 VRZA50", "BRANDPROGRAMMA_GROEP": "BPIV DIM" }, "geometry": { "type": "Point", "coordinates": [ 190539.083000000013271, 195964.736 ] } },
{ "type": "Feature", "properties": { "LOCATIENUMMER": "2460", "STATUS": "In dienst", "INTERACTIVITEIT": "Interactief", "LICHTBRON_GROEP": "LED", "BRANDPROGRAMMA": "BPIV UNI 20-22-23/DIM/4-5-6 VRZA50", "BRANDPROGRAMMA_GROEP": "BPIV DIM" }, "geometry": { "type": "Point", "coordinates": [ 189907.715, 195555.687 ] } },
{ "type": "Feature", "properties": { "LOCATIENUMMER": "2462", "STATUS": "In dienst", "INTERACTIVITEIT": "Interactief", "LICHTBRON_GROEP": "LED", "BRANDPROGRAMMA": "BPIV UNI 20-22-23/DIM/4-5-6 VRZA50", "BRANDPROGRAMMA_GROEP": "BPIV DIM" }, "geometry": { "type": "Point", "coordinates": [ 189843.283, 195521.196999999985565 ] } },
{ "type": "Feature", "properties": { "LOCATIENUMMER": "2464", "STATUS": "In dienst", "INTERACTIVITEIT": "Interactief", "LICHTBRON_GROEP": "LED", "BRANDPROGRAMMA": "BPIV UNI 20-22-23/DIM/4-5-6 VRZA50", "BRANDPROGRAMMA_GROEP": "BPIV DIM" }, "geometry": { "type": "Point", "coordinates": [ 189765.317000000010012, 195507.215999999985797 ] } },
{ "type": "Feature", "properties": { "LOCATIENUMMER": "2467", "STATUS": "In dienst", "INTERACTIVITEIT": "Interactief", "LICHTBRON_GROEP": "LED", "BRANDPROGRAMMA": "BPIV UNI 20-22-23/DIM/4-5-6 VRZA50", "BRANDPROGRAMMA_GROEP": "BPIV DIM" }, "geometry": { "type": "Point", "coordinates": [ 189733.302, 195395.961000000010245 ] } },
{ "type": "Feature", "properties": { "LOCATIENUMMER": "2472", "STATUS": "In dienst", "INTERACTIVITEIT": "Interactief", "LICHTBRON_GROEP": "LED", "BRANDPROGRAMMA": "BPIV UNI 20-22-23/DIM/4-5-6 VRZA50", "BRANDPROGRAMMA_GROEP": "BPIV DIM" }, "geometry": { "type": "Point", "coordinates": [ 189865.557999999989988, 195231.878999999986263 ] } },
{ "type": "Feature", "properties": { "LOCATIENUMMER": "2471", "STATUS": "In dienst", "INTERACTIVITEIT": "Interactief", "LICHTBRON_GROEP": "LED", "BRANDPROGRAMMA": "BPIV UNI 20-22-23/DIM/4-5-6 VRZA50", "BRANDPROGRAMMA_GROEP": "BPIV DIM" }, "geometry": { "type": "Point", "coordinates": [ 189841.59, 195273.598999999987427 ] } },
{ "type": "Feature", "properties": { "LOCATIENUMMER": "2474", "STATUS": "In dienst", "INTERACTIVITEIT": "Interactief", "LICHTBRON_GROEP": "LED", "BRANDPROGRAMMA": "BPIV UNI 20-22-23/DIM/4-5-6 VRZA50", "BRANDPROGRAMMA_GROEP": "BPIV DIM" }, "geometry": { "type": "Point", "coordinates": [ 189891.085, 195152.634 ] } },
{ "type": "Feature", "properties": { "LOCATIENUMMER": "2477", "STATUS": "In dienst", "INTERACTIVITEIT": "Interactief", "LICHTBRON_GROEP": "LED", "BRANDPROGRAMMA": "BPIV UNI 20-22-23/DOV/4-5-6 VRZA50", "BRANDPROGRAMMA_GROEP": "BPIV DOV WEEKEND" }, "geometry": { "type": "Point", "coordinates": [ 189971.87, 195020.223 ] } },
{ "type": "Feature", "properties": { "LOCATIENUMMER": "2866", "STATUS": "In dienst", "INTERACTIVITEIT": "Interactief", "LICHTBRON_GROEP": "LED", "BRANDPROGRAMMA": "BPIV UNI 20-22-23/DIM/4-5-6 VRZA50", "BRANDPROGRAMMA_GROEP": "BPIV DIM" }, "geometry": { "type": "Point", "coordinates": [ 191228.905, 196374.146 ] } },
{ "type": "Feature", "properties": { "LOCATIENUMMER": "2918", "STATUS": "In dienst", "INTERACTIVITEIT": "Niet interactief", "LICHTBRON_GROEP": "LED", "BRANDPROGRAMMA": "N", "BRANDPROGRAMMA_GROEP": "N" }, "geometry": { "type": "Point", "coordinates": [ 191180.595, 196578.307999999989988 ] } },
{ "type": "Feature", "properties": { "LOCATIENUMMER": "2870", "STATUS": "In dienst", "INTERACTIVITEIT": "Interactief", "LICHTBRON_GROEP": "LED", "BRANDPROGRAMMA": "BPIV UNI 20-22-23/DIM/4-5-6 VRZA50", "BRANDPROGRAMMA_GROEP": "BPIV DIM" }, "geometry": { "type": "Point", "coordinates": [ 191187.162000000011176, 196238.041999999986729 ] } },
{ "type": "Feature", "properties": { "LOCATIENUMMER": "2492", "STATUS": "In dienst", "INTERACTIVITEIT": "Niet interactief", "LICHTBRON_GROEP": "NAHP", "BRANDPROGRAMMA": "D22H6.30 (Doven)", "BRANDPROGRAMMA_GROEP": "DxxHyy DOV" }, "geometry": { "type": "Point", "coordinates": [ 190763.905, 195997.794 ] } },
{ "type": "Feature", "properties": { "LOCATIENUMMER": "2820", "STATUS": "In dienst", "INTERACTIVITEIT": "Niet interactief", "LICHTBRON_GROEP": "NAHP", "BRANDPROGRAMMA": "N", "BRANDPROGRAMMA_GROEP": "N" }, "geometry": { "type": "Point", "coordinates": [ 190983.741, 196010.155999999988126 ] } },
{ "type": "Feature", "properties": { "LOCATIENUMMER": "1194", "STATUS": "In dienst", "INTERACTIVITEIT": "Interactief", "LICHTBRON_GROEP": "LED", "BRANDPROGRAMMA": "BPIV UNI 20-22-23/DIM/4-5-6 VRZA50", "BRANDPROGRAMMA_GROEP": "BPIV DIM" }, "geometry": { "type": "Point", "coordinates": [ 196041.638, 199346.327 ] } },
{ "type": "Feature", "properties": { "LOCATIENUMMER": "2355", "STATUS": "In dienst", "INTERACTIVITEIT": "Niet interactief", "LICHTBRON_GROEP": "MHHP-QZ", "BRANDPROGRAMMA": "N", "BRANDPROGRAMMA_GROEP": "N" }, "geometry": { "type": "Point", "coordinates": [ 193155.106999999989057, 195635.676 ] } },
{ "type": "Feature", "properties": { "LOCATIENUMMER": "1239", "STATUS": "In dienst", "INTERACTIVITEIT": "Niet interactief", "LICHTBRON_GROEP": "LED", "BRANDPROGRAMMA": "D22H6.30 (Doven)", "BRANDPROGRAMMA_GROEP": "DxxHyy DOV" }, "geometry": { "type": "Point", "coordinates": [ 193009.491, 195543.303000000014435 ] } },
{ "type": "Feature", "properties": { "LOCATIENUMMER": "2119", "STATUS": "In dienst", "INTERACTIVITEIT": "Niet interactief", "LICHTBRON_GROEP": "LED", "BRANDPROGRAMMA": "N", "BRANDPROGRAMMA_GROEP": "N" }, "geometry": { "type": "Point", "coordinates": [ 193018.734, 195565.394999999989523 ] } },
{ "type": "Feature", "properties": { "LOCATIENUMMER": "2120", "STATUS": "In dienst", "INTERACTIVITEIT": "Niet interactief", "LICHTBRON_GROEP": "LED", "BRANDPROGRAMMA": "D22H6.30 (Doven)", "BRANDPROGRAMMA_GROEP": "DxxHyy DOV" }, "geometry": { "type": "Point", "coordinates": [ 193035.188, 195552.486 ] } },
{ "type": "Feature", "properties": { "LOCATIENUMMER": "2121", "STATUS": "In dienst", "INTERACTIVITEIT": "Niet interactief", "LICHTBRON_GROEP": "LED", "BRANDPROGRAMMA": "N", "BRANDPROGRAMMA_GROEP": "N" }, "geometry": { "type": "Point", "coordinates": [ 193026.543, 195534.38 ] } },
{ "type": "Feature", "properties": { "LOCATIENUMMER": "2169", "STATUS": "In dienst", "INTERACTIVITEIT": "Niet interactief", "LICHTBRON_GROEP": "LED", "BRANDPROGRAMMA": "D22H6.30 (Doven)", "BRANDPROGRAMMA_GROEP": "DxxHyy DOV" }, "geometry": { "type": "Point", "coordinates": [ 192988.196, 195546.666 ] } },
{ "type": "Feature", "properties": { "LOCATIENUMMER": "2166", "STATUS": "In dienst", "INTERACTIVITEIT": "Interactief-ready", "LICHTBRON_GROEP": "LED", "BRANDPROGRAMMA": "D22H6.30 (Doven)", "BRANDPROGRAMMA_GROEP": "DxxHyy DOV" }, "geometry": { "type": "Point", "coordinates": [ 192970.018000000010943, 195520.614 ] } },
{ "type": "Feature", "properties": { "LOCATIENUMMER": "2167", "STATUS": "In dienst", "INTERACTIVITEIT": "Niet interactief", "LICHTBRON_GROEP": "LED", "BRANDPROGRAMMA": "N", "BRANDPROGRAMMA_GROEP": "N" }, "geometry": { "type": "Point", "coordinates": [ 192983.068999999988591, 195523.82 ] } },
{ "type": "Feature", "properties": { "LOCATIENUMMER": "2168", "STATUS": "In dienst", "INTERACTIVITEIT": "Niet interactief", "LICHTBRON_GROEP": "LED", "BRANDPROGRAMMA": "N", "BRANDPROGRAMMA_GROEP": "N" }, "geometry": { "type": "Point", "coordinates": [ 193001.343, 195524.631 ] } },
{ "type": "Feature", "properties": { "LOCATIENUMMER": "2170", "STATUS": "In dienst", "INTERACTIVITEIT": "Niet interactief", "LICHTBRON_GROEP": "LED", "BRANDPROGRAMMA": "N", "BRANDPROGRAMMA_GROEP": "N" }, "geometry": { "type": "Point", "coordinates": [ 192970.559, 195540.804 ] } },
{ "type": "Feature", "properties": { "LOCATIENUMMER": "2139", "STATUS": "In dienst", "INTERACTIVITEIT": "Interactief", "LICHTBRON_GROEP": "LED", "BRANDPROGRAMMA": "BPIV UNI 20-22-23/DIM/4-5-6 VRZA50", "BRANDPROGRAMMA_GROEP": "BPIV DIM" }, "geometry": { "type": "Point", "coordinates": [ 192961.172, 195568.477000000013504 ] } },
{ "type": "Feature", "properties": { "LOCATIENUMMER": "3909", "STATUS": "In dienst", "INTERACTIVITEIT": "Interactief", "LICHTBRON_GROEP": "LED", "BRANDPROGRAMMA": "BPIV UNI 20-22-23/DIM/4-5-6 VRZA50", "BRANDPROGRAMMA_GROEP": "BPIV DIM" }, "geometry": { "type": "Point", "coordinates": [ 192959.337, 195635.867 ] } },
{ "type": "Feature", "properties": { "LOCATIENUMMER": "3910", "STATUS": "In dienst", "INTERACTIVITEIT": "Interactief", "LICHTBRON_GROEP": "LED", "BRANDPROGRAMMA": "BPIV UNI 20-22-23/DIM/4-5-6 VRZA50", "BRANDPROGRAMMA_GROEP": "BPIV DIM" }, "geometry": { "type": "Point", "coordinates": [ 192967.208000000013271, 195587.394 ] } },
{ "type": "Feature", "properties": { "LOCATIENUMMER": "3911", "STATUS": "In dienst", "INTERACTIVITEIT": "Interactief", "LICHTBRON_GROEP": "LED", "BRANDPROGRAMMA": "BPIV UNI 20-22-23/DIM/4-5-6 VRZA50", "BRANDPROGRAMMA_GROEP": "BPIV DIM" }, "geometry": { "type": "Point", "coordinates": [ 192962.953, 195610.881 ] } },
{ "type": "Feature", "properties": { "LOCATIENUMMER": "2140", "STATUS": "In dienst", "INTERACTIVITEIT": "Interactief", "LICHTBRON_GROEP": "LED", "BRANDPROGRAMMA": "BPIV UNI 20-22-23/DIM/4-5-6 VRZA50", "BRANDPROGRAMMA_GROEP": "BPIV DIM" }, "geometry": { "type": "Point", "coordinates": [ 192989.247, 195578.769999999989523 ] } },
{ "type": "Feature", "properties": { "LOCATIENUMMER": "2141", "STATUS": "In dienst", "INTERACTIVITEIT": "Interactief", "LICHTBRON_GROEP": "LED", "BRANDPROGRAMMA": "BPIV UNI 20-22-23/DIM/4-5-6 VRZA50", "BRANDPROGRAMMA_GROEP": "BPIV DIM" }, "geometry": { "type": "Point", "coordinates": [ 193018.028, 195589.332 ] } },
{ "type": "Feature", "properties": { "LOCATIENUMMER": "2142", "STATUS": "In dienst", "INTERACTIVITEIT": "Interactief", "LICHTBRON_GROEP": "LED", "BRANDPROGRAMMA": "BPIV UNI 20-22-23/DIM/4-5-6 VRZA50", "BRANDPROGRAMMA_GROEP": "BPIV DIM" }, "geometry": { "type": "Point", "coordinates": [ 193046.019, 195600.128 ] } },
{ "type": "Feature", "properties": { "LOCATIENUMMER": "2143", "STATUS": "In dienst", "INTERACTIVITEIT": "Interactief", "LICHTBRON_GROEP": "LED", "BRANDPROGRAMMA": "BPIV UNI 20-22-23/DIM/4-5-6 VRZA50", "BRANDPROGRAMMA_GROEP": "BPIV DIM" }, "geometry": { "type": "Point", "coordinates": [ 193074.19, 195610.393000000010943 ] } },
{ "type": "Feature", "properties": { "LOCATIENUMMER": "2144", "STATUS": "In dienst", "INTERACTIVITEIT": "Interactief", "LICHTBRON_GROEP": "LED", "BRANDPROGRAMMA": "BPIV UNI 20-22-23/DIM/4-5-6 VRZA50", "BRANDPROGRAMMA_GROEP": "BPIV DIM" }, "geometry": { "type": "Point", "coordinates": [ 193106.486, 195624.954 ] } },
{ "type": "Feature", "properties": { "LOCATIENUMMER": "2164", "STATUS": "In dienst", "INTERACTIVITEIT": "Niet interactief", "LICHTBRON_GROEP": "NAHP", "BRANDPROGRAMMA": "N", "BRANDPROGRAMMA_GROEP": "N" }, "geometry": { "type": "Point", "coordinates": [ 193136.927, 195642.578 ] } },
{ "type": "Feature", "properties": { "LOCATIENUMMER": "2163", "STATUS": "In dienst", "INTERACTIVITEIT": "Niet interactief", "LICHTBRON_GROEP": "NAHP", "BRANDPROGRAMMA": "N", "BRANDPROGRAMMA_GROEP": "N" }, "geometry": { "type": "Point", "coordinates": [ 193160.233, 195661.461000000010245 ] } },
{ "type": "Feature", "properties": { "LOCATIENUMMER": "2352", "STATUS": "In dienst", "INTERACTIVITEIT": "Niet interactief", "LICHTBRON_GROEP": "MHHP-QZ", "BRANDPROGRAMMA": "D22H6.30 (Doven)", "BRANDPROGRAMMA_GROEP": "DxxHyy DOV" }, "geometry": { "type": "Point", "coordinates": [ 193177.60999999998603, 195660.269 ] } },
{ "type": "Feature", "properties": { "LOCATIENUMMER": "2162", "STATUS": "In dienst", "INTERACTIVITEIT": "Niet interactief", "LICHTBRON_GROEP": "NAHP", "BRANDPROGRAMMA": "N", "BRANDPROGRAMMA_GROEP": "N" }, "geometry": { "type": "Point", "coordinates": [ 193187.458000000013271, 195684.269 ] } },
{ "type": "Feature", "properties": { "LOCATIENUMMER": "2357", "STATUS": "In dienst", "INTERACTIVITEIT": "Niet interactief", "LICHTBRON_GROEP": "MHHP-QZ", "BRANDPROGRAMMA": "N", "BRANDPROGRAMMA_GROEP": "N" }, "geometry": { "type": "Point", "coordinates": [ 193196.976, 195676.712 ] } },
{ "type": "Feature", "properties": { "LOCATIENUMMER": "2161", "STATUS": "In dienst", "INTERACTIVITEIT": "Niet interactief", "LICHTBRON_GROEP": "NAHP", "BRANDPROGRAMMA": "N", "BRANDPROGRAMMA_GROEP": "N" }, "geometry": { "type": "Point", "coordinates": [ 193205.797, 195698.75 ] } },
{ "type": "Feature", "properties": { "LOCATIENUMMER": "2333", "STATUS": "In dienst", "INTERACTIVITEIT": "Niet interactief", "LICHTBRON_GROEP": "MHHP-QZ", "BRANDPROGRAMMA": "D22H6.30 (Doven)", "BRANDPROGRAMMA_GROEP": "DxxHyy DOV" }, "geometry": { "type": "Point", "coordinates": [ 193232.082, 195708.784000000014203 ] } },
{ "type": "Feature", "properties": { "LOCATIENUMMER": "2358", "STATUS": "In dienst", "INTERACTIVITEIT": "Niet interactief", "LICHTBRON_GROEP": "MHHP-QZ", "BRANDPROGRAMMA": "D22H6.30 (Doven)", "BRANDPROGRAMMA_GROEP": "DxxHyy DOV" }, "geometry": { "type": "Point", "coordinates": [ 193242.689000000013039, 195702.864 ] } },
{ "type": "Feature", "properties": { "LOCATIENUMMER": "2360", "STATUS": "In dienst", "INTERACTIVITEIT": "Niet interactief", "LICHTBRON_GROEP": "MHHP-QZ", "BRANDPROGRAMMA": "D22H6.30 (Doven)", "BRANDPROGRAMMA_GROEP": "DxxHyy DOV" }, "geometry": { "type": "Point", "coordinates": [ 193218.886999999987893, 195692.51500000001397 ] } },
{ "type": "Feature", "properties": { "LOCATIENUMMER": "2334", "STATUS": "In dienst", "INTERACTIVITEIT": "Niet interactief", "LICHTBRON_GROEP": "MHHP-QZ", "BRANDPROGRAMMA": "D22H6.30 (Doven)", "BRANDPROGRAMMA_GROEP": "DxxHyy DOV" }, "geometry": { "type": "Point", "coordinates": [ 193260.472, 195718.371000000013737 ] } },
{ "type": "Feature", "properties": { "LOCATIENUMMER": "2335", "STATUS": "In dienst", "INTERACTIVITEIT": "Niet interactief", "LICHTBRON_GROEP": "MHHP-QZ", "BRANDPROGRAMMA": "D22H6.30 (Doven)", "BRANDPROGRAMMA_GROEP": "DxxHyy DOV" }, "geometry": { "type": "Point", "coordinates": [ 193285.053000000014435, 195725.269 ] } },
{ "type": "Feature", "properties": { "LOCATIENUMMER": "2337", "STATUS": "In dienst", "INTERACTIVITEIT": "Niet interactief", "LICHTBRON_GROEP": "NAHP", "BRANDPROGRAMMA": "D22H6.30 (Doven)", "BRANDPROGRAMMA_GROEP": "DxxHyy DOV" }, "geometry": { "type": "Point", "coordinates": [ 193262.229, 195771.052 ] } },
{ "type": "Feature", "properties": { "LOCATIENUMMER": "2339", "STATUS": "In dienst", "INTERACTIVITEIT": "Niet interactief", "LICHTBRON_GROEP": "NAHP", "BRANDPROGRAMMA": "D22H6.30 (Doven)", "BRANDPROGRAMMA_GROEP": "DxxHyy DOV" }, "geometry": { "type": "Point", "coordinates": [ 193280.594000000011874, 195733.586000000010245 ] } },
{ "type": "Feature", "properties": { "LOCATIENUMMER": "2339", "STATUS": "In dienst", "INTERACTIVITEIT": "Niet interactief", "LICHTBRON_GROEP": "MHHP-QZ", "BRANDPROGRAMMA": "D22H6.30 (Doven)", "BRANDPROGRAMMA_GROEP": "DxxHyy DOV" }, "geometry": { "type": "Point", "coordinates": [ 193281.981, 195731.399 ] } },
{ "type": "Feature", "properties": { "LOCATIENUMMER": "2339", "STATUS": "In dienst", "INTERACTIVITEIT": "Niet interactief", "LICHTBRON_GROEP": "NAHP", "BRANDPROGRAMMA": "D22H6.30 (Doven)", "BRANDPROGRAMMA_GROEP": "DxxHyy DOV" }, "geometry": { "type": "Point", "coordinates": [ 193274.422, 195731.799 ] } },
{ "type": "Feature", "properties": { "LOCATIENUMMER": "2359", "STATUS": "In dienst", "INTERACTIVITEIT": "Niet interactief", "LICHTBRON_GROEP": "MHHP-QZ", "BRANDPROGRAMMA": "N", "BRANDPROGRAMMA_GROEP": "N" }, "geometry": { "type": "Point", "coordinates": [ 193269.877, 195708.36799999998766 ] } },
{ "type": "Feature", "properties": { "LOCATIENUMMER": "2359", "STATUS": "In dienst", "INTERACTIVITEIT": "Niet interactief", "LICHTBRON_GROEP": "MHHP-QZ", "BRANDPROGRAMMA": "N", "BRANDPROGRAMMA_GROEP": "N" }, "geometry": { "type": "Point", "coordinates": [ 193269.877, 195708.36799999998766 ] } },
{ "type": "Feature", "properties": { "LOCATIENUMMER": "2336", "STATUS": "In dienst", "INTERACTIVITEIT": "Niet interactief", "LICHTBRON_GROEP": "NAHP", "BRANDPROGRAMMA": "N", "BRANDPROGRAMMA_GROEP": "N" }, "geometry": { "type": "Point", "coordinates": [ 193314.587999999988824, 195735.214 ] } },
{ "type": "Feature", "properties": { "LOCATIENUMMER": "2336", "STATUS": "In dienst", "INTERACTIVITEIT": "Niet interactief", "LICHTBRON_GROEP": "MHHP-QZ", "BRANDPROGRAMMA": "N", "BRANDPROGRAMMA_GROEP": "N" }, "geometry": { "type": "Point", "coordinates": [ 193308.916999999986729, 195729.066 ] } },
{ "type": "Feature", "properties": { "LOCATIENUMMER": "2362", "STATUS": "In dienst", "INTERACTIVITEIT": "Niet interactief", "LICHTBRON_GROEP": "MHHP-QZ", "BRANDPROGRAMMA": "D22H6.30 (Doven)", "BRANDPROGRAMMA_GROEP": "DxxHyy DOV" }, "geometry": { "type": "Point", "coordinates": [ 193325.62400000001071, 195721.279 ] } },
{ "type": "Feature", "properties": { "LOCATIENUMMER": "2362", "STATUS": "In dienst", "INTERACTIVITEIT": "Niet interactief", "LICHTBRON_GROEP": "MHHP-QZ", "BRANDPROGRAMMA": "D22H6.30 (Doven)", "BRANDPROGRAMMA_GROEP": "DxxHyy DOV" }, "geometry": { "type": "Point", "coordinates": [ 193325.62400000001071, 195721.279 ] } },
{ "type": "Feature", "properties": { "LOCATIENUMMER": "2367", "STATUS": "In dienst", "INTERACTIVITEIT": "Niet interactief", "LICHTBRON_GROEP": "MHHP-QZ", "BRANDPROGRAMMA": "D22H6.30 (Doven)", "BRANDPROGRAMMA_GROEP": "DxxHyy DOV" }, "geometry": { "type": "Point", "coordinates": [ 193332.958000000013271, 195736.641 ] } },
{ "type": "Feature", "properties": { "LOCATIENUMMER": "2368", "STATUS": "In dienst", "INTERACTIVITEIT": "Niet interactief", "LICHTBRON_GROEP": "MHHP-QZ", "BRANDPROGRAMMA": "N", "BRANDPROGRAMMA_GROEP": "N" }, "geometry": { "type": "Point", "coordinates": [ 193357.297, 195744.913999999989755 ] } },
{ "type": "Feature", "properties": { "LOCATIENUMMER": "2589", "STATUS": "In dienst", "INTERACTIVITEIT": "Interactief", "LICHTBRON_GROEP": "LED", "BRANDPROGRAMMA": "BPIV UNI 20-22-23/DIM/4-5-6 VRZA50", "BRANDPROGRAMMA_GROEP": "BPIV DIM" }, "geometry": { "type": "Point", "coordinates": [ 193403.219000000011874, 195796.409000000014203 ] } },
{ "type": "Feature", "properties": { "LOCATIENUMMER": "2370", "STATUS": "In dienst", "INTERACTIVITEIT": "Niet interactief", "LICHTBRON_GROEP": "NAHP", "BRANDPROGRAMMA": "D22H6.30 (Doven)", "BRANDPROGRAMMA_GROEP": "DxxHyy DOV" }, "geometry": { "type": "Point", "coordinates": [ 193384.223999999987427, 195765.503 ] } },
{ "type": "Feature", "properties": { "LOCATIENUMMER": "2369", "STATUS": "In dienst", "INTERACTIVITEIT": "Niet interactief", "LICHTBRON_GROEP": "NAHP", "BRANDPROGRAMMA": "D22H6.30 (Doven)", "BRANDPROGRAMMA_GROEP": "DxxHyy DOV" }, "geometry": { "type": "Point", "coordinates": [ 193386.817000000010012, 195722.959 ] } },
{ "type": "Feature", "properties": { "LOCATIENUMMER": "2340", "STATUS": "In dienst", "INTERACTIVITEIT": "Niet interactief", "LICHTBRON_GROEP": "NAHP", "BRANDPROGRAMMA": "N", "BRANDPROGRAMMA_GROEP": "N" }, "geometry": { "type": "Point", "coordinates": [ 193339.71, 195712.817000000010012 ] } },
{ "type": "Feature", "properties": { "LOCATIENUMMER": "2341", "STATUS": "In dienst", "INTERACTIVITEIT": "Niet interactief", "LICHTBRON_GROEP": "NAHP", "BRANDPROGRAMMA": "N", "BRANDPROGRAMMA_GROEP": "N" }, "geometry": { "type": "Point", "coordinates": [ 193356.996000000013737, 195682.989 ] } },
{ "type": "Feature", "properties": { "LOCATIENUMMER": "2346", "STATUS": "In dienst", "INTERACTIVITEIT": "Niet interactief", "LICHTBRON_GROEP": "MHHP-QZ", "BRANDPROGRAMMA": "D22H6.30 (Doven)", "BRANDPROGRAMMA_GROEP": "DxxHyy DOV" }, "geometry": { "type": "Point", "coordinates": [ 193331.177, 195705.227000000013504 ] } },
{ "type": "Feature", "properties": { "LOCATIENUMMER": "2346", "STATUS": "In dienst", "INTERACTIVITEIT": "Niet interactief", "LICHTBRON_GROEP": "MHHP-QZ", "BRANDPROGRAMMA": "D22H6.30 (Doven)", "BRANDPROGRAMMA_GROEP": "DxxHyy DOV" }, "geometry": { "type": "Point", "coordinates": [ 193331.177, 195705.227000000013504 ] } },
{ "type": "Feature", "properties": { "LOCATIENUMMER": "2350", "STATUS": "In dienst", "INTERACTIVITEIT": "Niet interactief", "LICHTBRON_GROEP": "MHHP-QZ", "BRANDPROGRAMMA": "D22H6.30 (Doven)", "BRANDPROGRAMMA_GROEP": "DxxHyy DOV" }, "geometry": { "type": "Point", "coordinates": [ 193309.181000000011409, 195692.214 ] } },
{ "type": "Feature", "properties": { "LOCATIENUMMER": "2350", "STATUS": "In dienst", "INTERACTIVITEIT": "Niet interactief", "LICHTBRON_GROEP": "MHHP-QZ", "BRANDPROGRAMMA": "D22H6.30 (Doven)", "BRANDPROGRAMMA_GROEP": "DxxHyy DOV" }, "geometry": { "type": "Point", "coordinates": [ 193309.181000000011409, 195692.214 ] } },
{ "type": "Feature", "properties": { "LOCATIENUMMER": "2361", "STATUS": "In dienst", "INTERACTIVITEIT": "Niet interactief", "LICHTBRON_GROEP": "MHHP-QZ", "BRANDPROGRAMMA": "D22H6.30 (Doven)", "BRANDPROGRAMMA_GROEP": "DxxHyy DOV" }, "geometry": { "type": "Point", "coordinates": [ 193296.185999999986961, 195717.864 ] } },
{ "type": "Feature", "properties": { "LOCATIENUMMER": "2361", "STATUS": "In dienst", "INTERACTIVITEIT": "Niet interactief", "LICHTBRON_GROEP": "MHHP-QZ", "BRANDPROGRAMMA": "D22H6.30 (Doven)", "BRANDPROGRAMMA_GROEP": "DxxHyy DOV" }, "geometry": { "type": "Point", "coordinates": [ 193296.185999999986961, 195717.864 ] } },
{ "type": "Feature", "properties": { "LOCATIENUMMER": "2349", "STATUS": "In dienst", "INTERACTIVITEIT": "Niet interactief", "LICHTBRON_GROEP": "MHHP-QZ", "BRANDPROGRAMMA": "D22H6.30 (Doven)", "BRANDPROGRAMMA_GROEP": "DxxHyy DOV" }, "geometry": { "type": "Point", "coordinates": [ 193294.37400000001071, 195684.49 ] } },
{ "type": "Feature", "properties": { "LOCATIENUMMER": "2349", "STATUS": "In dienst", "INTERACTIVITEIT": "Niet interactief", "LICHTBRON_GROEP": "MHHP-QZ", "BRANDPROGRAMMA": "D22H6.30 (Doven)", "BRANDPROGRAMMA_GROEP": "DxxHyy DOV" }, "geometry": { "type": "Point", "coordinates": [ 193294.37400000001071, 195684.49 ] } },
{ "type": "Feature", "properties": { "LOCATIENUMMER": "2348", "STATUS": "In dienst", "INTERACTIVITEIT": "Niet interactief", "LICHTBRON_GROEP": "MHHP-QZ", "BRANDPROGRAMMA": "D22H6.30 (Doven)", "BRANDPROGRAMMA_GROEP": "DxxHyy DOV" }, "geometry": { "type": "Point", "coordinates": [ 193271.154, 195667.685999999986961 ] } },
{ "type": "Feature", "properties": { "LOCATIENUMMER": "2363", "STATUS": "In dienst", "INTERACTIVITEIT": "Niet interactief", "LICHTBRON_GROEP": "MHHP-QZ", "BRANDPROGRAMMA": "D22H6.30 (Doven)", "BRANDPROGRAMMA_GROEP": "DxxHyy DOV" }, "geometry": { "type": "Point", "coordinates": [ 193265.606, 195690.158 ] } },
{ "type": "Feature", "properties": { "LOCATIENUMMER": "2347", "STATUS": "In dienst", "INTERACTIVITEIT": "Niet interactief", "LICHTBRON_GROEP": "MHHP-QZ", "BRANDPROGRAMMA": "D22H6.30 (Doven)", "BRANDPROGRAMMA_GROEP": "DxxHyy DOV" }, "geometry": { "type": "Point", "coordinates": [ 193245.549, 195662.602000000013504 ] } },
{ "type": "Feature", "properties": { "LOCATIENUMMER": "2351", "STATUS": "In dienst", "INTERACTIVITEIT": "Niet interactief", "LICHTBRON_GROEP": "MHHP-QZ", "BRANDPROGRAMMA": "N", "BRANDPROGRAMMA_GROEP": "N" }, "geometry": { "type": "Point", "coordinates": [ 193217.776000000012573, 195663.827 ] } },
{ "type": "Feature", "properties": { "LOCATIENUMMER": "2353", "STATUS": "In dienst", "INTERACTIVITEIT": "Niet interactief", "LICHTBRON_GROEP": "MHHP-QZ", "BRANDPROGRAMMA": "D22H6.30 (Doven)", "BRANDPROGRAMMA_GROEP": "DxxHyy DOV" }, "geometry": { "type": "Point", "coordinates": [ 193197.13200000001234, 195658.002 ] } },
{ "type": "Feature", "properties": { "LOCATIENUMMER": "2354", "STATUS": "In dienst", "INTERACTIVITEIT": "Niet interactief", "LICHTBRON_GROEP": "MHHP-QZ", "BRANDPROGRAMMA": "D22H6.30 (Doven)", "BRANDPROGRAMMA_GROEP": "DxxHyy DOV" }, "geometry": { "type": "Point", "coordinates": [ 193170.274, 195645.469000000011874 ] } },
{ "type": "Feature", "properties": { "LOCATIENUMMER": "2356", "STATUS": "In dienst", "INTERACTIVITEIT": "Niet interactief", "LICHTBRON_GROEP": "NALP", "BRANDPROGRAMMA": "D22H6.30 (Doven)", "BRANDPROGRAMMA_GROEP": "DxxHyy DOV" }, "geometry": { "type": "Point", "coordinates": [ 193185.848999999987427, 195566.78 ] } },
{ "type": "Feature", "properties": { "LOCATIENUMMER": "2804", "STATUS": "In dienst", "INTERACTIVITEIT": "Interactief-ready", "LICHTBRON_GROEP": "LED", "BRANDPROGRAMMA": "N", "BRANDPROGRAMMA_GROEP": "N" }, "geometry": { "type": "Point", "coordinates": [ 193081.196, 193824.449 ] } },
{ "type": "Feature", "properties": { "LOCATIENUMMER": "1550", "STATUS": "In dienst", "INTERACTIVITEIT": "Niet interactief", "LICHTBRON_GROEP": "NAHP", "BRANDPROGRAMMA": "N", "BRANDPROGRAMMA_GROEP": "N" }, "geometry": { "type": "Point", "coordinates": [ 192783.798, 193659.38200000001234 ] } },
{ "type": "Feature", "properties": { "LOCATIENUMMER": "2809", "STATUS": "In dienst", "INTERACTIVITEIT": "Interactief-ready", "LICHTBRON_GROEP": "LED", "BRANDPROGRAMMA": "D22H6.30 (Doven)", "BRANDPROGRAMMA_GROEP": "DxxHyy DOV" }, "geometry": { "type": "Point", "coordinates": [ 192973.403, 193711.453 ] } },
{ "type": "Feature", "properties": { "LOCATIENUMMER": "2810", "STATUS": "In dienst", "INTERACTIVITEIT": "Interactief-ready", "LICHTBRON_GROEP": "LED", "BRANDPROGRAMMA": "N", "BRANDPROGRAMMA_GROEP": "N" }, "geometry": { "type": "Point", "coordinates": [ 192950.364, 193687.269 ] } },
{ "type": "Feature", "properties": { "LOCATIENUMMER": "1549", "STATUS": "In dienst", "INTERACTIVITEIT": "Niet interactief", "LICHTBRON_GROEP": "NAHP", "BRANDPROGRAMMA": "D22H6.30 (Doven)", "BRANDPROGRAMMA_GROEP": "DxxHyy DOV" }, "geometry": { "type": "Point", "coordinates": [ 192810.647999999986496, 193635.081 ] } },
{ "type": "Feature", "properties": { "LOCATIENUMMER": "2811", "STATUS": "In dienst", "INTERACTIVITEIT": "Interactief-ready", "LICHTBRON_GROEP": "LED", "BRANDPROGRAMMA": "D22H6.30 (Doven)", "BRANDPROGRAMMA_GROEP": "DxxHyy DOV" }, "geometry": { "type": "Point", "coordinates": [ 192929.12400000001071, 193664.85 ] } },
{ "type": "Feature", "properties": { "LOCATIENUMMER": "2805", "STATUS": "In dienst", "INTERACTIVITEIT": "Interactief-ready", "LICHTBRON_GROEP": "LED", "BRANDPROGRAMMA": "D22H6.30 (Doven)", "BRANDPROGRAMMA_GROEP": "DxxHyy DOV" }, "geometry": { "type": "Point", "coordinates": [ 193062.703, 193805.323 ] } },
{ "type": "Feature", "properties": { "LOCATIENUMMER": "1553", "STATUS": "In dienst", "INTERACTIVITEIT": "Niet interactief", "LICHTBRON_GROEP": "NAHP", "BRANDPROGRAMMA": "N", "BRANDPROGRAMMA_GROEP": "N" }, "geometry": { "type": "Point", "coordinates": [ 192704.935, 193730.651000000012573 ] } },
{ "type": "Feature", "properties": { "LOCATIENUMMER": "1588", "STATUS": "In dienst", "INTERACTIVITEIT": "Interactief-ready", "LICHTBRON_GROEP": "LED", "BRANDPROGRAMMA": "N", "BRANDPROGRAMMA_GROEP": "N" }, "geometry": { "type": "Point", "coordinates": [ 192690.818, 193736.639 ] } },
{ "type": "Feature", "properties": { "LOCATIENUMMER": "1548", "STATUS": "In dienst", "INTERACTIVITEIT": "Niet interactief", "LICHTBRON_GROEP": "NAHP", "BRANDPROGRAMMA": "N", "BRANDPROGRAMMA_GROEP": "N" }, "geometry": { "type": "Point", "coordinates": [ 192837.612, 193610.699 ] } },
{ "type": "Feature", "properties": { "LOCATIENUMMER": "2812", "STATUS": "In dienst", "INTERACTIVITEIT": "Interactief-ready", "LICHTBRON_GROEP": "LED", "BRANDPROGRAMMA": "D22H6.30 (Doven)", "BRANDPROGRAMMA_GROEP": "DxxHyy DOV" }, "geometry": { "type": "Point", "coordinates": [ 192908.674, 193643.347 ] } },
{ "type": "Feature", "properties": { "LOCATIENUMMER": "2815", "STATUS": "In dienst", "INTERACTIVITEIT": "Interactief-ready", "LICHTBRON_GROEP": "LED", "BRANDPROGRAMMA": "D22H6.30 (Doven)", "BRANDPROGRAMMA_GROEP": "DxxHyy DOV" }, "geometry": { "type": "Point", "coordinates": [ 192839.723, 193579.43 ] } },
{ "type": "Feature", "properties": { "LOCATIENUMMER": "2770", "STATUS": "In dienst", "INTERACTIVITEIT": "Niet interactief", "LICHTBRON_GROEP": "NALP", "BRANDPROGRAMMA": "D22H6.30 (Doven)", "BRANDPROGRAMMA_GROEP": "DxxHyy DOV" }, "geometry": { "type": "Point", "coordinates": [ 192725.696, 193458.676 ] } },
{ "type": "Feature", "properties": { "LOCATIENUMMER": "2772", "STATUS": "In dienst", "INTERACTIVITEIT": "Niet interactief", "LICHTBRON_GROEP": "NAHP", "BRANDPROGRAMMA": "N", "BRANDPROGRAMMA_GROEP": "N" }, "geometry": { "type": "Point", "coordinates": [ 192668.767, 193400.415 ] } },
{ "type": "Feature", "properties": { "LOCATIENUMMER": "2813", "STATUS": "In dienst", "INTERACTIVITEIT": "Interactief-ready", "LICHTBRON_GROEP": "LED", "BRANDPROGRAMMA": "N", "BRANDPROGRAMMA_GROEP": "N" }, "geometry": { "type": "Point", "coordinates": [ 192888.776000000012573, 193621.309 ] } },
{ "type": "Feature", "properties": { "LOCATIENUMMER": "2814", "STATUS": "In dienst", "INTERACTIVITEIT": "Interactief-ready", "LICHTBRON_GROEP": "LED", "BRANDPROGRAMMA": "N", "BRANDPROGRAMMA_GROEP": "N" }, "geometry": { "type": "Point", "coordinates": [ 192865.932999999989988, 193597.331 ] } },
{ "type": "Feature", "properties": { "LOCATIENUMMER": "2775", "STATUS": "In dienst", "INTERACTIVITEIT": "Niet interactief", "LICHTBRON_GROEP": "NAHP", "BRANDPROGRAMMA": "D22H6.30 (Doven)", "BRANDPROGRAMMA_GROEP": "DxxHyy DOV" }, "geometry": { "type": "Point", "coordinates": [ 192581.019999999989523, 193311.046 ] } },
{ "type": "Feature", "properties": { "LOCATIENUMMER": "2778", "STATUS": "In dienst", "INTERACTIVITEIT": "Niet interactief", "LICHTBRON_GROEP": "NAHP", "BRANDPROGRAMMA": "D22H6.30 (Doven)", "BRANDPROGRAMMA_GROEP": "DxxHyy DOV" }, "geometry": { "type": "Point", "coordinates": [ 192489.99, 193211.275 ] } },
{ "type": "Feature", "properties": { "LOCATIENUMMER": "2790", "STATUS": "In dienst", "INTERACTIVITEIT": "Interactief-ready", "LICHTBRON_GROEP": "LED", "BRANDPROGRAMMA": "D22H6.30 (Doven)", "BRANDPROGRAMMA_GROEP": "DxxHyy DOV" }, "geometry": { "type": "Point", "coordinates": [ 192817.593, 193555.932 ] } },
{ "type": "Feature", "properties": { "LOCATIENUMMER": "1569", "STATUS": "In dienst", "INTERACTIVITEIT": "Interactief", "LICHTBRON_GROEP": "LED", "BRANDPROGRAMMA": "BPIV UNI 20-22-23/DIM/4-5-6 VRZA50", "BRANDPROGRAMMA_GROEP": "BPIV DIM" }, "geometry": { "type": "Point", "coordinates": [ 192492.696, 193531.537000000011176 ] } },
{ "type": "Feature", "properties": { "LOCATIENUMMER": "2784", "STATUS": "In dienst", "INTERACTIVITEIT": "Niet interactief", "LICHTBRON_GROEP": "NAHP", "BRANDPROGRAMMA": "N", "BRANDPROGRAMMA_GROEP": "N" }, "geometry": { "type": "Point", "coordinates": [ 192323.94, 193041.142 ] } },
{ "type": "Feature", "properties": { "LOCATIENUMMER": "1581", "STATUS": "In dienst", "INTERACTIVITEIT": "Interactief", "LICHTBRON_GROEP": "LED", "BRANDPROGRAMMA": "BPIV UNI 20-22-23/DIM/4-5-6 VRZA50", "BRANDPROGRAMMA_GROEP": "BPIV DIM" }, "geometry": { "type": "Point", "coordinates": [ 192257.299999999988358, 193161.196999999985565 ] } },
{ "type": "Feature", "properties": { "LOCATIENUMMER": "1567", "STATUS": "In dienst", "INTERACTIVITEIT": "Interactief", "LICHTBRON_GROEP": "LED", "BRANDPROGRAMMA": "BPIV UNI 20-22-23/DIM/4-5-6 VRZA50", "BRANDPROGRAMMA_GROEP": "BPIV DIM" }, "geometry": { "type": "Point", "coordinates": [ 192555.071, 193597.98499999998603 ] } },
{ "type": "Feature", "properties": { "LOCATIENUMMER": "1578", "STATUS": "In dienst", "INTERACTIVITEIT": "Interactief", "LICHTBRON_GROEP": "LED", "BRANDPROGRAMMA": "BPIV UNI 20-22-23/DIM/4-5-6 VRZA50", "BRANDPROGRAMMA_GROEP": "BPIV DIM" }, "geometry": { "type": "Point", "coordinates": [ 192220.033, 193286.019999999989523 ] } },
{ "type": "Feature", "properties": { "LOCATIENUMMER": "1579", "STATUS": "In dienst", "INTERACTIVITEIT": "Interactief", "LICHTBRON_GROEP": "LED", "BRANDPROGRAMMA": "BPIV UNI 20-22-23/DIM/4-5-6 VRZA50", "BRANDPROGRAMMA_GROEP": "BPIV DIM" }, "geometry": { "type": "Point", "coordinates": [ 192230.181000000011409, 193242.074 ] } },
{ "type": "Feature", "properties": { "LOCATIENUMMER": "2806", "STATUS": "In dienst", "INTERACTIVITEIT": "Interactief-ready", "LICHTBRON_GROEP": "LED", "BRANDPROGRAMMA": "D22H6.30 (Doven)", "BRANDPROGRAMMA_GROEP": "DxxHyy DOV" }, "geometry": { "type": "Point", "coordinates": [ 193037.772999999986496, 193779.627 ] } },
{ "type": "Feature", "properties": { "LOCATIENUMMER": "1552", "STATUS": "In dienst", "INTERACTIVITEIT": "Niet interactief", "LICHTBRON_GROEP": "NAHP", "BRANDPROGRAMMA": "D22H6.30 (Doven)", "BRANDPROGRAMMA_GROEP": "DxxHyy DOV" }, "geometry": { "type": "Point", "coordinates": [ 192729.592, 193708.413999999989755 ] } },
{ "type": "Feature", "properties": { "LOCATIENUMMER": "2807", "STATUS": "In dienst", "INTERACTIVITEIT": "Interactief-ready", "LICHTBRON_GROEP": "LED", "BRANDPROGRAMMA": "N", "BRANDPROGRAMMA_GROEP": "N" }, "geometry": { "type": "Point", "coordinates": [ 193016.225, 193757.092 ] } },
{ "type": "Feature", "properties": { "LOCATIENUMMER": "1551", "STATUS": "In dienst", "INTERACTIVITEIT": "Niet interactief", "LICHTBRON_GROEP": "NAHP", "BRANDPROGRAMMA": "D22H6.30 (Doven)", "BRANDPROGRAMMA_GROEP": "DxxHyy DOV" }, "geometry": { "type": "Point", "coordinates": [ 192756.530999999988126, 193684.089 ] } },
{ "type": "Feature", "properties": { "LOCATIENUMMER": "2808", "STATUS": "In dienst", "INTERACTIVITEIT": "Interactief-ready", "LICHTBRON_GROEP": "LED", "BRANDPROGRAMMA": "D22H6.30 (Doven)", "BRANDPROGRAMMA_GROEP": "DxxHyy DOV" }, "geometry": { "type": "Point", "coordinates": [ 192994.601, 193733.64000000001397 ] } },
{ "type": "Feature", "properties": { "LOCATIENUMMER": "2156", "STATUS": "In dienst", "INTERACTIVITEIT": "Interactief", "LICHTBRON_GROEP": "LED", "BRANDPROGRAMMA": "BPIV UNI 20-22-23/DOV/4-5-6 VRZA50", "BRANDPROGRAMMA_GROEP": "BPIV DOV WEEKEND" }, "geometry": { "type": "Point", "coordinates": [ 192813.595, 195303.91 ] } },
{ "type": "Feature", "properties": { "LOCATIENUMMER": "2160", "STATUS": "In dienst", "INTERACTIVITEIT": "Interactief", "LICHTBRON_GROEP": "LED", "BRANDPROGRAMMA": "BPIV UNI 20-22-23/DIM/4-5-6 VRZA50", "BRANDPROGRAMMA_GROEP": "BPIV DIM" }, "geometry": { "type": "Point", "coordinates": [ 192963.76, 195339.628 ] } },
{ "type": "Feature", "properties": { "LOCATIENUMMER": "2159", "STATUS": "In dienst", "INTERACTIVITEIT": "Interactief", "LICHTBRON_GROEP": "LED", "BRANDPROGRAMMA": "BPIV UNI 20-22-23/DIM/4-5-6 VRZA50", "BRANDPROGRAMMA_GROEP": "BPIV DIM" }, "geometry": { "type": "Point", "coordinates": [ 192915.978, 195325.916 ] } },
{ "type": "Feature", "properties": { "LOCATIENUMMER": "2158", "STATUS": "In dienst", "INTERACTIVITEIT": "Interactief", "LICHTBRON_GROEP": "LED", "BRANDPROGRAMMA": "BPIV UNI 20-22-23/DIM/4-5-6 VRZA50", "BRANDPROGRAMMA_GROEP": "BPIV DIM" }, "geometry": { "type": "Point", "coordinates": [ 192890.372, 195321.206 ] } },
{ "type": "Feature", "properties": { "LOCATIENUMMER": "2157", "STATUS": "In dienst", "INTERACTIVITEIT": "Interactief", "LICHTBRON_GROEP": "LED", "BRANDPROGRAMMA": "BPIV UNI 20-22-23/DIM/4-5-6 VRZA50", "BRANDPROGRAMMA_GROEP": "BPIV DIM" }, "geometry": { "type": "Point", "coordinates": [ 192843.036, 195314.128 ] } },
{ "type": "Feature", "properties": { "LOCATIENUMMER": "4644", "STATUS": "In dienst", "INTERACTIVITEIT": "Interactief", "LICHTBRON_GROEP": "LED", "BRANDPROGRAMMA": "BPIV UNI 20-22-23/DIM/4-5-6 VRZA50", "BRANDPROGRAMMA_GROEP": "BPIV DIM" }, "geometry": { "type": "Point", "coordinates": [ 194948.799, 196806.69 ] } },
{ "type": "Feature", "properties": { "LOCATIENUMMER": "3257", "STATUS": "In dienst", "INTERACTIVITEIT": "Interactief", "LICHTBRON_GROEP": "LED", "BRANDPROGRAMMA": "BPIV UNI 20-22-23/DIM/4-5-6 VRZA50", "BRANDPROGRAMMA_GROEP": "BPIV DIM" }, "geometry": { "type": "Point", "coordinates": [ 196033.443999999988591, 196612.72 ] } },
{ "type": "Feature", "properties": { "LOCATIENUMMER": "3258", "STATUS": "In dienst", "INTERACTIVITEIT": "Interactief", "LICHTBRON_GROEP": "LED", "BRANDPROGRAMMA": "BPIV UNI 20-22-23/DIM/4-5-6 VRZA50", "BRANDPROGRAMMA_GROEP": "BPIV DIM" }, "geometry": { "type": "Point", "coordinates": [ 196087.173, 196610.863000000012107 ] } },
{ "type": "Feature", "properties": { "LOCATIENUMMER": "3074", "STATUS": "In dienst", "INTERACTIVITEIT": "Niet interactief", "LICHTBRON_GROEP": "NAHP", "BRANDPROGRAMMA": "D22H6.30 (Doven)", "BRANDPROGRAMMA_GROEP": "DxxHyy DOV" }, "geometry": { "type": "Point", "coordinates": [ 195035.096, 196735.473999999987427 ] } },
{ "type": "Feature", "properties": { "LOCATIENUMMER": "3259", "STATUS": "In dienst", "INTERACTIVITEIT": "Interactief", "LICHTBRON_GROEP": "LED", "BRANDPROGRAMMA": "BPIV UNI 20-22-23/DIM/4-5-6 VRZA50", "BRANDPROGRAMMA_GROEP": "BPIV DIM" }, "geometry": { "type": "Point", "coordinates": [ 196130.185999999986961, 196609.662000000011176 ] } },
{ "type": "Feature", "properties": { "LOCATIENUMMER": "3260", "STATUS": "In dienst", "INTERACTIVITEIT": "Interactief", "LICHTBRON_GROEP": "LED", "BRANDPROGRAMMA": "BPIV UNI 20-22-23/DIM/4-5-6 VRZA50", "BRANDPROGRAMMA_GROEP": "BPIV DIM" }, "geometry": { "type": "Point", "coordinates": [ 196167.394999999989523, 196609.51 ] } },
{ "type": "Feature", "properties": { "LOCATIENUMMER": "4645", "STATUS": "In dienst", "INTERACTIVITEIT": "Interactief", "LICHTBRON_GROEP": "LED", "BRANDPROGRAMMA": "BPIV UNI 20-22-23/DIM/4-5-6 VRZA50", "BRANDPROGRAMMA_GROEP": "BPIV DIM" }, "geometry": { "type": "Point", "coordinates": [ 194971.919, 196773.445 ] } },
{ "type": "Feature", "properties": { "LOCATIENUMMER": "3261", "STATUS": "In dienst", "INTERACTIVITEIT": "Interactief", "LICHTBRON_GROEP": "LED", "BRANDPROGRAMMA": "BPIV UNI 20-22-23/DIM/4-5-6 VRZA50", "BRANDPROGRAMMA_GROEP": "BPIV DIM" }, "geometry": { "type": "Point", "coordinates": [ 196206.236, 196610.498 ] } },
{ "type": "Feature", "properties": { "LOCATIENUMMER": "3262", "STATUS": "In dienst", "INTERACTIVITEIT": "Interactief", "LICHTBRON_GROEP": "LED", "BRANDPROGRAMMA": "BPIV UNI 20-22-23/DIM/4-5-6 VRZA50", "BRANDPROGRAMMA_GROEP": "BPIV DIM" }, "geometry": { "type": "Point", "coordinates": [ 196253.442000000010012, 196613.36799999998766 ] } },
{ "type": "Feature", "properties": { "LOCATIENUMMER": "3263", "STATUS": "In dienst", "INTERACTIVITEIT": "Interactief", "LICHTBRON_GROEP": "LED", "BRANDPROGRAMMA": "BPIV UNI 20-22-23/DIM/4-5-6 VRZA50", "BRANDPROGRAMMA_GROEP": "BPIV DIM" }, "geometry": { "type": "Point", "coordinates": [ 196277.028, 196615.078 ] } },
{ "type": "Feature", "properties": { "LOCATIENUMMER": "3276", "STATUS": "In dienst", "INTERACTIVITEIT": "Interactief", "LICHTBRON_GROEP": "LED", "BRANDPROGRAMMA": "BPIV UNI 20-22-23/DIM/4-5-6 VRZA50", "BRANDPROGRAMMA_GROEP": "BPIV DIM" }, "geometry": { "type": "Point", "coordinates": [ 196313.388, 196623.016 ] } },
{ "type": "Feature", "properties": { "LOCATIENUMMER": "3264", "STATUS": "In dienst", "INTERACTIVITEIT": "Interactief", "LICHTBRON_GROEP": "LED", "BRANDPROGRAMMA": "BPIV UNI 20-22-23/DIM/4-5-6 VRZA50", "BRANDPROGRAMMA_GROEP": "BPIV DIM" }, "geometry": { "type": "Point", "coordinates": [ 196354.924999999988358, 196620.252 ] } },
{ "type": "Feature", "properties": { "LOCATIENUMMER": "3265", "STATUS": "In dienst", "INTERACTIVITEIT": "Interactief", "LICHTBRON_GROEP": "LED", "BRANDPROGRAMMA": "BPIV UNI 20-22-23/DIM/4-5-6 VRZA50", "BRANDPROGRAMMA_GROEP": "BPIV DIM" }, "geometry": { "type": "Point", "coordinates": [ 196394.981999999989057, 196622.839 ] } },
{ "type": "Feature", "properties": { "LOCATIENUMMER": "3266", "STATUS": "In dienst", "INTERACTIVITEIT": "Interactief", "LICHTBRON_GROEP": "LED", "BRANDPROGRAMMA": "BPIV UNI 20-22-23/DIM/4-5-6 VRZA50", "BRANDPROGRAMMA_GROEP": "BPIV DIM" }, "geometry": { "type": "Point", "coordinates": [ 196429.57, 196625.353 ] } },
{ "type": "Feature", "properties": { "LOCATIENUMMER": "3075", "STATUS": "In dienst", "INTERACTIVITEIT": "Niet interactief", "LICHTBRON_GROEP": "NAHP", "BRANDPROGRAMMA": "D22H6.30 (Doven)", "BRANDPROGRAMMA_GROEP": "DxxHyy DOV" }, "geometry": { "type": "Point", "coordinates": [ 195075.185, 196728.596 ] } },
{ "type": "Feature", "properties": { "LOCATIENUMMER": "3267", "STATUS": "In dienst", "INTERACTIVITEIT": "Interactief", "LICHTBRON_GROEP": "LED", "BRANDPROGRAMMA": "BPIV UNI 20-22-23/DIM/4-5-6 VRZA50", "BRANDPROGRAMMA_GROEP": "BPIV DIM" }, "geometry": { "type": "Point", "coordinates": [ 196468.68, 196628.219000000011874 ] } },
{ "type": "Feature", "properties": { "LOCATIENUMMER": "3287", "STATUS": "In dienst", "INTERACTIVITEIT": "Interactief", "LICHTBRON_GROEP": "LED", "BRANDPROGRAMMA": "BPIV UNI 20-22-23/DIM/4-5-6 VRZA50", "BRANDPROGRAMMA_GROEP": "BPIV DIM" }, "geometry": { "type": "Point", "coordinates": [ 196652.354, 196669.442000000010012 ] } },
{ "type": "Feature", "properties": { "LOCATIENUMMER": "3268", "STATUS": "In dienst", "INTERACTIVITEIT": "Interactief", "LICHTBRON_GROEP": "LED", "BRANDPROGRAMMA": "BPIV UNI 20-22-23/DIM/4-5-6 VRZA50", "BRANDPROGRAMMA_GROEP": "BPIV DIM" }, "geometry": { "type": "Point", "coordinates": [ 196508.473999999987427, 196635.161 ] } },
{ "type": "Feature", "properties": { "LOCATIENUMMER": "3286", "STATUS": "In dienst", "INTERACTIVITEIT": "Interactief", "LICHTBRON_GROEP": "LED", "BRANDPROGRAMMA": "BPIV UNI 20-22-23/DIM/4-5-6 VRZA50", "BRANDPROGRAMMA_GROEP": "BPIV DIM" }, "geometry": { "type": "Point", "coordinates": [ 196687.329, 196676.701 ] } },
{ "type": "Feature", "properties": { "LOCATIENUMMER": "3269", "STATUS": "In dienst", "INTERACTIVITEIT": "Interactief", "LICHTBRON_GROEP": "LED", "BRANDPROGRAMMA": "BPIV UNI 20-22-23/DIM/4-5-6 VRZA50", "BRANDPROGRAMMA_GROEP": "BPIV DIM" }, "geometry": { "type": "Point", "coordinates": [ 196542.969000000011874, 196645.522 ] } },
{ "type": "Feature", "properties": { "LOCATIENUMMER": "3256", "STATUS": "In dienst", "INTERACTIVITEIT": "Interactief", "LICHTBRON_GROEP": "LED", "BRANDPROGRAMMA": "BPIV UNI 20-22-23/DIM/4-5-6 VRZA50", "BRANDPROGRAMMA_GROEP": "BPIV DIM" }, "geometry": { "type": "Point", "coordinates": [ 196514.829999999987194, 196687.297 ] } },
{ "type": "Feature", "properties": { "LOCATIENUMMER": "3285", "STATUS": "In dienst", "INTERACTIVITEIT": "Interactief", "LICHTBRON_GROEP": "LED", "BRANDPROGRAMMA": "BPIV UNI 20-22-23/DIM/4-5-6 VRZA50", "BRANDPROGRAMMA_GROEP": "BPIV DIM" }, "geometry": { "type": "Point", "coordinates": [ 196729.363000000012107, 196678.545000000012806 ] } },
{ "type": "Feature", "properties": { "LOCATIENUMMER": "3270", "STATUS": "In dienst", "INTERACTIVITEIT": "Interactief", "LICHTBRON_GROEP": "LED", "BRANDPROGRAMMA": "BPIV UNI 20-22-23/DIM/4-5-6 VRZA50", "BRANDPROGRAMMA_GROEP": "BPIV DIM" }, "geometry": { "type": "Point", "coordinates": [ 196579.427, 196657.049 ] } },
{ "type": "Feature", "properties": { "LOCATIENUMMER": "3284", "STATUS": "In dienst", "INTERACTIVITEIT": "Interactief", "LICHTBRON_GROEP": "LED", "BRANDPROGRAMMA": "BPIV UNI 20-22-23/DIM/4-5-6 VRZA50", "BRANDPROGRAMMA_GROEP": "BPIV DIM" }, "geometry": { "type": "Point", "coordinates": [ 196770.804, 196675.635 ] } },
{ "type": "Feature", "properties": { "LOCATIENUMMER": "3283", "STATUS": "In dienst", "INTERACTIVITEIT": "Interactief", "LICHTBRON_GROEP": "LED", "BRANDPROGRAMMA": "BPIV UNI 20-22-23/DIM/4-5-6 VRZA50", "BRANDPROGRAMMA_GROEP": "BPIV DIM" }, "geometry": { "type": "Point", "coordinates": [ 196820.737, 196672.21 ] } },
{ "type": "Feature", "properties": { "LOCATIENUMMER": "3282", "STATUS": "In dienst", "INTERACTIVITEIT": "Interactief", "LICHTBRON_GROEP": "LED", "BRANDPROGRAMMA": "BPIV UNI 20-22-23/DIM/4-5-6 VRZA50", "BRANDPROGRAMMA_GROEP": "BPIV DIM" }, "geometry": { "type": "Point", "coordinates": [ 196859.978, 196670.248 ] } },
{ "type": "Feature", "properties": { "LOCATIENUMMER": "3281", "STATUS": "In dienst", "INTERACTIVITEIT": "Interactief", "LICHTBRON_GROEP": "LED", "BRANDPROGRAMMA": "BPIV UNI 20-22-23/DIM/4-5-6 VRZA50", "BRANDPROGRAMMA_GROEP": "BPIV DIM" }, "geometry": { "type": "Point", "coordinates": [ 196900.689000000013039, 196667.453 ] } },
{ "type": "Feature", "properties": { "LOCATIENUMMER": "3280", "STATUS": "In dienst", "INTERACTIVITEIT": "Interactief", "LICHTBRON_GROEP": "LED", "BRANDPROGRAMMA": "BPIV UNI 20-22-23/DIM/4-5-6 VRZA50", "BRANDPROGRAMMA_GROEP": "BPIV DIM" }, "geometry": { "type": "Point", "coordinates": [ 196944.89000000001397, 196664.587 ] } },
{ "type": "Feature", "properties": { "LOCATIENUMMER": "3279", "STATUS": "In dienst", "INTERACTIVITEIT": "Interactief", "LICHTBRON_GROEP": "LED", "BRANDPROGRAMMA": "BPIV UNI 20-22-23/DIM/4-5-6 VRZA50", "BRANDPROGRAMMA_GROEP": "BPIV DIM" }, "geometry": { "type": "Point", "coordinates": [ 196982.252, 196662.439000000013039 ] } },
{ "type": "Feature", "properties": { "LOCATIENUMMER": "3278", "STATUS": "In dienst", "INTERACTIVITEIT": "Interactief", "LICHTBRON_GROEP": "LED", "BRANDPROGRAMMA": "BPIV UNI 20-22-23/DIM/4-5-6 VRZA50", "BRANDPROGRAMMA_GROEP": "BPIV DIM" }, "geometry": { "type": "Point", "coordinates": [ 197020.392, 196660.737 ] } },
{ "type": "Feature", "properties": { "LOCATIENUMMER": "3077", "STATUS": "In dienst", "INTERACTIVITEIT": "Niet interactief", "LICHTBRON_GROEP": "NAHP", "BRANDPROGRAMMA": "N", "BRANDPROGRAMMA_GROEP": "N" }, "geometry": { "type": "Point", "coordinates": [ 195115.31, 196720.527 ] } },
{ "type": "Feature", "properties": { "LOCATIENUMMER": "3056", "STATUS": "In dienst", "INTERACTIVITEIT": "Interactief", "LICHTBRON_GROEP": "LED", "BRANDPROGRAMMA": "BPIV UNI 20-22-23/DIM/4-5-6 VRZA50", "BRANDPROGRAMMA_GROEP": "BPIV DIM" }, "geometry": { "type": "Point", "coordinates": [ 197117.748, 196664.276000000012573 ] } },
{ "type": "Feature", "properties": { "LOCATIENUMMER": "3277", "STATUS": "In dienst", "INTERACTIVITEIT": "Interactief", "LICHTBRON_GROEP": "LED", "BRANDPROGRAMMA": "BPIV UNI 20-22-23/DIM/4-5-6 VRZA50", "BRANDPROGRAMMA_GROEP": "BPIV DIM" }, "geometry": { "type": "Point", "coordinates": [ 197072.149, 196662.643000000010943 ] } },
{ "type": "Feature", "properties": { "LOCATIENUMMER": "3055", "STATUS": "In dienst", "INTERACTIVITEIT": "Interactief", "LICHTBRON_GROEP": "LED", "BRANDPROGRAMMA": "BPIV UNI 20-22-23/DIM/4-5-6 VRZA50", "BRANDPROGRAMMA_GROEP": "BPIV DIM" }, "geometry": { "type": "Point", "coordinates": [ 197102.793, 196699.785 ] } },
{ "type": "Feature", "properties": { "LOCATIENUMMER": "3054", "STATUS": "In dienst", "INTERACTIVITEIT": "Interactief", "LICHTBRON_GROEP": "LED", "BRANDPROGRAMMA": "BPIV UNI 20-22-23/DIM/4-5-6 VRZA50", "BRANDPROGRAMMA_GROEP": "BPIV DIM" }, "geometry": { "type": "Point", "coordinates": [ 197090.782, 196739.596 ] } },
{ "type": "Feature", "properties": { "LOCATIENUMMER": "3025", "STATUS": "In dienst", "INTERACTIVITEIT": "Niet interactief", "LICHTBRON_GROEP": "NAHP", "BRANDPROGRAMMA": "D22H6.30 (Doven)", "BRANDPROGRAMMA_GROEP": "DxxHyy DOV" }, "geometry": { "type": "Point", "coordinates": [ 197080.62599999998929, 196784.439000000013039 ] } },
{ "type": "Feature", "properties": { "LOCATIENUMMER": "3078", "STATUS": "In dienst", "INTERACTIVITEIT": "Niet interactief", "LICHTBRON_GROEP": "NAHP", "BRANDPROGRAMMA": "D22H6.30 (Doven)", "BRANDPROGRAMMA_GROEP": "DxxHyy DOV" }, "geometry": { "type": "Point", "coordinates": [ 195154.517, 196711.928000000014435 ] } },
{ "type": "Feature", "properties": { "LOCATIENUMMER": "4608", "STATUS": "In dienst", "INTERACTIVITEIT": "Interactief", "LICHTBRON_GROEP": "LED", "BRANDPROGRAMMA": "BPIV UNI 20-22-23/DIM/4-5-6 VRZA50", "BRANDPROGRAMMA_GROEP": "BPIV DIM" }, "geometry": { "type": "Point", "coordinates": [ 195228.355000000010477, 196685.367 ] } },
{ "type": "Feature", "properties": { "LOCATIENUMMER": "3107", "STATUS": "In dienst", "INTERACTIVITEIT": "Interactief", "LICHTBRON_GROEP": "LED", "BRANDPROGRAMMA": "BPIV UNI 20-22-23/DIM/4-5-6 VRZA50", "BRANDPROGRAMMA_GROEP": "BPIV DIM" }, "geometry": { "type": "Point", "coordinates": [ 194874.317000000010012, 196841.37400000001071 ] } },
{ "type": "Feature", "properties": { "LOCATIENUMMER": "4607", "STATUS": "In dienst", "INTERACTIVITEIT": "Interactief", "LICHTBRON_GROEP": "LED", "BRANDPROGRAMMA": "BPIV UNI 20-22-23/DIM/4-5-6 VRZA50", "BRANDPROGRAMMA_GROEP": "BPIV DIM" }, "geometry": { "type": "Point", "coordinates": [ 195264.767, 196677.602000000013504 ] } },
{ "type": "Feature", "properties": { "LOCATIENUMMER": "4605", "STATUS": "In dienst", "INTERACTIVITEIT": "Interactief", "LICHTBRON_GROEP": "LED", "BRANDPROGRAMMA": "BPIV UNI 20-22-23/DIM/4-5-6 VRZA50", "BRANDPROGRAMMA_GROEP": "BPIV DIM" }, "geometry": { "type": "Point", "coordinates": [ 195340.067000000010012, 196667.051 ] } },
{ "type": "Feature", "properties": { "LOCATIENUMMER": "4604", "STATUS": "In dienst", "INTERACTIVITEIT": "Interactief", "LICHTBRON_GROEP": "LED", "BRANDPROGRAMMA": "BPIV UNI 20-22-23/DIM/4-5-6 VRZA50", "BRANDPROGRAMMA_GROEP": "BPIV DIM" }, "geometry": { "type": "Point", "coordinates": [ 195379.269, 196664.615 ] } },
{ "type": "Feature", "properties": { "LOCATIENUMMER": "4603", "STATUS": "In dienst", "INTERACTIVITEIT": "Interactief", "LICHTBRON_GROEP": "LED", "BRANDPROGRAMMA": "BPIV UNI 20-22-23/DIM/4-5-6 VRZA50", "BRANDPROGRAMMA_GROEP": "BPIV DIM" }, "geometry": { "type": "Point", "coordinates": [ 195419.269999999989523, 196662.198 ] } },
{ "type": "Feature", "properties": { "LOCATIENUMMER": "3999", "STATUS": "In dienst", "INTERACTIVITEIT": "Interactief", "LICHTBRON_GROEP": "LED", "BRANDPROGRAMMA": "BPIV UNI 20-22-23/DIM/4-5-6 VRZA50", "BRANDPROGRAMMA_GROEP": "BPIV DIM" }, "geometry": { "type": "Point", "coordinates": [ 195449.036, 196652.435 ] } },
{ "type": "Feature", "properties": { "LOCATIENUMMER": "3998", "STATUS": "In dienst", "INTERACTIVITEIT": "Interactief", "LICHTBRON_GROEP": "LED", "BRANDPROGRAMMA": "BPIV UNI 20-22-23/DIM/4-5-6 VRZA50", "BRANDPROGRAMMA_GROEP": "BPIV DIM" }, "geometry": { "type": "Point", "coordinates": [ 195496.07, 196653.62599999998929 ] } },
{ "type": "Feature", "properties": { "LOCATIENUMMER": "3997", "STATUS": "In dienst", "INTERACTIVITEIT": "Interactief", "LICHTBRON_GROEP": "LED", "BRANDPROGRAMMA": "BPIV UNI 20-22-23/DIM/4-5-6 VRZA50", "BRANDPROGRAMMA_GROEP": "BPIV DIM" }, "geometry": { "type": "Point", "coordinates": [ 195538.521, 196654.242 ] } },
{ "type": "Feature", "properties": { "LOCATIENUMMER": "3996", "STATUS": "In dienst", "INTERACTIVITEIT": "Interactief", "LICHTBRON_GROEP": "LED", "BRANDPROGRAMMA": "BPIV UNI 20-22-23/DIM/4-5-6 VRZA50", "BRANDPROGRAMMA_GROEP": "BPIV DIM" }, "geometry": { "type": "Point", "coordinates": [ 195576.714, 196654.858 ] } },
{ "type": "Feature", "properties": { "LOCATIENUMMER": "3995", "STATUS": "In dienst", "INTERACTIVITEIT": "Interactief", "LICHTBRON_GROEP": "LED", "BRANDPROGRAMMA": "BPIV UNI 20-22-23/DIM/4-5-6 VRZA50", "BRANDPROGRAMMA_GROEP": "BPIV DIM" }, "geometry": { "type": "Point", "coordinates": [ 195617.096, 196655.508 ] } },
{ "type": "Feature", "properties": { "LOCATIENUMMER": "4023", "STATUS": "In dienst", "INTERACTIVITEIT": "Interactief", "LICHTBRON_GROEP": "LED", "BRANDPROGRAMMA": "BPIV UNI 20-22-23/DIM/4-5-6 VRZA50", "BRANDPROGRAMMA_GROEP": "BPIV DIM" }, "geometry": { "type": "Point", "coordinates": [ 195695.39000000001397, 196651.437 ] } },
{ "type": "Feature", "properties": { "LOCATIENUMMER": "3106", "STATUS": "In dienst", "INTERACTIVITEIT": "Interactief", "LICHTBRON_GROEP": "LED", "BRANDPROGRAMMA": "BPIV UNI 20-22-23/DIM/4-5-6 VRZA50", "BRANDPROGRAMMA_GROEP": "BPIV DIM" }, "geometry": { "type": "Point", "coordinates": [ 194910.312, 196828.484 ] } },
{ "type": "Feature", "properties": { "LOCATIENUMMER": "4024", "STATUS": "In dienst", "INTERACTIVITEIT": "Interactief", "LICHTBRON_GROEP": "LED", "BRANDPROGRAMMA": "BPIV UNI 20-22-23/DIM/4-5-6 VRZA50", "BRANDPROGRAMMA_GROEP": "BPIV DIM" }, "geometry": { "type": "Point", "coordinates": [ 195733.647999999986496, 196647.842 ] } },
{ "type": "Feature", "properties": { "LOCATIENUMMER": "4025", "STATUS": "In dienst", "INTERACTIVITEIT": "Interactief", "LICHTBRON_GROEP": "LED", "BRANDPROGRAMMA": "BPIV UNI 20-22-23/DIM/4-5-6 VRZA50", "BRANDPROGRAMMA_GROEP": "BPIV DIM" }, "geometry": { "type": "Point", "coordinates": [ 195779.745, 196641.845 ] } },
{ "type": "Feature", "properties": { "LOCATIENUMMER": "4026", "STATUS": "In dienst", "INTERACTIVITEIT": "Interactief", "LICHTBRON_GROEP": "LED", "BRANDPROGRAMMA": "BPIV UNI 20-22-23/DIM/4-5-6 VRZA50", "BRANDPROGRAMMA_GROEP": "BPIV DIM" }, "geometry": { "type": "Point", "coordinates": [ 195816.801, 196636.431000000011409 ] } },
{ "type": "Feature", "properties": { "LOCATIENUMMER": "4646", "STATUS": "In dienst", "INTERACTIVITEIT": "Interactief", "LICHTBRON_GROEP": "LED", "BRANDPROGRAMMA": "BPIV UNI 20-22-23/DIM/4-5-6 VRZA50", "BRANDPROGRAMMA_GROEP": "BPIV DIM" }, "geometry": { "type": "Point", "coordinates": [ 194998.761999999987893, 196739.845 ] } },
{ "type": "Feature", "properties": { "LOCATIENUMMER": "4027", "STATUS": "In dienst", "INTERACTIVITEIT": "Interactief", "LICHTBRON_GROEP": "LED", "BRANDPROGRAMMA": "BPIV UNI 20-22-23/DIM/4-5-6 VRZA50", "BRANDPROGRAMMA_GROEP": "BPIV DIM" }, "geometry": { "type": "Point", "coordinates": [ 195855.38200000001234, 196630.511999999987893 ] } },
{ "type": "Feature", "properties": { "LOCATIENUMMER": "4028", "STATUS": "In dienst", "INTERACTIVITEIT": "Interactief", "LICHTBRON_GROEP": "LED", "BRANDPROGRAMMA": "BPIV UNI 20-22-23/DIM/4-5-6 VRZA50", "BRANDPROGRAMMA_GROEP": "BPIV DIM" }, "geometry": { "type": "Point", "coordinates": [ 195896.053000000014435, 196626.13200000001234 ] } },
{ "type": "Feature", "properties": { "LOCATIENUMMER": "4031", "STATUS": "In dienst", "INTERACTIVITEIT": "Interactief", "LICHTBRON_GROEP": "LED", "BRANDPROGRAMMA": "BPIV UNI 20-22-23/DIM/4-5-6 VRZA50", "BRANDPROGRAMMA_GROEP": "BPIV DIM" }, "geometry": { "type": "Point", "coordinates": [ 195938.916999999986729, 196619.399 ] } },
{ "type": "Feature", "properties": { "LOCATIENUMMER": "4011", "STATUS": "In dienst", "INTERACTIVITEIT": "Interactief", "LICHTBRON_GROEP": "LED", "BRANDPROGRAMMA": "BPIV UNI 20-22-23/DIM/4-5-6 VRZA50", "BRANDPROGRAMMA_GROEP": "BPIV DIM" }, "geometry": { "type": "Point", "coordinates": [ 195997.21, 196630.494 ] } },
{ "type": "Feature", "properties": { "LOCATIENUMMER": "4032", "STATUS": "In dienst", "INTERACTIVITEIT": "Interactief", "LICHTBRON_GROEP": "LED", "BRANDPROGRAMMA": "BPIV UNI 20-22-23/DIM/4-5-6 VRZA50", "BRANDPROGRAMMA_GROEP": "BPIV DIM" }, "geometry": { "type": "Point", "coordinates": [ 195981.768000000010943, 196615.565 ] } },
{ "type": "Feature", "properties": { "LOCATIENUMMER": "4272", "STATUS": "In dienst", "INTERACTIVITEIT": "Niet interactief", "LICHTBRON_GROEP": "NAHP", "BRANDPROGRAMMA": "N", "BRANDPROGRAMMA_GROEP": "N" }, "geometry": { "type": "Point", "coordinates": [ 193751.307, 199146.00099999998929 ] } },
{ "type": "Feature", "properties": { "LOCATIENUMMER": "4272", "STATUS": "In dienst", "INTERACTIVITEIT": "Niet interactief", "LICHTBRON_GROEP": "NAHP", "BRANDPROGRAMMA": "N", "BRANDPROGRAMMA_GROEP": "N" }, "geometry": { "type": "Point", "coordinates": [ 193751.307, 199146.00099999998929 ] } },
{ "type": "Feature", "properties": { "LOCATIENUMMER": "4273", "STATUS": "In dienst", "INTERACTIVITEIT": "Niet interactief", "LICHTBRON_GROEP": "NAHP", "BRANDPROGRAMMA": "D22H6.30 (Doven)", "BRANDPROGRAMMA_GROEP": "DxxHyy DOV" }, "geometry": { "type": "Point", "coordinates": [ 193763.314000000013039, 199179.178000000014435 ] } },
{ "type": "Feature", "properties": { "LOCATIENUMMER": "52", "STATUS": "In dienst", "INTERACTIVITEIT": "Interactief", "LICHTBRON_GROEP": "LED", "BRANDPROGRAMMA": "BPIV UNI 20-22-23/DIM/4-5-6 VRZA50", "BRANDPROGRAMMA_GROEP": "BPIV DIM" }, "geometry": { "type": "Point", "coordinates": [ 199450.776000000012573, 197942.865 ] } },
{ "type": "Feature", "properties": { "LOCATIENUMMER": "76", "STATUS": "In dienst", "INTERACTIVITEIT": "Interactief", "LICHTBRON_GROEP": "LED", "BRANDPROGRAMMA": "BPIV UNI 20-22-23/DIM/4-5-6 VRZA50", "BRANDPROGRAMMA_GROEP": "BPIV DIM" }, "geometry": { "type": "Point", "coordinates": [ 200187.405999999988126, 198493.326 ] } },
{ "type": "Feature", "properties": { "LOCATIENUMMER": "3017", "STATUS": "In dienst", "INTERACTIVITEIT": "Niet interactief", "LICHTBRON_GROEP": "NAHP", "BRANDPROGRAMMA": "N", "BRANDPROGRAMMA_GROEP": "N" }, "geometry": { "type": "Point", "coordinates": [ 200207.19, 198672.131 ] } },
{ "type": "Feature", "properties": { "LOCATIENUMMER": "3018", "STATUS": "In dienst", "INTERACTIVITEIT": "Niet interactief", "LICHTBRON_GROEP": "NAHP", "BRANDPROGRAMMA": "D22H6.30 (Doven)", "BRANDPROGRAMMA_GROEP": "DxxHyy DOV" }, "geometry": { "type": "Point", "coordinates": [ 200251.984, 198668.142 ] } },
{ "type": "Feature", "properties": { "LOCATIENUMMER": "3019", "STATUS": "In dienst", "INTERACTIVITEIT": "Niet interactief", "LICHTBRON_GROEP": "NAHP", "BRANDPROGRAMMA": "N", "BRANDPROGRAMMA_GROEP": "N" }, "geometry": { "type": "Point", "coordinates": [ 200296.837999999988824, 198664.576 ] } },
{ "type": "Feature", "properties": { "LOCATIENUMMER": "79", "STATUS": "In dienst", "INTERACTIVITEIT": "Interactief", "LICHTBRON_GROEP": "LED", "BRANDPROGRAMMA": "BPIV UNI 20-22-23/DIM/4-5-6 VRZA50", "BRANDPROGRAMMA_GROEP": "BPIV DIM" }, "geometry": { "type": "Point", "coordinates": [ 200234.309, 198383.525 ] } },
{ "type": "Feature", "properties": { "LOCATIENUMMER": "80", "STATUS": "In dienst", "INTERACTIVITEIT": "Interactief", "LICHTBRON_GROEP": "LED", "BRANDPROGRAMMA": "BPIV UNI 20-22-23/DIM/4-5-6 VRZA50", "BRANDPROGRAMMA_GROEP": "BPIV DIM" }, "geometry": { "type": "Point", "coordinates": [ 200250.752, 198348.101 ] } },
{ "type": "Feature", "properties": { "LOCATIENUMMER": "3020", "STATUS": "In dienst", "INTERACTIVITEIT": "Niet interactief", "LICHTBRON_GROEP": "NAHP", "BRANDPROGRAMMA": "D22H6.30 (Doven)", "BRANDPROGRAMMA_GROEP": "DxxHyy DOV" }, "geometry": { "type": "Point", "coordinates": [ 200341.723, 198660.992 ] } },
{ "type": "Feature", "properties": { "LOCATIENUMMER": "93", "STATUS": "In dienst", "INTERACTIVITEIT": "Interactief", "LICHTBRON_GROEP": "LED", "BRANDPROGRAMMA": "BPIV UNI 20-22-23/DIM/4-5-6 VRZA50", "BRANDPROGRAMMA_GROEP": "BPIV DIM" }, "geometry": { "type": "Point", "coordinates": [ 200269.56, 198307.392 ] } },
{ "type": "Feature", "properties": { "LOCATIENUMMER": "92", "STATUS": "In dienst", "INTERACTIVITEIT": "Interactief", "LICHTBRON_GROEP": "LED", "BRANDPROGRAMMA": "BPIV UNI 20-22-23/DIM/4-5-6 VRZA50", "BRANDPROGRAMMA_GROEP": "BPIV DIM" }, "geometry": { "type": "Point", "coordinates": [ 200286.409000000014203, 198271.214 ] } },
{ "type": "Feature", "properties": { "LOCATIENUMMER": "3021", "STATUS": "In dienst", "INTERACTIVITEIT": "Niet interactief", "LICHTBRON_GROEP": "NAHP", "BRANDPROGRAMMA": "N", "BRANDPROGRAMMA_GROEP": "N" }, "geometry": { "type": "Point", "coordinates": [ 200394.719000000011874, 198651.318 ] } },
{ "type": "Feature", "properties": { "LOCATIENUMMER": "3022", "STATUS": "In dienst", "INTERACTIVITEIT": "Niet interactief", "LICHTBRON_GROEP": "NAHP", "BRANDPROGRAMMA": "D22H6.30 (Doven)", "BRANDPROGRAMMA_GROEP": "DxxHyy DOV" }, "geometry": { "type": "Point", "coordinates": [ 200437.049999999988358, 198635.142 ] } },
{ "type": "Feature", "properties": { "LOCATIENUMMER": "3023", "STATUS": "In dienst", "INTERACTIVITEIT": "Niet interactief", "LICHTBRON_GROEP": "NAHP", "BRANDPROGRAMMA": "D22H6.30 (Doven)", "BRANDPROGRAMMA_GROEP": "DxxHyy DOV" }, "geometry": { "type": "Point", "coordinates": [ 200478.834, 198618.367 ] } },
{ "type": "Feature", "properties": { "LOCATIENUMMER": "3024", "STATUS": "In dienst", "INTERACTIVITEIT": "Niet interactief", "LICHTBRON_GROEP": "MHHP-QZ", "BRANDPROGRAMMA": "N", "BRANDPROGRAMMA_GROEP": "N" }, "geometry": { "type": "Point", "coordinates": [ 200524.672, 198601.625 ] } },
{ "type": "Feature", "properties": { "LOCATIENUMMER": "91", "STATUS": "In dienst", "INTERACTIVITEIT": "Interactief", "LICHTBRON_GROEP": "LED", "BRANDPROGRAMMA": "BPIV UNI 20-22-23/DIM/4-5-6 VRZA50", "BRANDPROGRAMMA_GROEP": "BPIV DIM" }, "geometry": { "type": "Point", "coordinates": [ 200303.519, 198234.51 ] } },
{ "type": "Feature", "properties": { "LOCATIENUMMER": "90", "STATUS": "In dienst", "INTERACTIVITEIT": "Interactief", "LICHTBRON_GROEP": "LED", "BRANDPROGRAMMA": "BPIV UNI 20-22-23/DIM/4-5-6 VRZA50", "BRANDPROGRAMMA_GROEP": "BPIV DIM" }, "geometry": { "type": "Point", "coordinates": [ 200318.76500000001397, 198201.284000000014203 ] } },
{ "type": "Feature", "properties": { "LOCATIENUMMER": "89", "STATUS": "In dienst", "INTERACTIVITEIT": "Interactief", "LICHTBRON_GROEP": "LED", "BRANDPROGRAMMA": "BPIV UNI 20-22-23/DIM/4-5-6 VRZA50", "BRANDPROGRAMMA_GROEP": "BPIV DIM" }, "geometry": { "type": "Point", "coordinates": [ 200333.407, 198167.678000000014435 ] } },
{ "type": "Feature", "properties": { "LOCATIENUMMER": "112", "STATUS": "In dienst", "INTERACTIVITEIT": "Interactief", "LICHTBRON_GROEP": "LED", "BRANDPROGRAMMA": "BPIV UNI 20-22-23/DIM/4-5-6 VRZA50", "BRANDPROGRAMMA_GROEP": "BPIV DIM" }, "geometry": { "type": "Point", "coordinates": [ 200347.495, 198130.893000000010943 ] } },
{ "type": "Feature", "properties": { "LOCATIENUMMER": "113", "STATUS": "In dienst", "INTERACTIVITEIT": "Interactief", "LICHTBRON_GROEP": "LED", "BRANDPROGRAMMA": "BPIV UNI 20-22-23/DIM/4-5-6 VRZA50", "BRANDPROGRAMMA_GROEP": "BPIV DIM" }, "geometry": { "type": "Point", "coordinates": [ 200358.603, 198098.052 ] } },
{ "type": "Feature", "properties": { "LOCATIENUMMER": "270", "STATUS": "In dienst", "INTERACTIVITEIT": "Interactief", "LICHTBRON_GROEP": "LED", "BRANDPROGRAMMA": "BPIV UNI 20-22-23/DIM/4-5-6 VRZA50", "BRANDPROGRAMMA_GROEP": "BPIV DIM" }, "geometry": { "type": "Point", "coordinates": [ 200395.87599999998929, 197825.701 ] } },
{ "type": "Feature", "properties": { "LOCATIENUMMER": "114", "STATUS": "In dienst", "INTERACTIVITEIT": "Interactief", "LICHTBRON_GROEP": "LED", "BRANDPROGRAMMA": "BPIV UNI 20-22-23/DIM/4-5-6 VRZA50", "BRANDPROGRAMMA_GROEP": "BPIV DIM" }, "geometry": { "type": "Point", "coordinates": [ 200373.131, 198055.347 ] } },
{ "type": "Feature", "properties": { "LOCATIENUMMER": "115", "STATUS": "In dienst", "INTERACTIVITEIT": "Interactief", "LICHTBRON_GROEP": "LED", "BRANDPROGRAMMA": "BPIV UNI 20-22-23/DIM/4-5-6 VRZA50", "BRANDPROGRAMMA_GROEP": "BPIV DIM" }, "geometry": { "type": "Point", "coordinates": [ 200385.980000000010477, 198017.345 ] } },
{ "type": "Feature", "properties": { "LOCATIENUMMER": "116", "STATUS": "In dienst", "INTERACTIVITEIT": "Interactief", "LICHTBRON_GROEP": "LED", "BRANDPROGRAMMA": "BPIV UNI 20-22-23/DIM/4-5-6 VRZA50", "BRANDPROGRAMMA_GROEP": "BPIV DIM" }, "geometry": { "type": "Point", "coordinates": [ 200398.682, 197979.663999999989755 ] } },
{ "type": "Feature", "properties": { "LOCATIENUMMER": "117", "STATUS": "In dienst", "INTERACTIVITEIT": "Interactief", "LICHTBRON_GROEP": "LED", "BRANDPROGRAMMA": "BPIV UNI 20-22-23/DIM/4-5-6 VRZA50", "BRANDPROGRAMMA_GROEP": "BPIV DIM" }, "geometry": { "type": "Point", "coordinates": [ 200412.035, 197940.094000000011874 ] } },
{ "type": "Feature", "properties": { "LOCATIENUMMER": "118", "STATUS": "In dienst", "INTERACTIVITEIT": "Interactief", "LICHTBRON_GROEP": "LED", "BRANDPROGRAMMA": "BPIV UNI 20-22-23/DIM/4-5-6 VRZA50", "BRANDPROGRAMMA_GROEP": "BPIV DIM" }, "geometry": { "type": "Point", "coordinates": [ 200424.353, 197899.306000000011409 ] } },
{ "type": "Feature", "properties": { "LOCATIENUMMER": "53", "STATUS": "In dienst", "INTERACTIVITEIT": "Interactief", "LICHTBRON_GROEP": "LED", "BRANDPROGRAMMA": "BPIV UNI 20-22-23/DIM/4-5-6 VRZA50", "BRANDPROGRAMMA_GROEP": "BPIV DIM" }, "geometry": { "type": "Point", "coordinates": [ 199488.01500000001397, 197963.483 ] } },
{ "type": "Feature", "properties": { "LOCATIENUMMER": "271", "STATUS": "In dienst", "INTERACTIVITEIT": "Interactief", "LICHTBRON_GROEP": "LED", "BRANDPROGRAMMA": "BPIV UNI 20-22-23/DIM/4-5-6 VRZA50", "BRANDPROGRAMMA_GROEP": "BPIV DIM" }, "geometry": { "type": "Point", "coordinates": [ 200416.986, 197860.590999999985797 ] } },
{ "type": "Feature", "properties": { "LOCATIENUMMER": "269", "STATUS": "In dienst", "INTERACTIVITEIT": "Interactief", "LICHTBRON_GROEP": "LED", "BRANDPROGRAMMA": "BPIV UNI 20-22-23/DIM/4-5-6 VRZA50", "BRANDPROGRAMMA_GROEP": "BPIV DIM" }, "geometry": { "type": "Point", "coordinates": [ 200376.897999999986496, 197794.038 ] } },
{ "type": "Feature", "properties": { "LOCATIENUMMER": "268", "STATUS": "In dienst", "INTERACTIVITEIT": "Interactief", "LICHTBRON_GROEP": "LED", "BRANDPROGRAMMA": "BPIV UNI 20-22-23/DIM/4-5-6 VRZA50", "BRANDPROGRAMMA_GROEP": "BPIV DIM" }, "geometry": { "type": "Point", "coordinates": [ 200353.99, 197759.573 ] } },
{ "type": "Feature", "properties": { "LOCATIENUMMER": "267", "STATUS": "In dienst", "INTERACTIVITEIT": "Interactief", "LICHTBRON_GROEP": "LED", "BRANDPROGRAMMA": "BPIV UNI 20-22-23/DIM/4-5-6 VRZA50", "BRANDPROGRAMMA_GROEP": "BPIV DIM" }, "geometry": { "type": "Point", "coordinates": [ 200326.888, 197733.198 ] } },
{ "type": "Feature", "properties": { "LOCATIENUMMER": "266", "STATUS": "In dienst", "INTERACTIVITEIT": "Interactief", "LICHTBRON_GROEP": "LED", "BRANDPROGRAMMA": "BPIV UNI 20-22-23/DIM/4-5-6 VRZA50", "BRANDPROGRAMMA_GROEP": "BPIV DIM" }, "geometry": { "type": "Point", "coordinates": [ 200296.071, 197711.579 ] } },
{ "type": "Feature", "properties": { "LOCATIENUMMER": "265", "STATUS": "In dienst", "INTERACTIVITEIT": "Interactief", "LICHTBRON_GROEP": "LED", "BRANDPROGRAMMA": "BPIV UNI 20-22-23/DIM/4-5-6 VRZA50", "BRANDPROGRAMMA_GROEP": "BPIV DIM" }, "geometry": { "type": "Point", "coordinates": [ 200264.881, 197689.527 ] } },
{ "type": "Feature", "properties": { "LOCATIENUMMER": "264", "STATUS": "In dienst", "INTERACTIVITEIT": "Interactief", "LICHTBRON_GROEP": "LED", "BRANDPROGRAMMA": "BPIV UNI 20-22-23/DIM/4-5-6 VRZA50", "BRANDPROGRAMMA_GROEP": "BPIV DIM" }, "geometry": { "type": "Point", "coordinates": [ 200231.033, 197665.752 ] } },
{ "type": "Feature", "properties": { "LOCATIENUMMER": "54", "STATUS": "In dienst", "INTERACTIVITEIT": "Interactief", "LICHTBRON_GROEP": "LED", "BRANDPROGRAMMA": "BPIV UNI 20-22-23/DIM/4-5-6 VRZA50", "BRANDPROGRAMMA_GROEP": "BPIV DIM" }, "geometry": { "type": "Point", "coordinates": [ 199518.057, 197980.155 ] } },
{ "type": "Feature", "properties": { "LOCATIENUMMER": "260", "STATUS": "In dienst", "INTERACTIVITEIT": "Interactief", "LICHTBRON_GROEP": "LED", "BRANDPROGRAMMA": "BPIV UNI 20-22-23/DIM/4-5-6 VRZA50", "BRANDPROGRAMMA_GROEP": "BPIV DIM" }, "geometry": { "type": "Point", "coordinates": [ 200097.391, 197571.832 ] } },
{ "type": "Feature", "properties": { "LOCATIENUMMER": "263", "STATUS": "In dienst", "INTERACTIVITEIT": "Interactief", "LICHTBRON_GROEP": "LED", "BRANDPROGRAMMA": "BPIV UNI 20-22-23/DIM/4-5-6 VRZA50", "BRANDPROGRAMMA_GROEP": "BPIV DIM" }, "geometry": { "type": "Point", "coordinates": [ 200193.94, 197639.719000000011874 ] } },
{ "type": "Feature", "properties": { "LOCATIENUMMER": "262", "STATUS": "In dienst", "INTERACTIVITEIT": "Interactief", "LICHTBRON_GROEP": "LED", "BRANDPROGRAMMA": "BPIV UNI 20-22-23/DIM/4-5-6 VRZA50", "BRANDPROGRAMMA_GROEP": "BPIV DIM" }, "geometry": { "type": "Point", "coordinates": [ 200160.884, 197616.576 ] } },
{ "type": "Feature", "properties": { "LOCATIENUMMER": "261", "STATUS": "In dienst", "INTERACTIVITEIT": "Interactief", "LICHTBRON_GROEP": "LED", "BRANDPROGRAMMA": "BPIV UNI 20-22-23/DIM/4-5-6 VRZA50", "BRANDPROGRAMMA_GROEP": "BPIV DIM" }, "geometry": { "type": "Point", "coordinates": [ 200127.333000000013271, 197592.902 ] } },
{ "type": "Feature", "properties": { "LOCATIENUMMER": "259", "STATUS": "In dienst", "INTERACTIVITEIT": "Interactief", "LICHTBRON_GROEP": "LED", "BRANDPROGRAMMA": "BPIV UNI 20-22-23/DIM/4-5-6 VRZA50", "BRANDPROGRAMMA_GROEP": "BPIV DIM" }, "geometry": { "type": "Point", "coordinates": [ 200069.817000000010012, 197548.662000000011176 ] } },
{ "type": "Feature", "properties": { "LOCATIENUMMER": "258", "STATUS": "In dienst", "INTERACTIVITEIT": "Interactief", "LICHTBRON_GROEP": "LED", "BRANDPROGRAMMA": "BPIV UNI 20-22-23/DIM/4-5-6 VRZA50", "BRANDPROGRAMMA_GROEP": "BPIV DIM" }, "geometry": { "type": "Point", "coordinates": [ 200044.937, 197518.959 ] } },
{ "type": "Feature", "properties": { "LOCATIENUMMER": "257", "STATUS": "In dienst", "INTERACTIVITEIT": "Interactief", "LICHTBRON_GROEP": "LED", "BRANDPROGRAMMA": "BPIV UNI 20-22-23/DIM/4-5-6 VRZA50", "BRANDPROGRAMMA_GROEP": "BPIV DIM" }, "geometry": { "type": "Point", "coordinates": [ 200022.108, 197487.478 ] } },
{ "type": "Feature", "properties": { "LOCATIENUMMER": "256", "STATUS": "In dienst", "INTERACTIVITEIT": "Interactief", "LICHTBRON_GROEP": "LED", "BRANDPROGRAMMA": "BPIV UNI 20-22-23/DIM/4-5-6 VRZA50", "BRANDPROGRAMMA_GROEP": "BPIV DIM" }, "geometry": { "type": "Point", "coordinates": [ 199993.74299999998766, 197462.846 ] } },
{ "type": "Feature", "properties": { "LOCATIENUMMER": "255", "STATUS": "In dienst", "INTERACTIVITEIT": "Interactief", "LICHTBRON_GROEP": "LED", "BRANDPROGRAMMA": "BPIV UNI 20-22-23/DIM/4-5-6 VRZA50", "BRANDPROGRAMMA_GROEP": "BPIV DIM" }, "geometry": { "type": "Point", "coordinates": [ 199961.017, 197443.647 ] } },
{ "type": "Feature", "properties": { "LOCATIENUMMER": "35", "STATUS": "In dienst", "INTERACTIVITEIT": "Interactief", "LICHTBRON_GROEP": "LED", "BRANDPROGRAMMA": "BPIV UNI 20-22-23/DIM/4-5-6 VRZA50", "BRANDPROGRAMMA_GROEP": "BPIV DIM" }, "geometry": { "type": "Point", "coordinates": [ 199379.804, 197903.50700000001234 ] } },
{ "type": "Feature", "properties": { "LOCATIENUMMER": "55", "STATUS": "In dienst", "INTERACTIVITEIT": "Interactief", "LICHTBRON_GROEP": "LED", "BRANDPROGRAMMA": "BPIV UNI 20-22-23/DIM/4-5-6 VRZA50", "BRANDPROGRAMMA_GROEP": "BPIV DIM" }, "geometry": { "type": "Point", "coordinates": [ 199552.519999999989523, 197999.21 ] } },
{ "type": "Feature", "properties": { "LOCATIENUMMER": "56", "STATUS": "In dienst", "INTERACTIVITEIT": "Interactief", "LICHTBRON_GROEP": "LED", "BRANDPROGRAMMA": "BPIV UNI 20-22-23/DIM/4-5-6 VRZA50", "BRANDPROGRAMMA_GROEP": "BPIV DIM" }, "geometry": { "type": "Point", "coordinates": [ 199585.219000000011874, 198017.365 ] } },
{ "type": "Feature", "properties": { "LOCATIENUMMER": "57", "STATUS": "In dienst", "INTERACTIVITEIT": "Interactief", "LICHTBRON_GROEP": "LED", "BRANDPROGRAMMA": "BPIV UNI 20-22-23/DIM/4-5-6 VRZA50", "BRANDPROGRAMMA_GROEP": "BPIV DIM" }, "geometry": { "type": "Point", "coordinates": [ 199616.411, 198034.616 ] } },
{ "type": "Feature", "properties": { "LOCATIENUMMER": "58", "STATUS": "In dienst", "INTERACTIVITEIT": "Interactief", "LICHTBRON_GROEP": "LED", "BRANDPROGRAMMA": "BPIV UNI 20-22-23/DIM/4-5-6 VRZA50", "BRANDPROGRAMMA_GROEP": "BPIV DIM" }, "geometry": { "type": "Point", "coordinates": [ 199652.038999999989755, 198054.317000000010012 ] } },
{ "type": "Feature", "properties": { "LOCATIENUMMER": "4515", "STATUS": "In dienst", "INTERACTIVITEIT": "Interactief", "LICHTBRON_GROEP": "LED", "BRANDPROGRAMMA": "BPIV UNI 20-22-23/DIM/4-5-6 VRZA50", "BRANDPROGRAMMA_GROEP": "BPIV DIM" }, "geometry": { "type": "Point", "coordinates": [ 199683.635, 198072.99900000001071 ] } },
{ "type": "Feature", "properties": { "LOCATIENUMMER": "60", "STATUS": "In dienst", "INTERACTIVITEIT": "Interactief", "LICHTBRON_GROEP": "LED", "BRANDPROGRAMMA": "BPIV UNI 20-22-23/DIM/4-5-6 VRZA50", "BRANDPROGRAMMA_GROEP": "BPIV DIM" }, "geometry": { "type": "Point", "coordinates": [ 199712.10999999998603, 198091.87 ] } },
{ "type": "Feature", "properties": { "LOCATIENUMMER": "61", "STATUS": "In dienst", "INTERACTIVITEIT": "Interactief", "LICHTBRON_GROEP": "LED", "BRANDPROGRAMMA": "BPIV UNI 20-22-23/DIM/4-5-6 VRZA50", "BRANDPROGRAMMA_GROEP": "BPIV DIM" }, "geometry": { "type": "Point", "coordinates": [ 199744.848999999987427, 198114.958000000013271 ] } },
{ "type": "Feature", "properties": { "LOCATIENUMMER": "62", "STATUS": "In dienst", "INTERACTIVITEIT": "Interactief", "LICHTBRON_GROEP": "LED", "BRANDPROGRAMMA": "BPIV UNI 20-22-23/DIM/4-5-6 VRZA50", "BRANDPROGRAMMA_GROEP": "BPIV DIM" }, "geometry": { "type": "Point", "coordinates": [ 199770.48499999998603, 198134.519999999989523 ] } },
{ "type": "Feature", "properties": { "LOCATIENUMMER": "63", "STATUS": "In dienst", "INTERACTIVITEIT": "Interactief", "LICHTBRON_GROEP": "LED", "BRANDPROGRAMMA": "BPIV UNI 20-22-23/DIM/4-5-6 VRZA50", "BRANDPROGRAMMA_GROEP": "BPIV DIM" }, "geometry": { "type": "Point", "coordinates": [ 199801.026000000012573, 198158.805 ] } },
{ "type": "Feature", "properties": { "LOCATIENUMMER": "64", "STATUS": "In dienst", "INTERACTIVITEIT": "Interactief", "LICHTBRON_GROEP": "LED", "BRANDPROGRAMMA": "BPIV UNI 20-22-23/DIM/4-5-6 VRZA50", "BRANDPROGRAMMA_GROEP": "BPIV DIM" }, "geometry": { "type": "Point", "coordinates": [ 199826.506, 198179.226 ] } },
{ "type": "Feature", "properties": { "LOCATIENUMMER": "65", "STATUS": "In dienst", "INTERACTIVITEIT": "Interactief", "LICHTBRON_GROEP": "LED", "BRANDPROGRAMMA": "BPIV UNI 20-22-23/DIM/4-5-6 VRZA50", "BRANDPROGRAMMA_GROEP": "BPIV DIM" }, "geometry": { "type": "Point", "coordinates": [ 199855.158, 198202.021 ] } },
{ "type": "Feature", "properties": { "LOCATIENUMMER": "34", "STATUS": "In dienst", "INTERACTIVITEIT": "Interactief", "LICHTBRON_GROEP": "LED", "BRANDPROGRAMMA": "BPIV UNI 20-22-23/DIM/4-5-6 VRZA50", "BRANDPROGRAMMA_GROEP": "BPIV DIM" }, "geometry": { "type": "Point", "coordinates": [ 199412.928000000014435, 197922.123 ] } },
{ "type": "Feature", "properties": { "LOCATIENUMMER": "75", "STATUS": "In dienst", "INTERACTIVITEIT": "Interactief", "LICHTBRON_GROEP": "LED", "BRANDPROGRAMMA": "BPIV UNI 20-22-23/DIM/4-5-6 VRZA50", "BRANDPROGRAMMA_GROEP": "BPIV DIM" }, "geometry": { "type": "Point", "coordinates": [ 199885.154, 198225.867 ] } },
{ "type": "Feature", "properties": { "LOCATIENUMMER": "74", "STATUS": "In dienst", "INTERACTIVITEIT": "Interactief", "LICHTBRON_GROEP": "LED", "BRANDPROGRAMMA": "BPIV UNI 20-22-23/DIM/4-5-6 VRZA50", "BRANDPROGRAMMA_GROEP": "BPIV DIM" }, "geometry": { "type": "Point", "coordinates": [ 199912.677, 198247.008 ] } },
{ "type": "Feature", "properties": { "LOCATIENUMMER": "73", "STATUS": "In dienst", "INTERACTIVITEIT": "Interactief", "LICHTBRON_GROEP": "LED", "BRANDPROGRAMMA": "BPIV UNI 20-22-23/DIM/4-5-6 VRZA50", "BRANDPROGRAMMA_GROEP": "BPIV DIM" }, "geometry": { "type": "Point", "coordinates": [ 199948.763, 198272.307999999989988 ] } },
{ "type": "Feature", "properties": { "LOCATIENUMMER": "72", "STATUS": "In dienst", "INTERACTIVITEIT": "Interactief", "LICHTBRON_GROEP": "LED", "BRANDPROGRAMMA": "BPIV UNI 20-22-23/DIM/4-5-6 VRZA50", "BRANDPROGRAMMA_GROEP": "BPIV DIM" }, "geometry": { "type": "Point", "coordinates": [ 199983.022, 198295.661 ] } },
{ "type": "Feature", "properties": { "LOCATIENUMMER": "71", "STATUS": "In dienst", "INTERACTIVITEIT": "Interactief", "LICHTBRON_GROEP": "LED", "BRANDPROGRAMMA": "BPIV UNI 20-22-23/DIM/4-5-6 VRZA50", "BRANDPROGRAMMA_GROEP": "BPIV DIM" }, "geometry": { "type": "Point", "coordinates": [ 200017.179, 198319.131 ] } },
{ "type": "Feature", "properties": { "LOCATIENUMMER": "70", "STATUS": "In dienst", "INTERACTIVITEIT": "Interactief", "LICHTBRON_GROEP": "LED", "BRANDPROGRAMMA": "BPIV UNI 20-22-23/DIM/4-5-6 VRZA50", "BRANDPROGRAMMA_GROEP": "BPIV DIM" }, "geometry": { "type": "Point", "coordinates": [ 200053.712, 198343.87599999998929 ] } },
{ "type": "Feature", "properties": { "LOCATIENUMMER": "69", "STATUS": "In dienst", "INTERACTIVITEIT": "Interactief", "LICHTBRON_GROEP": "LED", "BRANDPROGRAMMA": "BPIV UNI 20-22-23/DIM/4-5-6 VRZA50", "BRANDPROGRAMMA_GROEP": "BPIV DIM" }, "geometry": { "type": "Point", "coordinates": [ 200088.628999999986263, 198367.867 ] } },
{ "type": "Feature", "properties": { "LOCATIENUMMER": "68", "STATUS": "In dienst", "INTERACTIVITEIT": "Interactief", "LICHTBRON_GROEP": "LED", "BRANDPROGRAMMA": "BPIV UNI 20-22-23/DIM/4-5-6 VRZA50", "BRANDPROGRAMMA_GROEP": "BPIV DIM" }, "geometry": { "type": "Point", "coordinates": [ 200118.071, 198388.424 ] } },
{ "type": "Feature", "properties": { "LOCATIENUMMER": "67", "STATUS": "In dienst", "INTERACTIVITEIT": "Interactief", "LICHTBRON_GROEP": "LED", "BRANDPROGRAMMA": "BPIV UNI 20-22-23/DIM/4-5-6 VRZA50", "BRANDPROGRAMMA_GROEP": "BPIV DIM" }, "geometry": { "type": "Point", "coordinates": [ 200148.173, 198409.038 ] } },
{ "type": "Feature", "properties": { "LOCATIENUMMER": "66", "STATUS": "In dienst", "INTERACTIVITEIT": "Interactief", "LICHTBRON_GROEP": "LED", "BRANDPROGRAMMA": "BPIV UNI 20-22-23/DIM/4-5-6 VRZA50", "BRANDPROGRAMMA_GROEP": "BPIV DIM" }, "geometry": { "type": "Point", "coordinates": [ 200187.93, 198429.068 ] } },
{ "type": "Feature", "properties": { "LOCATIENUMMER": "78", "STATUS": "In dienst", "INTERACTIVITEIT": "Interactief", "LICHTBRON_GROEP": "LED", "BRANDPROGRAMMA": "BPIV UNI 20-22-23/DIM/4-5-6 VRZA50", "BRANDPROGRAMMA_GROEP": "BPIV DIM" }, "geometry": { "type": "Point", "coordinates": [ 200212.590999999985797, 198421.348999999987427 ] } },
{ "type": "Feature", "properties": { "LOCATIENUMMER": "77", "STATUS": "In dienst", "INTERACTIVITEIT": "Interactief", "LICHTBRON_GROEP": "LED", "BRANDPROGRAMMA": "BPIV UNI 20-22-23/DIM/4-5-6 VRZA50", "BRANDPROGRAMMA_GROEP": "BPIV DIM" }, "geometry": { "type": "Point", "coordinates": [ 200204.21, 198450.212999999988824 ] } },
{ "type": "Feature", "properties": { "LOCATIENUMMER": "2218", "STATUS": "In dienst", "INTERACTIVITEIT": "Niet interactief", "LICHTBRON_GROEP": "MHHP-QZ", "BRANDPROGRAMMA": "N", "BRANDPROGRAMMA_GROEP": "N" }, "geometry": { "type": "Point", "coordinates": [ 192816.098999999987427, 195712.299999999988358 ] } },
{ "type": "Feature", "properties": { "LOCATIENUMMER": "2220", "STATUS": "In dienst", "INTERACTIVITEIT": "Niet interactief", "LICHTBRON_GROEP": "MHHP-QZ", "BRANDPROGRAMMA": "D22H6.30 (Doven)", "BRANDPROGRAMMA_GROEP": "DxxHyy DOV" }, "geometry": { "type": "Point", "coordinates": [ 192845.393000000010943, 195702.987 ] } },
{ "type": "Feature", "properties": { "LOCATIENUMMER": "2221", "STATUS": "In dienst", "INTERACTIVITEIT": "Niet interactief", "LICHTBRON_GROEP": "MHHP-QZ", "BRANDPROGRAMMA": "N", "BRANDPROGRAMMA_GROEP": "N" }, "geometry": { "type": "Point", "coordinates": [ 192874.701, 195702.810999999986961 ] } },
{ "type": "Feature", "properties": { "LOCATIENUMMER": "2222", "STATUS": "In dienst", "INTERACTIVITEIT": "Niet interactief", "LICHTBRON_GROEP": "MHHP-QZ", "BRANDPROGRAMMA": "N", "BRANDPROGRAMMA_GROEP": "N" }, "geometry": { "type": "Point", "coordinates": [ 192760.487, 195699.283 ] } },
{ "type": "Feature", "properties": { "LOCATIENUMMER": "2219", "STATUS": "In dienst", "INTERACTIVITEIT": "Niet interactief", "LICHTBRON_GROEP": "MHHP-QZ", "BRANDPROGRAMMA": "D22H6.30 (Doven)", "BRANDPROGRAMMA_GROEP": "DxxHyy DOV" }, "geometry": { "type": "Point", "coordinates": [ 192790.193, 195703.327 ] } },
{ "type": "Feature", "properties": { "LOCATIENUMMER": "3506", "STATUS": "In dienst", "INTERACTIVITEIT": "Interactief-ready", "LICHTBRON_GROEP": "LED", "BRANDPROGRAMMA": "D22H6.30 (Doven)", "BRANDPROGRAMMA_GROEP": "DxxHyy DOV" }, "geometry": { "type": "Point", "coordinates": [ 196245.772999999986496, 197077.53 ] } },
{ "type": "Feature", "properties": { "LOCATIENUMMER": "3504", "STATUS": "In dienst", "INTERACTIVITEIT": "Interactief-ready", "LICHTBRON_GROEP": "LED", "BRANDPROGRAMMA": "D22H6.30 (Doven)", "BRANDPROGRAMMA_GROEP": "DxxHyy DOV" }, "geometry": { "type": "Point", "coordinates": [ 196221.06, 197157.310999999986961 ] } },
{ "type": "Feature", "properties": { "LOCATIENUMMER": "3503", "STATUS": "In dienst", "INTERACTIVITEIT": "Interactief-ready", "LICHTBRON_GROEP": "LED", "BRANDPROGRAMMA": "D22H6.30 (Doven)", "BRANDPROGRAMMA_GROEP": "DxxHyy DOV" }, "geometry": { "type": "Point", "coordinates": [ 196209.315, 197196.122 ] } },
{ "type": "Feature", "properties": { "LOCATIENUMMER": "3487", "STATUS": "In dienst", "INTERACTIVITEIT": "Interactief-ready", "LICHTBRON_GROEP": "LED", "BRANDPROGRAMMA": "N", "BRANDPROGRAMMA_GROEP": "N" }, "geometry": { "type": "Point", "coordinates": [ 196250.321, 197125.670000000012806 ] } },
{ "type": "Feature", "properties": { "LOCATIENUMMER": "3505", "STATUS": "In dienst", "INTERACTIVITEIT": "Interactief-ready", "LICHTBRON_GROEP": "LED", "BRANDPROGRAMMA": "N", "BRANDPROGRAMMA_GROEP": "N" }, "geometry": { "type": "Point", "coordinates": [ 196232.644, 197119.666999999986729 ] } },
{ "type": "Feature", "properties": { "LOCATIENUMMER": "720", "STATUS": "In dienst", "INTERACTIVITEIT": "Niet interactief", "LICHTBRON_GROEP": "HGHP", "BRANDPROGRAMMA": "N", "BRANDPROGRAMMA_GROEP": "N" }, "geometry": { "type": "Point", "coordinates": [ 194689.956, 199993.035 ] } },
{ "type": "Feature", "properties": { "LOCATIENUMMER": "719", "STATUS": "In dienst", "INTERACTIVITEIT": "Niet interactief", "LICHTBRON_GROEP": "HGHP", "BRANDPROGRAMMA": "D22H6.30 (Doven)", "BRANDPROGRAMMA_GROEP": "DxxHyy DOV" }, "geometry": { "type": "Point", "coordinates": [ 194722.635, 200006.321 ] } },
{ "type": "Feature", "properties": { "LOCATIENUMMER": "717", "STATUS": "In dienst", "INTERACTIVITEIT": "Niet interactief", "LICHTBRON_GROEP": "HGHP", "BRANDPROGRAMMA": "D22H6.30 (Doven)", "BRANDPROGRAMMA_GROEP": "DxxHyy DOV" }, "geometry": { "type": "Point", "coordinates": [ 194773.5, 200051.307999999989988 ] } },
{ "type": "Feature", "properties": { "LOCATIENUMMER": "722", "STATUS": "In dienst", "INTERACTIVITEIT": "Niet interactief", "LICHTBRON_GROEP": "MHHP-QZ", "BRANDPROGRAMMA": "D22H6.30 (Doven)", "BRANDPROGRAMMA_GROEP": "DxxHyy DOV" }, "geometry": { "type": "Point", "coordinates": [ 194625.562, 199966.348 ] } },
{ "type": "Feature", "properties": { "LOCATIENUMMER": "718", "STATUS": "In dienst", "INTERACTIVITEIT": "Niet interactief", "LICHTBRON_GROEP": "HGHP", "BRANDPROGRAMMA": "D22H6.30 (Doven)", "BRANDPROGRAMMA_GROEP": "DxxHyy DOV" }, "geometry": { "type": "Point", "coordinates": [ 194754.847, 200019.509 ] } },
{ "type": "Feature", "properties": { "LOCATIENUMMER": "716", "STATUS": "In dienst", "INTERACTIVITEIT": "Niet interactief", "LICHTBRON_GROEP": "HGHP", "BRANDPROGRAMMA": "N", "BRANDPROGRAMMA_GROEP": "N" }, "geometry": { "type": "Point", "coordinates": [ 194789.439000000013039, 200033.423 ] } },
{ "type": "Feature", "properties": { "LOCATIENUMMER": "721", "STATUS": "In dienst", "INTERACTIVITEIT": "Niet interactief", "LICHTBRON_GROEP": "HGHP", "BRANDPROGRAMMA": "D22H6.30 (Doven)", "BRANDPROGRAMMA_GROEP": "DxxHyy DOV" }, "geometry": { "type": "Point", "coordinates": [ 194657.582, 199979.439000000013039 ] } },
{ "type": "Feature", "properties": { "LOCATIENUMMER": "910", "STATUS": "In dienst", "INTERACTIVITEIT": "Interactief", "LICHTBRON_GROEP": "LED", "BRANDPROGRAMMA": "BPIV UNI 20-22-23/DIM/4-5-6 VRZA50", "BRANDPROGRAMMA_GROEP": "BPIV DIM" }, "geometry": { "type": "Point", "coordinates": [ 194091.571999999985565, 199976.026000000012573 ] } },
{ "type": "Feature", "properties": { "LOCATIENUMMER": "911", "STATUS": "In dienst", "INTERACTIVITEIT": "Interactief", "LICHTBRON_GROEP": "LED", "BRANDPROGRAMMA": "BPIV UNI 20-22-23/DIM/4-5-6 VRZA50", "BRANDPROGRAMMA_GROEP": "BPIV DIM" }, "geometry": { "type": "Point", "coordinates": [ 194074.818999999988591, 199969.337 ] } },
{ "type": "Feature", "properties": { "LOCATIENUMMER": "917", "STATUS": "In dienst", "INTERACTIVITEIT": "Interactief", "LICHTBRON_GROEP": "LED", "BRANDPROGRAMMA": "BPIV UNI 20-22-23/DIM/4-5-6 VRZA50", "BRANDPROGRAMMA_GROEP": "BPIV DIM" }, "geometry": { "type": "Point", "coordinates": [ 194079.827, 200011.229 ] } },
{ "type": "Feature", "properties": { "LOCATIENUMMER": "918", "STATUS": "In dienst", "INTERACTIVITEIT": "Interactief", "LICHTBRON_GROEP": "LED", "BRANDPROGRAMMA": "BPIV UNI 20-22-23/DIM/4-5-6 VRZA50", "BRANDPROGRAMMA_GROEP": "BPIV DIM" }, "geometry": { "type": "Point", "coordinates": [ 194055.598, 200033.155 ] } },
{ "type": "Feature", "properties": { "LOCATIENUMMER": "915", "STATUS": "In dienst", "INTERACTIVITEIT": "Interactief", "LICHTBRON_GROEP": "LED", "BRANDPROGRAMMA": "BPIV UNI 20-22-23/DIM/4-5-6 VRZA50", "BRANDPROGRAMMA_GROEP": "BPIV DIM" }, "geometry": { "type": "Point", "coordinates": [ 194062.019, 199979.582 ] } },
{ "type": "Feature", "properties": { "LOCATIENUMMER": "906", "STATUS": "In dienst", "INTERACTIVITEIT": "Interactief", "LICHTBRON_GROEP": "LED", "BRANDPROGRAMMA": "BPIV UNI 20-22-23/DIM/4-5-6 VRZA50", "BRANDPROGRAMMA_GROEP": "BPIV DIM" }, "geometry": { "type": "Point", "coordinates": [ 194108.522, 199991.276000000012573 ] } },
{ "type": "Feature", "properties": { "LOCATIENUMMER": "3374", "STATUS": "In dienst", "INTERACTIVITEIT": "Interactief", "LICHTBRON_GROEP": "LED", "BRANDPROGRAMMA": "BPIV UNI 20-22-23/DIM/4-5-6 VRZA50", "BRANDPROGRAMMA_GROEP": "BPIV DIM" }, "geometry": { "type": "Point", "coordinates": [ 195668.211000000010245, 197186.634 ] } },
{ "type": "Feature", "properties": { "LOCATIENUMMER": "3438", "STATUS": "In dienst", "INTERACTIVITEIT": "Niet interactief", "LICHTBRON_GROEP": "LED", "BRANDPROGRAMMA": "D22H6.30 (Doven)", "BRANDPROGRAMMA_GROEP": "DxxHyy DOV" }, "geometry": { "type": "Point", "coordinates": [ 195659.853, 197063.39000000001397 ] } },
{ "type": "Feature", "properties": { "LOCATIENUMMER": "3456", "STATUS": "In dienst", "INTERACTIVITEIT": "Niet interactief", "LICHTBRON_GROEP": "LED", "BRANDPROGRAMMA": "D22H6.30 (Standaard dimmen)", "BRANDPROGRAMMA_GROEP": "DxxHyy DIM" }, "geometry": { "type": "Point", "coordinates": [ 195671.465999999985797, 197051.975 ] } },
{ "type": "Feature", "properties": { "LOCATIENUMMER": "3378", "STATUS": "In dienst", "INTERACTIVITEIT": "Interactief", "LICHTBRON_GROEP": "LED", "BRANDPROGRAMMA": "BPIV UNI 20-22-23/DIM/4-5-6 VRZA50", "BRANDPROGRAMMA_GROEP": "BPIV DIM" }, "geometry": { "type": "Point", "coordinates": [ 195623.908, 197102.635 ] } },
{ "type": "Feature", "properties": { "LOCATIENUMMER": "3436", "STATUS": "In dienst", "INTERACTIVITEIT": "Niet interactief", "LICHTBRON_GROEP": "LED", "BRANDPROGRAMMA": "N", "BRANDPROGRAMMA_GROEP": "N" }, "geometry": { "type": "Point", "coordinates": [ 195694.298, 197075.574 ] } },
{ "type": "Feature", "properties": { "LOCATIENUMMER": "3437", "STATUS": "In dienst", "INTERACTIVITEIT": "Niet interactief", "LICHTBRON_GROEP": "LED", "BRANDPROGRAMMA": "D22H6.30 (Doven)", "BRANDPROGRAMMA_GROEP": "DxxHyy DOV" }, "geometry": { "type": "Point", "coordinates": [ 195675.155, 197068.739 ] } },
{ "type": "Feature", "properties": { "LOCATIENUMMER": "3454", "STATUS": "In dienst", "INTERACTIVITEIT": "Niet interactief", "LICHTBRON_GROEP": "LED", "BRANDPROGRAMMA": "D22H6.30 (Standaard dimmen)", "BRANDPROGRAMMA_GROEP": "DxxHyy DIM" }, "geometry": { "type": "Point", "coordinates": [ 195696.978, 197059.138 ] } },
{ "type": "Feature", "properties": { "LOCATIENUMMER": "3455", "STATUS": "In dienst", "INTERACTIVITEIT": "Niet interactief", "LICHTBRON_GROEP": "LED", "BRANDPROGRAMMA": "D22H6.30 (Standaard dimmen)", "BRANDPROGRAMMA_GROEP": "DxxHyy DIM" }, "geometry": { "type": "Point", "coordinates": [ 195687.863000000012107, 197058.788 ] } },
{ "type": "Feature", "properties": { "LOCATIENUMMER": "3379", "STATUS": "In dienst", "INTERACTIVITEIT": "Interactief", "LICHTBRON_GROEP": "LED", "BRANDPROGRAMMA": "BPIV UNI 20-22-23/DIM/4-5-6 VRZA50", "BRANDPROGRAMMA_GROEP": "BPIV DIM" }, "geometry": { "type": "Point", "coordinates": [ 195640.671, 197072.428000000014435 ] } },
{ "type": "Feature", "properties": { "LOCATIENUMMER": "3445", "STATUS": "In dienst", "INTERACTIVITEIT": "Niet interactief", "LICHTBRON_GROEP": "LED", "BRANDPROGRAMMA": "D22H6.30 (Standaard dimmen)", "BRANDPROGRAMMA_GROEP": "DxxHyy DIM" }, "geometry": { "type": "Point", "coordinates": [ 195638.519, 197041.245 ] } },
{ "type": "Feature", "properties": { "LOCATIENUMMER": "3446", "STATUS": "In dienst", "INTERACTIVITEIT": "Niet interactief", "LICHTBRON_GROEP": "LED", "BRANDPROGRAMMA": "D22H6.30 (Standaard dimmen)", "BRANDPROGRAMMA_GROEP": "DxxHyy DIM" }, "geometry": { "type": "Point", "coordinates": [ 195652.36799999998766, 197047.073 ] } },
{ "type": "Feature", "properties": { "LOCATIENUMMER": "3447", "STATUS": "In dienst", "INTERACTIVITEIT": "Niet interactief", "LICHTBRON_GROEP": "LED", "BRANDPROGRAMMA": "D22H6.30 (Standaard dimmen)", "BRANDPROGRAMMA_GROEP": "DxxHyy DIM" }, "geometry": { "type": "Point", "coordinates": [ 195642.161, 197023.009 ] } },
{ "type": "Feature", "properties": { "LOCATIENUMMER": "3448", "STATUS": "In dienst", "INTERACTIVITEIT": "Niet interactief", "LICHTBRON_GROEP": "LED", "BRANDPROGRAMMA": "D22H6.30 (Standaard dimmen)", "BRANDPROGRAMMA_GROEP": "DxxHyy DIM" }, "geometry": { "type": "Point", "coordinates": [ 195657.044, 197029.355000000010477 ] } },
{ "type": "Feature", "properties": { "LOCATIENUMMER": "3450", "STATUS": "In dienst", "INTERACTIVITEIT": "Niet interactief", "LICHTBRON_GROEP": "LED", "BRANDPROGRAMMA": "D22H6.30 (Standaard dimmen)", "BRANDPROGRAMMA_GROEP": "DxxHyy DIM" }, "geometry": { "type": "Point", "coordinates": [ 195662.913999999989755, 197015.264 ] } },
{ "type": "Feature", "properties": { "LOCATIENUMMER": "3375", "STATUS": "In dienst", "INTERACTIVITEIT": "Interactief", "LICHTBRON_GROEP": "LED", "BRANDPROGRAMMA": "BPIV UNI 20-22-23/DIM/4-5-6 VRZA50", "BRANDPROGRAMMA_GROEP": "BPIV DIM" }, "geometry": { "type": "Point", "coordinates": [ 195612.451, 197186.562 ] } },
{ "type": "Feature", "properties": { "LOCATIENUMMER": "3389", "STATUS": "In dienst", "INTERACTIVITEIT": "Interactief", "LICHTBRON_GROEP": "LED", "BRANDPROGRAMMA": "BPIV UNI 20-22-23/DIM/4-5-6 VRZA50", "BRANDPROGRAMMA_GROEP": "BPIV DIM" }, "geometry": { "type": "Point", "coordinates": [ 195714.067000000010012, 197104.431000000011409 ] } },
{ "type": "Feature", "properties": { "LOCATIENUMMER": "3434", "STATUS": "In dienst", "INTERACTIVITEIT": "Niet interactief", "LICHTBRON_GROEP": "LED", "BRANDPROGRAMMA": "D22H6.30 (Doven)", "BRANDPROGRAMMA_GROEP": "DxxHyy DOV" }, "geometry": { "type": "Point", "coordinates": [ 195712.14000000001397, 197054.991 ] } },
{ "type": "Feature", "properties": { "LOCATIENUMMER": "3435", "STATUS": "In dienst", "INTERACTIVITEIT": "Niet interactief", "LICHTBRON_GROEP": "LED", "BRANDPROGRAMMA": "N", "BRANDPROGRAMMA_GROEP": "N" }, "geometry": { "type": "Point", "coordinates": [ 195705.117, 197070.345 ] } },
{ "type": "Feature", "properties": { "LOCATIENUMMER": "3383", "STATUS": "In dienst", "INTERACTIVITEIT": "Interactief", "LICHTBRON_GROEP": "LED", "BRANDPROGRAMMA": "BPIV UNI 20-22-23/DIM/4-5-6 VRZA50", "BRANDPROGRAMMA_GROEP": "BPIV DIM" }, "geometry": { "type": "Point", "coordinates": [ 195724.44, 197263.362 ] } },
{ "type": "Feature", "properties": { "LOCATIENUMMER": "3373", "STATUS": "In dienst", "INTERACTIVITEIT": "Interactief", "LICHTBRON_GROEP": "LED", "BRANDPROGRAMMA": "BPIV UNI 20-22-23/DIM/4-5-6 VRZA50", "BRANDPROGRAMMA_GROEP": "BPIV DIM" }, "geometry": { "type": "Point", "coordinates": [ 195666.962999999988824, 197153.128 ] } },
{ "type": "Feature", "properties": { "LOCATIENUMMER": "3382", "STATUS": "In dienst", "INTERACTIVITEIT": "Interactief", "LICHTBRON_GROEP": "LED", "BRANDPROGRAMMA": "BPIV UNI 20-22-23/DIM/4-5-6 VRZA50", "BRANDPROGRAMMA_GROEP": "BPIV DIM" }, "geometry": { "type": "Point", "coordinates": [ 195689.041999999986729, 197256.973 ] } },
{ "type": "Feature", "properties": { "LOCATIENUMMER": "3390", "STATUS": "In dienst", "INTERACTIVITEIT": "Interactief", "LICHTBRON_GROEP": "LED", "BRANDPROGRAMMA": "BPIV UNI 20-22-23/DIM/4-5-6 VRZA50", "BRANDPROGRAMMA_GROEP": "BPIV DIM" }, "geometry": { "type": "Point", "coordinates": [ 195725.231999999989057, 197137.748 ] } },
{ "type": "Feature", "properties": { "LOCATIENUMMER": "3381", "STATUS": "In dienst", "INTERACTIVITEIT": "Interactief", "LICHTBRON_GROEP": "LED", "BRANDPROGRAMMA": "BPIV UNI 20-22-23/DIM/4-5-6 VRZA50", "BRANDPROGRAMMA_GROEP": "BPIV DIM" }, "geometry": { "type": "Point", "coordinates": [ 195656.056000000011409, 197250.215999999985797 ] } },
{ "type": "Feature", "properties": { "LOCATIENUMMER": "3388", "STATUS": "In dienst", "INTERACTIVITEIT": "Interactief", "LICHTBRON_GROEP": "LED", "BRANDPROGRAMMA": "BPIV UNI 20-22-23/DIM/4-5-6 VRZA50", "BRANDPROGRAMMA_GROEP": "BPIV DIM" }, "geometry": { "type": "Point", "coordinates": [ 195736.678000000014435, 197173.139 ] } },
{ "type": "Feature", "properties": { "LOCATIENUMMER": "3402", "STATUS": "In dienst", "INTERACTIVITEIT": "Interactief", "LICHTBRON_GROEP": "LED", "BRANDPROGRAMMA": "BPIV UNI 20-22-23/DIM/4-5-6 VRZA50", "BRANDPROGRAMMA_GROEP": "BPIV DIM" }, "geometry": { "type": "Point", "coordinates": [ 195626.06, 197242.103 ] } },
{ "type": "Feature", "properties": { "LOCATIENUMMER": "3384", "STATUS": "In dienst", "INTERACTIVITEIT": "Interactief", "LICHTBRON_GROEP": "LED", "BRANDPROGRAMMA": "BPIV UNI 20-22-23/DIM/4-5-6 VRZA50", "BRANDPROGRAMMA_GROEP": "BPIV DIM" }, "geometry": { "type": "Point", "coordinates": [ 195789.615, 197195.845 ] } },
{ "type": "Feature", "properties": { "LOCATIENUMMER": "3387", "STATUS": "In dienst", "INTERACTIVITEIT": "Interactief", "LICHTBRON_GROEP": "LED", "BRANDPROGRAMMA": "BPIV UNI 20-22-23/DIM/4-5-6 VRZA50", "BRANDPROGRAMMA_GROEP": "BPIV DIM" }, "geometry": { "type": "Point", "coordinates": [ 195746.022, 197209.788 ] } },
{ "type": "Feature", "properties": { "LOCATIENUMMER": "3385", "STATUS": "In dienst", "INTERACTIVITEIT": "Interactief", "LICHTBRON_GROEP": "LED", "BRANDPROGRAMMA": "BPIV UNI 20-22-23/DIM/4-5-6 VRZA50", "BRANDPROGRAMMA_GROEP": "BPIV DIM" }, "geometry": { "type": "Point", "coordinates": [ 195744.714, 197323.168 ] } },
{ "type": "Feature", "properties": { "LOCATIENUMMER": "3385", "STATUS": "In dienst", "INTERACTIVITEIT": "Interactief", "LICHTBRON_GROEP": "LED", "BRANDPROGRAMMA": "BPIV UNI 20-22-23/DIM/4-5-6 VRZA50", "BRANDPROGRAMMA_GROEP": "BPIV DIM" }, "geometry": { "type": "Point", "coordinates": [ 195744.714, 197323.168 ] } },
{ "type": "Feature", "properties": { "LOCATIENUMMER": "3386", "STATUS": "In dienst", "INTERACTIVITEIT": "Interactief", "LICHTBRON_GROEP": "LED", "BRANDPROGRAMMA": "BPIV UNI 20-22-23/DIM/4-5-6 VRZA50", "BRANDPROGRAMMA_GROEP": "BPIV DIM" }, "geometry": { "type": "Point", "coordinates": [ 195737.909000000014203, 197300.285 ] } },
{ "type": "Feature", "properties": { "LOCATIENUMMER": "3386", "STATUS": "In dienst", "INTERACTIVITEIT": "Interactief", "LICHTBRON_GROEP": "LED", "BRANDPROGRAMMA": "BPIV UNI 20-22-23/DIM/4-5-6 VRZA50", "BRANDPROGRAMMA_GROEP": "BPIV DIM" }, "geometry": { "type": "Point", "coordinates": [ 195737.909000000014203, 197300.285 ] } },
{ "type": "Feature", "properties": { "LOCATIENUMMER": "3376", "STATUS": "In dienst", "INTERACTIVITEIT": "Interactief", "LICHTBRON_GROEP": "LED", "BRANDPROGRAMMA": "BPIV UNI 20-22-23/DIM/4-5-6 VRZA50", "BRANDPROGRAMMA_GROEP": "BPIV DIM" }, "geometry": { "type": "Point", "coordinates": [ 195617.37400000001071, 197159.692000000010012 ] } },
{ "type": "Feature", "properties": { "LOCATIENUMMER": "3377", "STATUS": "In dienst", "INTERACTIVITEIT": "Interactief", "LICHTBRON_GROEP": "LED", "BRANDPROGRAMMA": "BPIV UNI 20-22-23/DIM/4-5-6 VRZA50", "BRANDPROGRAMMA_GROEP": "BPIV DIM" }, "geometry": { "type": "Point", "coordinates": [ 195616.886, 197127.752 ] } },
{ "type": "Feature", "properties": { "LOCATIENUMMER": "1741", "STATUS": "In dienst", "INTERACTIVITEIT": "Interactief", "LICHTBRON_GROEP": "LED", "BRANDPROGRAMMA": "BPIV UNI 20-22-23/DIM/4-5-6 VRZA50", "BRANDPROGRAMMA_GROEP": "BPIV DIM" }, "geometry": { "type": "Point", "coordinates": [ 193389.114, 195863.840999999985797 ] } },
{ "type": "Feature", "properties": { "LOCATIENUMMER": "2689", "STATUS": "In dienst", "INTERACTIVITEIT": "Niet interactief", "LICHTBRON_GROEP": "NAHP", "BRANDPROGRAMMA": "D22H6.30 (Doven)", "BRANDPROGRAMMA_GROEP": "DxxHyy DOV" }, "geometry": { "type": "Point", "coordinates": [ 193907.962, 196438.988000000012107 ] } },
{ "type": "Feature", "properties": { "LOCATIENUMMER": "2688", "STATUS": "In dienst", "INTERACTIVITEIT": "Niet interactief", "LICHTBRON_GROEP": "NAHP", "BRANDPROGRAMMA": "D22H6.30 (Doven)", "BRANDPROGRAMMA_GROEP": "DxxHyy DOV" }, "geometry": { "type": "Point", "coordinates": [ 193939.503999999986263, 196453.448 ] } },
{ "type": "Feature", "properties": { "LOCATIENUMMER": "2687", "STATUS": "In dienst", "INTERACTIVITEIT": "Niet interactief", "LICHTBRON_GROEP": "NAHP", "BRANDPROGRAMMA": "N", "BRANDPROGRAMMA_GROEP": "N" }, "geometry": { "type": "Point", "coordinates": [ 193976.809, 196470.519 ] } },
{ "type": "Feature", "properties": { "LOCATIENUMMER": "2670", "STATUS": "In dienst", "INTERACTIVITEIT": "Niet interactief", "LICHTBRON_GROEP": "NAHP", "BRANDPROGRAMMA": "N", "BRANDPROGRAMMA_GROEP": "N" }, "geometry": { "type": "Point", "coordinates": [ 194047.872, 196447.916999999986729 ] } },
{ "type": "Feature", "properties": { "LOCATIENUMMER": "4170", "STATUS": "In dienst", "INTERACTIVITEIT": "Niet interactief", "LICHTBRON_GROEP": "NAHP", "BRANDPROGRAMMA": "D22H6.30 (Doven)", "BRANDPROGRAMMA_GROEP": "DxxHyy DOV" }, "geometry": { "type": "Point", "coordinates": [ 194109.767, 196529.973999999987427 ] } },
{ "type": "Feature", "properties": { "LOCATIENUMMER": "4171", "STATUS": "In dienst", "INTERACTIVITEIT": "Niet interactief", "LICHTBRON_GROEP": "NAHP", "BRANDPROGRAMMA": "D22H6.30 (Doven)", "BRANDPROGRAMMA_GROEP": "DxxHyy DOV" }, "geometry": { "type": "Point", "coordinates": [ 194076.415, 196514.687 ] } },
{ "type": "Feature", "properties": { "LOCATIENUMMER": "4172", "STATUS": "In dienst", "INTERACTIVITEIT": "Niet interactief", "LICHTBRON_GROEP": "NAHP", "BRANDPROGRAMMA": "D22H6.30 (Doven)", "BRANDPROGRAMMA_GROEP": "DxxHyy DOV" }, "geometry": { "type": "Point", "coordinates": [ 194037.549, 196496.897 ] } },
{ "type": "Feature", "properties": { "LOCATIENUMMER": "2371", "STATUS": "In dienst", "INTERACTIVITEIT": "Niet interactief", "LICHTBRON_GROEP": "NAHP", "BRANDPROGRAMMA": "N", "BRANDPROGRAMMA_GROEP": "N" }, "geometry": { "type": "Point", "coordinates": [ 193390.352000000013504, 195796.655999999988126 ] } },
{ "type": "Feature", "properties": { "LOCATIENUMMER": "1740", "STATUS": "In dienst", "INTERACTIVITEIT": "Interactief", "LICHTBRON_GROEP": "LED", "BRANDPROGRAMMA": "BPIV UNI 20-22-23/DIM/4-5-6 VRZA50", "BRANDPROGRAMMA_GROEP": "BPIV DIM" }, "geometry": { "type": "Point", "coordinates": [ 193387.4, 195893.951 ] } },
{ "type": "Feature", "properties": { "LOCATIENUMMER": "1739", "STATUS": "In dienst", "INTERACTIVITEIT": "Interactief", "LICHTBRON_GROEP": "LED", "BRANDPROGRAMMA": "BPIV UNI 20-22-23/DIM/4-5-6 VRZA50", "BRANDPROGRAMMA_GROEP": "BPIV DIM" }, "geometry": { "type": "Point", "coordinates": [ 193385.589, 195921.554 ] } },
{ "type": "Feature", "properties": { "LOCATIENUMMER": "1736", "STATUS": "In dienst", "INTERACTIVITEIT": "Interactief", "LICHTBRON_GROEP": "LED", "BRANDPROGRAMMA": "BPIV UNI 20-22-23/DIM/4-5-6 VRZA50", "BRANDPROGRAMMA_GROEP": "BPIV DIM" }, "geometry": { "type": "Point", "coordinates": [ 193379.116, 196022.103 ] } },
{ "type": "Feature", "properties": { "LOCATIENUMMER": "1738", "STATUS": "In dienst", "INTERACTIVITEIT": "Interactief", "LICHTBRON_GROEP": "LED", "BRANDPROGRAMMA": "BPIV UNI 20-22-23/DIM/4-5-6 VRZA50", "BRANDPROGRAMMA_GROEP": "BPIV DIM" }, "geometry": { "type": "Point", "coordinates": [ 193383.16, 195956.753 ] } },
{ "type": "Feature", "properties": { "LOCATIENUMMER": "1737", "STATUS": "In dienst", "INTERACTIVITEIT": "Interactief", "LICHTBRON_GROEP": "LED", "BRANDPROGRAMMA": "BPIV UNI 20-22-23/DIM/4-5-6 VRZA50", "BRANDPROGRAMMA_GROEP": "BPIV DIM" }, "geometry": { "type": "Point", "coordinates": [ 193381.053000000014435, 195989.805 ] } },
{ "type": "Feature", "properties": { "LOCATIENUMMER": "1735", "STATUS": "In dienst", "INTERACTIVITEIT": "Interactief", "LICHTBRON_GROEP": "LED", "BRANDPROGRAMMA": "BPIV UNI 20-22-23/DIM/4-5-6 VRZA50", "BRANDPROGRAMMA_GROEP": "BPIV DIM" }, "geometry": { "type": "Point", "coordinates": [ 193375.89000000001397, 196055.595 ] } },
{ "type": "Feature", "properties": { "LOCATIENUMMER": "1734", "STATUS": "In dienst", "INTERACTIVITEIT": "Interactief", "LICHTBRON_GROEP": "LED", "BRANDPROGRAMMA": "BPIV UNI 20-22-23/DIM/4-5-6 VRZA50", "BRANDPROGRAMMA_GROEP": "BPIV DIM" }, "geometry": { "type": "Point", "coordinates": [ 193379.856, 196089.071 ] } },
{ "type": "Feature", "properties": { "LOCATIENUMMER": "1742", "STATUS": "In dienst", "INTERACTIVITEIT": "Interactief", "LICHTBRON_GROEP": "LED", "BRANDPROGRAMMA": "BPIV UNI 20-22-23/DIM/4-5-6 VRZA50", "BRANDPROGRAMMA_GROEP": "BPIV DIM" }, "geometry": { "type": "Point", "coordinates": [ 193390.385, 195830.276000000012573 ] } },
{ "type": "Feature", "properties": { "LOCATIENUMMER": "2686", "STATUS": "In dienst", "INTERACTIVITEIT": "Niet interactief", "LICHTBRON_GROEP": "NAHP", "BRANDPROGRAMMA": "N", "BRANDPROGRAMMA_GROEP": "N" }, "geometry": { "type": "Point", "coordinates": [ 193399.924, 196126.518000000010943 ] } },
{ "type": "Feature", "properties": { "LOCATIENUMMER": "1743", "STATUS": "In dienst", "INTERACTIVITEIT": "Interactief", "LICHTBRON_GROEP": "LED", "BRANDPROGRAMMA": "BPIV UNI 20-22-23/DIM/4-5-6 VRZA50", "BRANDPROGRAMMA_GROEP": "BPIV DIM" }, "geometry": { "type": "Point", "coordinates": [ 193361.155, 196185.083000000013271 ] } },
{ "type": "Feature", "properties": { "LOCATIENUMMER": "2685", "STATUS": "In dienst", "INTERACTIVITEIT": "Niet interactief", "LICHTBRON_GROEP": "NAHP", "BRANDPROGRAMMA": "D22H6.30 (Doven)", "BRANDPROGRAMMA_GROEP": "DxxHyy DOV" }, "geometry": { "type": "Point", "coordinates": [ 193414.052, 196149.191 ] } },
{ "type": "Feature", "properties": { "LOCATIENUMMER": "2684", "STATUS": "In dienst", "INTERACTIVITEIT": "Niet interactief", "LICHTBRON_GROEP": "NAHP", "BRANDPROGRAMMA": "D22H6.30 (Doven)", "BRANDPROGRAMMA_GROEP": "DxxHyy DOV" }, "geometry": { "type": "Point", "coordinates": [ 193432.071999999985565, 196173.221 ] } },
{ "type": "Feature", "properties": { "LOCATIENUMMER": "1744", "STATUS": "In dienst", "INTERACTIVITEIT": "Interactief", "LICHTBRON_GROEP": "LED", "BRANDPROGRAMMA": "BPIV UNI 20-22-23/DIM/4-5-6 VRZA50", "BRANDPROGRAMMA_GROEP": "BPIV DIM" }, "geometry": { "type": "Point", "coordinates": [ 193399.647, 196194.671 ] } },
{ "type": "Feature", "properties": { "LOCATIENUMMER": "2683", "STATUS": "In dienst", "INTERACTIVITEIT": "Niet interactief", "LICHTBRON_GROEP": "NAHP", "BRANDPROGRAMMA": "N", "BRANDPROGRAMMA_GROEP": "N" }, "geometry": { "type": "Point", "coordinates": [ 193461.973999999987427, 196196.192000000010012 ] } },
{ "type": "Feature", "properties": { "LOCATIENUMMER": "1745", "STATUS": "In dienst", "INTERACTIVITEIT": "Interactief", "LICHTBRON_GROEP": "LED", "BRANDPROGRAMMA": "BPIV UNI 20-22-23/DIM/4-5-6 VRZA50", "BRANDPROGRAMMA_GROEP": "BPIV DIM" }, "geometry": { "type": "Point", "coordinates": [ 193450.462999999988824, 196207.184 ] } },
{ "type": "Feature", "properties": { "LOCATIENUMMER": "2682", "STATUS": "In dienst", "INTERACTIVITEIT": "Niet interactief", "LICHTBRON_GROEP": "NAHP", "BRANDPROGRAMMA": "D22H6.30 (Doven)", "BRANDPROGRAMMA_GROEP": "DxxHyy DOV" }, "geometry": { "type": "Point", "coordinates": [ 193498.666, 196217.101 ] } },
{ "type": "Feature", "properties": { "LOCATIENUMMER": "2681", "STATUS": "In dienst", "INTERACTIVITEIT": "Niet interactief", "LICHTBRON_GROEP": "NAHP", "BRANDPROGRAMMA": "D22H6.30 (Doven)", "BRANDPROGRAMMA_GROEP": "DxxHyy DOV" }, "geometry": { "type": "Point", "coordinates": [ 193523.953, 196231.282 ] } },
{ "type": "Feature", "properties": { "LOCATIENUMMER": "2680", "STATUS": "In dienst", "INTERACTIVITEIT": "Niet interactief", "LICHTBRON_GROEP": "NAHP", "BRANDPROGRAMMA": "D22H6.30 (Doven)", "BRANDPROGRAMMA_GROEP": "DxxHyy DOV" }, "geometry": { "type": "Point", "coordinates": [ 193549.698, 196245.937 ] } },
{ "type": "Feature", "properties": { "LOCATIENUMMER": "2645", "STATUS": "In dienst", "INTERACTIVITEIT": "Niet interactief", "LICHTBRON_GROEP": "MHHP-CR", "BRANDPROGRAMMA": "D22H6.30 (Doven)", "BRANDPROGRAMMA_GROEP": "DxxHyy DOV" }, "geometry": { "type": "Point", "coordinates": [ 193586.353, 196256.303000000014435 ] } },
{ "type": "Feature", "properties": { "LOCATIENUMMER": "2679", "STATUS": "In dienst", "INTERACTIVITEIT": "Niet interactief", "LICHTBRON_GROEP": "NAHP", "BRANDPROGRAMMA": "N", "BRANDPROGRAMMA_GROEP": "N" }, "geometry": { "type": "Point", "coordinates": [ 193580.958000000013271, 196263.663 ] } },
{ "type": "Feature", "properties": { "LOCATIENUMMER": "2644", "STATUS": "In dienst", "INTERACTIVITEIT": "Niet interactief", "LICHTBRON_GROEP": "MHHP-CR", "BRANDPROGRAMMA": "D22H6.30 (Doven)", "BRANDPROGRAMMA_GROEP": "DxxHyy DOV" }, "geometry": { "type": "Point", "coordinates": [ 193609.097, 196235.701 ] } },
{ "type": "Feature", "properties": { "LOCATIENUMMER": "2644", "STATUS": "In dienst", "INTERACTIVITEIT": "Niet interactief", "LICHTBRON_GROEP": "MHHP-CR", "BRANDPROGRAMMA": "D22H6.30 (Doven)", "BRANDPROGRAMMA_GROEP": "DxxHyy DOV" }, "geometry": { "type": "Point", "coordinates": [ 193596.948, 196237.821999999985565 ] } },
{ "type": "Feature", "properties": { "LOCATIENUMMER": "2678", "STATUS": "In dienst", "INTERACTIVITEIT": "Niet interactief", "LICHTBRON_GROEP": "NAHP", "BRANDPROGRAMMA": "N", "BRANDPROGRAMMA_GROEP": "N" }, "geometry": { "type": "Point", "coordinates": [ 193625.9, 196288.99 ] } },
{ "type": "Feature", "properties": { "LOCATIENUMMER": "2677", "STATUS": "In dienst", "INTERACTIVITEIT": "Niet interactief", "LICHTBRON_GROEP": "NAHP", "BRANDPROGRAMMA": "D22H6.30 (Doven)", "BRANDPROGRAMMA_GROEP": "DxxHyy DOV" }, "geometry": { "type": "Point", "coordinates": [ 193649.453, 196302.378 ] } },
{ "type": "Feature", "properties": { "LOCATIENUMMER": "2676", "STATUS": "In dienst", "INTERACTIVITEIT": "Niet interactief", "LICHTBRON_GROEP": "NAHP", "BRANDPROGRAMMA": "D22H6.30 (Doven)", "BRANDPROGRAMMA_GROEP": "DxxHyy DOV" }, "geometry": { "type": "Point", "coordinates": [ 193677.522999999986496, 196318.046 ] } },
{ "type": "Feature", "properties": { "LOCATIENUMMER": "2675", "STATUS": "In dienst", "INTERACTIVITEIT": "Niet interactief", "LICHTBRON_GROEP": "NAHP", "BRANDPROGRAMMA": "D22H6.30 (Doven)", "BRANDPROGRAMMA_GROEP": "DxxHyy DOV" }, "geometry": { "type": "Point", "coordinates": [ 193700.46, 196331.059 ] } },
{ "type": "Feature", "properties": { "LOCATIENUMMER": "2674", "STATUS": "In dienst", "INTERACTIVITEIT": "Niet interactief", "LICHTBRON_GROEP": "NAHP", "BRANDPROGRAMMA": "D22H6.30 (Doven)", "BRANDPROGRAMMA_GROEP": "DxxHyy DOV" }, "geometry": { "type": "Point", "coordinates": [ 193738.361, 196352.723 ] } },
{ "type": "Feature", "properties": { "LOCATIENUMMER": "2673", "STATUS": "In dienst", "INTERACTIVITEIT": "Niet interactief", "LICHTBRON_GROEP": "NAHP", "BRANDPROGRAMMA": "N", "BRANDPROGRAMMA_GROEP": "N" }, "geometry": { "type": "Point", "coordinates": [ 193768.856, 196370.106999999989057 ] } },
{ "type": "Feature", "properties": { "LOCATIENUMMER": "2692", "STATUS": "In dienst", "INTERACTIVITEIT": "Niet interactief", "LICHTBRON_GROEP": "NAHP", "BRANDPROGRAMMA": "D22H6.30 (Doven)", "BRANDPROGRAMMA_GROEP": "DxxHyy DOV" }, "geometry": { "type": "Point", "coordinates": [ 193796.81, 196384.571 ] } },
{ "type": "Feature", "properties": { "LOCATIENUMMER": "2691", "STATUS": "In dienst", "INTERACTIVITEIT": "Niet interactief", "LICHTBRON_GROEP": "NAHP", "BRANDPROGRAMMA": "N", "BRANDPROGRAMMA_GROEP": "N" }, "geometry": { "type": "Point", "coordinates": [ 193832.39000000001397, 196404.764 ] } },
{ "type": "Feature", "properties": { "LOCATIENUMMER": "2690", "STATUS": "In dienst", "INTERACTIVITEIT": "Niet interactief", "LICHTBRON_GROEP": "NAHP", "BRANDPROGRAMMA": "D22H6.30 (Doven)", "BRANDPROGRAMMA_GROEP": "DxxHyy DOV" }, "geometry": { "type": "Point", "coordinates": [ 193874.138, 196423.99 ] } },
{ "type": "Feature", "properties": { "LOCATIENUMMER": "0", "STATUS": "In dienst", "INTERACTIVITEIT": "Interactief", "LICHTBRON_GROEP": "LED", "BRANDPROGRAMMA": "BPIV UNI 20-22-23/DIM/4-5-6 VRZA50", "BRANDPROGRAMMA_GROEP": "BPIV DIM" }, "geometry": { "type": "Point", "coordinates": [ 193623.959, 195408.230000000010477 ] } },
{ "type": "Feature", "properties": { "LOCATIENUMMER": "1667", "STATUS": "In dienst", "INTERACTIVITEIT": "Interactief", "LICHTBRON_GROEP": "LED", "BRANDPROGRAMMA": "BPIV UNI 20-22-23/DIM/4-5-6 VRZA50", "BRANDPROGRAMMA_GROEP": "BPIV DIM" }, "geometry": { "type": "Point", "coordinates": [ 193635.041999999986729, 195392.747 ] } },
{ "type": "Feature", "properties": { "LOCATIENUMMER": "1713", "STATUS": "In dienst", "INTERACTIVITEIT": "Interactief", "LICHTBRON_GROEP": "LED", "BRANDPROGRAMMA": "BPIV UNI 20-22-23/DIM/4-5-6 VRZA50", "BRANDPROGRAMMA_GROEP": "BPIV DIM" }, "geometry": { "type": "Point", "coordinates": [ 193591.655, 195462.604 ] } },
{ "type": "Feature", "properties": { "LOCATIENUMMER": "1649", "STATUS": "In dienst", "INTERACTIVITEIT": "Interactief", "LICHTBRON_GROEP": "LED", "BRANDPROGRAMMA": "BPIV UNI 20-22-23/DIM/4-5-6 VRZA50", "BRANDPROGRAMMA_GROEP": "BPIV DIM" }, "geometry": { "type": "Point", "coordinates": [ 193696.305, 195281.883 ] } },
{ "type": "Feature", "properties": { "LOCATIENUMMER": "2395", "STATUS": "In dienst", "INTERACTIVITEIT": "Interactief", "LICHTBRON_GROEP": "LED", "BRANDPROGRAMMA": "BPIV UNI 20-22-23/DIM/4-5-6 VRZA50", "BRANDPROGRAMMA_GROEP": "BPIV DIM" }, "geometry": { "type": "Point", "coordinates": [ 193877.393000000010943, 195104.731 ] } },
{ "type": "Feature", "properties": { "LOCATIENUMMER": "1651", "STATUS": "In dienst", "INTERACTIVITEIT": "Interactief", "LICHTBRON_GROEP": "LED", "BRANDPROGRAMMA": "BPIV UNI 20-22-23/DIM/4-5-6 VRZA50", "BRANDPROGRAMMA_GROEP": "BPIV DIM" }, "geometry": { "type": "Point", "coordinates": [ 193743.638, 195208.117 ] } },
{ "type": "Feature", "properties": { "LOCATIENUMMER": "2398", "STATUS": "In dienst", "INTERACTIVITEIT": "Interactief", "LICHTBRON_GROEP": "LED", "BRANDPROGRAMMA": "BPIV UNI 20-22-23/DIM/4-5-6 VRZA50", "BRANDPROGRAMMA_GROEP": "BPIV DIM" }, "geometry": { "type": "Point", "coordinates": [ 193775.159000000014203, 195171.378999999986263 ] } },
{ "type": "Feature", "properties": { "LOCATIENUMMER": "2391", "STATUS": "In dienst", "INTERACTIVITEIT": "Interactief", "LICHTBRON_GROEP": "LED", "BRANDPROGRAMMA": "BPIV UNI 20-22-23/DIM/4-5-6 VRZA50", "BRANDPROGRAMMA_GROEP": "BPIV DIM" }, "geometry": { "type": "Point", "coordinates": [ 193939.631, 194935.6 ] } },
{ "type": "Feature", "properties": { "LOCATIENUMMER": "2390", "STATUS": "In dienst", "INTERACTIVITEIT": "Interactief", "LICHTBRON_GROEP": "LED", "BRANDPROGRAMMA": "BPIV UNI 20-22-23/DIM/4-5-6 VRZA50", "BRANDPROGRAMMA_GROEP": "BPIV DIM" }, "geometry": { "type": "Point", "coordinates": [ 193939.105000000010477, 194901.842 ] } },
{ "type": "Feature", "properties": { "LOCATIENUMMER": "2396", "STATUS": "In dienst", "INTERACTIVITEIT": "Interactief", "LICHTBRON_GROEP": "LED", "BRANDPROGRAMMA": "BPIV UNI 20-22-23/DIM/4-5-6 VRZA50", "BRANDPROGRAMMA_GROEP": "BPIV DIM" }, "geometry": { "type": "Point", "coordinates": [ 193834.154, 195127.003 ] } },
{ "type": "Feature", "properties": { "LOCATIENUMMER": "1921", "STATUS": "In dienst", "INTERACTIVITEIT": "Interactief", "LICHTBRON_GROEP": "LED", "BRANDPROGRAMMA": "BPIV UNI 20-22-23/DIM/4-5-6 VRZA50", "BRANDPROGRAMMA_GROEP": "BPIV DIM" }, "geometry": { "type": "Point", "coordinates": [ 194059.105000000010477, 194593.00099999998929 ] } },
{ "type": "Feature", "properties": { "LOCATIENUMMER": "1925", "STATUS": "In dienst", "INTERACTIVITEIT": "Interactief", "LICHTBRON_GROEP": "LED", "BRANDPROGRAMMA": "BPIV UNI 20-22-23/DIM/4-5-6 VRZA50", "BRANDPROGRAMMA_GROEP": "BPIV DIM" }, "geometry": { "type": "Point", "coordinates": [ 194038.003999999986263, 194512.57 ] } },
{ "type": "Feature", "properties": { "LOCATIENUMMER": "1647", "STATUS": "In dienst", "INTERACTIVITEIT": "Interactief", "LICHTBRON_GROEP": "LED", "BRANDPROGRAMMA": "BPIV UNI 20-22-23/DIM/4-5-6 VRZA50", "BRANDPROGRAMMA_GROEP": "BPIV DIM" }, "geometry": { "type": "Point", "coordinates": [ 193659.246000000013737, 195348.280999999988126 ] } },
{ "type": "Feature", "properties": { "LOCATIENUMMER": "2392", "STATUS": "In dienst", "INTERACTIVITEIT": "Interactief", "LICHTBRON_GROEP": "LED", "BRANDPROGRAMMA": "BPIV UNI 20-22-23/DIM/4-5-6 VRZA50", "BRANDPROGRAMMA_GROEP": "BPIV DIM" }, "geometry": { "type": "Point", "coordinates": [ 193940.47, 194990.608 ] } },
{ "type": "Feature", "properties": { "LOCATIENUMMER": "1923", "STATUS": "In dienst", "INTERACTIVITEIT": "Interactief", "LICHTBRON_GROEP": "LED", "BRANDPROGRAMMA": "BPIV UNI 20-22-23/DIM/4-5-6 VRZA50", "BRANDPROGRAMMA_GROEP": "BPIV DIM" }, "geometry": { "type": "Point", "coordinates": [ 194059.511999999987893, 194674.369 ] } },
{ "type": "Feature", "properties": { "LOCATIENUMMER": "1733", "STATUS": "In dienst", "INTERACTIVITEIT": "Interactief", "LICHTBRON_GROEP": "LED", "BRANDPROGRAMMA": "BPIV UNI 20-22-23/DIM/4-5-6 VRZA50", "BRANDPROGRAMMA_GROEP": "BPIV DIM" }, "geometry": { "type": "Point", "coordinates": [ 193305.859, 196066.85999999998603 ] } },
{ "type": "Feature", "properties": { "LOCATIENUMMER": "2366", "STATUS": "In dienst", "INTERACTIVITEIT": "Niet interactief", "LICHTBRON_GROEP": "NAHP", "BRANDPROGRAMMA": "D22H6.30 (Doven)", "BRANDPROGRAMMA_GROEP": "DxxHyy DOV" }, "geometry": { "type": "Point", "coordinates": [ 193309.606999999989057, 195887.174999999988358 ] } },
{ "type": "Feature", "properties": { "LOCATIENUMMER": "2365", "STATUS": "In dienst", "INTERACTIVITEIT": "Niet interactief", "LICHTBRON_GROEP": "NAHP", "BRANDPROGRAMMA": "D22H6.30 (Doven)", "BRANDPROGRAMMA_GROEP": "DxxHyy DOV" }, "geometry": { "type": "Point", "coordinates": [ 193301.286, 195952.573 ] } },
{ "type": "Feature", "properties": { "LOCATIENUMMER": "1732", "STATUS": "In dienst", "INTERACTIVITEIT": "Interactief", "LICHTBRON_GROEP": "LED", "BRANDPROGRAMMA": "BPIV UNI 20-22-23/DIM/4-5-6 VRZA50", "BRANDPROGRAMMA_GROEP": "BPIV DIM" }, "geometry": { "type": "Point", "coordinates": [ 193288.649, 196039.564000000013039 ] } },
{ "type": "Feature", "properties": { "LOCATIENUMMER": "2338", "STATUS": "In dienst", "INTERACTIVITEIT": "Niet interactief", "LICHTBRON_GROEP": "NAHP", "BRANDPROGRAMMA": "D22H6.30 (Doven)", "BRANDPROGRAMMA_GROEP": "DxxHyy DOV" }, "geometry": { "type": "Point", "coordinates": [ 193310.005, 195784.75700000001234 ] } },
{ "type": "Feature", "properties": { "LOCATIENUMMER": "2364", "STATUS": "In dienst", "INTERACTIVITEIT": "Niet interactief", "LICHTBRON_GROEP": "NAHP", "BRANDPROGRAMMA": "D22H6.30 (Doven)", "BRANDPROGRAMMA_GROEP": "DxxHyy DOV" }, "geometry": { "type": "Point", "coordinates": [ 193318.61799999998766, 195816.628 ] } },
{ "type": "Feature", "properties": { "LOCATIENUMMER": "1731", "STATUS": "In dienst", "INTERACTIVITEIT": "Interactief", "LICHTBRON_GROEP": "LED", "BRANDPROGRAMMA": "BPIV UNI 20-22-23/DIM/4-5-6 VRZA50", "BRANDPROGRAMMA_GROEP": "BPIV DIM" }, "geometry": { "type": "Point", "coordinates": [ 193293.767, 196003.335 ] } },
{ "type": "Feature", "properties": { "LOCATIENUMMER": "2520", "STATUS": "In dienst", "INTERACTIVITEIT": "Interactief", "LICHTBRON_GROEP": "LED", "BRANDPROGRAMMA": "BPIV UNI 20-22-23/DOV/4-5-6 VRZA50", "BRANDPROGRAMMA_GROEP": "BPIV DOV WEEKEND" }, "geometry": { "type": "Point", "coordinates": [ 190772.277, 196790.288999999989755 ] } },
{ "type": "Feature", "properties": { "LOCATIENUMMER": "1373", "STATUS": "In dienst", "INTERACTIVITEIT": "Interactief", "LICHTBRON_GROEP": "LED", "BRANDPROGRAMMA": "BPIV UNI 20-22-23/DIM/4-5-6 VRZA50", "BRANDPROGRAMMA_GROEP": "BPIV DIM" }, "geometry": { "type": "Point", "coordinates": [ 192453.560999999986961, 197605.878999999986263 ] } },
{ "type": "Feature", "properties": { "LOCATIENUMMER": "1641", "STATUS": "In dienst", "INTERACTIVITEIT": "Interactief", "LICHTBRON_GROEP": "LED", "BRANDPROGRAMMA": "BPIV UNI 20-22-23/DIM/4-5-6 VRZA50", "BRANDPROGRAMMA_GROEP": "BPIV DIM" }, "geometry": { "type": "Point", "coordinates": [ 193370.727000000013504, 195132.456 ] } },
{ "type": "Feature", "properties": { "LOCATIENUMMER": "1643", "STATUS": "In dienst", "INTERACTIVITEIT": "Interactief", "LICHTBRON_GROEP": "LED", "BRANDPROGRAMMA": "BPIV UNI 20-22-23/DIM/4-5-6 VRZA50", "BRANDPROGRAMMA_GROEP": "BPIV DIM" }, "geometry": { "type": "Point", "coordinates": [ 193390.91, 195051.456 ] } },
{ "type": "Feature", "properties": { "LOCATIENUMMER": "1645", "STATUS": "In dienst", "INTERACTIVITEIT": "Interactief", "LICHTBRON_GROEP": "LED", "BRANDPROGRAMMA": "BPIV UNI 20-22-23/DIM/4-5-6 VRZA50", "BRANDPROGRAMMA_GROEP": "BPIV DIM" }, "geometry": { "type": "Point", "coordinates": [ 193407.036, 194988.506 ] } },
{ "type": "Feature", "properties": { "LOCATIENUMMER": "1639", "STATUS": "In dienst", "INTERACTIVITEIT": "Interactief", "LICHTBRON_GROEP": "LED", "BRANDPROGRAMMA": "BPIV UNI 20-22-23/DIM/4-5-6 VRZA50", "BRANDPROGRAMMA_GROEP": "BPIV DIM" }, "geometry": { "type": "Point", "coordinates": [ 193358.674999999988358, 195206.163 ] } },
{ "type": "Feature", "properties": { "LOCATIENUMMER": "3957", "STATUS": "In dienst", "INTERACTIVITEIT": "Interactief", "LICHTBRON_GROEP": "LED", "BRANDPROGRAMMA": "BPIV UNI 20-22-23/DIM/4-5-6 VRZA50", "BRANDPROGRAMMA_GROEP": "BPIV DIM" }, "geometry": { "type": "Point", "coordinates": [ 190348.782, 197712.477000000013504 ] } },
{ "type": "Feature", "properties": { "LOCATIENUMMER": "3960", "STATUS": "In dienst", "INTERACTIVITEIT": "Interactief", "LICHTBRON_GROEP": "LED", "BRANDPROGRAMMA": "BPIV UNI 20-22-23/DIM/4-5-6 VRZA50", "BRANDPROGRAMMA_GROEP": "BPIV DIM" }, "geometry": { "type": "Point", "coordinates": [ 190223.473999999987427, 197678.758 ] } },
{ "type": "Feature", "properties": { "LOCATIENUMMER": "4594", "STATUS": "In dienst", "INTERACTIVITEIT": "Interactief", "LICHTBRON_GROEP": "LED", "BRANDPROGRAMMA": "BPIV UNI 20-22-23/DIM/4-5-6 VRZA50", "BRANDPROGRAMMA_GROEP": "BPIV DIM" }, "geometry": { "type": "Point", "coordinates": [ 195405.851, 196863.170000000012806 ] } },
{ "type": "Feature", "properties": { "LOCATIENUMMER": "4595", "STATUS": "In dienst", "INTERACTIVITEIT": "Interactief", "LICHTBRON_GROEP": "LED", "BRANDPROGRAMMA": "BPIV UNI 20-22-23/DIM/4-5-6 VRZA50", "BRANDPROGRAMMA_GROEP": "BPIV DIM" }, "geometry": { "type": "Point", "coordinates": [ 195382.221, 196864.864 ] } },
{ "type": "Feature", "properties": { "LOCATIENUMMER": "4596", "STATUS": "In dienst", "INTERACTIVITEIT": "Interactief", "LICHTBRON_GROEP": "LED", "BRANDPROGRAMMA": "BPIV UNI 20-22-23/DIM/4-5-6 VRZA50", "BRANDPROGRAMMA_GROEP": "BPIV DIM" }, "geometry": { "type": "Point", "coordinates": [ 195358.253, 196866.385 ] } },
{ "type": "Feature", "properties": { "LOCATIENUMMER": "4597", "STATUS": "In dienst", "INTERACTIVITEIT": "Interactief", "LICHTBRON_GROEP": "LED", "BRANDPROGRAMMA": "BPIV UNI 20-22-23/DIM/4-5-6 VRZA50", "BRANDPROGRAMMA_GROEP": "BPIV DIM" }, "geometry": { "type": "Point", "coordinates": [ 195334.12, 196867.848999999987427 ] } },
{ "type": "Feature", "properties": { "LOCATIENUMMER": "4592", "STATUS": "In dienst", "INTERACTIVITEIT": "Interactief", "LICHTBRON_GROEP": "LED", "BRANDPROGRAMMA": "BPIV UNI 20-22-23/DIM/4-5-6 VRZA50", "BRANDPROGRAMMA_GROEP": "BPIV DIM" }, "geometry": { "type": "Point", "coordinates": [ 195451.488000000012107, 196859.383 ] } },
{ "type": "Feature", "properties": { "LOCATIENUMMER": "4593", "STATUS": "In dienst", "INTERACTIVITEIT": "Interactief", "LICHTBRON_GROEP": "LED", "BRANDPROGRAMMA": "BPIV UNI 20-22-23/DIM/4-5-6 VRZA50", "BRANDPROGRAMMA_GROEP": "BPIV DIM" }, "geometry": { "type": "Point", "coordinates": [ 195428.529, 196861.256 ] } },
{ "type": "Feature", "properties": { "LOCATIENUMMER": "959", "STATUS": "In dienst", "INTERACTIVITEIT": "Interactief", "LICHTBRON_GROEP": "LED", "BRANDPROGRAMMA": "BPIV UNI 20-22-23/DIM/4-5-6 VRZA50", "BRANDPROGRAMMA_GROEP": "BPIV DIM" }, "geometry": { "type": "Point", "coordinates": [ 194059.744, 199191.327 ] } },
{ "type": "Feature", "properties": { "LOCATIENUMMER": "963", "STATUS": "In dienst", "INTERACTIVITEIT": "Interactief", "LICHTBRON_GROEP": "LED", "BRANDPROGRAMMA": "BPIV UNI 20-22-23/DIM/4-5-6 VRZA50", "BRANDPROGRAMMA_GROEP": "BPIV DIM" }, "geometry": { "type": "Point", "coordinates": [ 194135.722, 199054.343 ] } },
{ "type": "Feature", "properties": { "LOCATIENUMMER": "964", "STATUS": "In dienst", "INTERACTIVITEIT": "Interactief", "LICHTBRON_GROEP": "LED", "BRANDPROGRAMMA": "BPIV UNI 20-22-23/DIM/4-5-6 VRZA50", "BRANDPROGRAMMA_GROEP": "BPIV DIM" }, "geometry": { "type": "Point", "coordinates": [ 194148.476, 199020.429 ] } },
{ "type": "Feature", "properties": { "LOCATIENUMMER": "965", "STATUS": "In dienst", "INTERACTIVITEIT": "Interactief", "LICHTBRON_GROEP": "LED", "BRANDPROGRAMMA": "BPIV UNI 20-22-23/DIM/4-5-6 VRZA50", "BRANDPROGRAMMA_GROEP": "BPIV DIM" }, "geometry": { "type": "Point", "coordinates": [ 194164.866, 198983.594000000011874 ] } },
{ "type": "Feature", "properties": { "LOCATIENUMMER": "966", "STATUS": "In dienst", "INTERACTIVITEIT": "Interactief", "LICHTBRON_GROEP": "LED", "BRANDPROGRAMMA": "BPIV UNI 20-22-23/DIM/4-5-6 VRZA50", "BRANDPROGRAMMA_GROEP": "BPIV DIM" }, "geometry": { "type": "Point", "coordinates": [ 194199.465, 198952.076 ] } },
{ "type": "Feature", "properties": { "LOCATIENUMMER": "961", "STATUS": "In dienst", "INTERACTIVITEIT": "Interactief", "LICHTBRON_GROEP": "LED", "BRANDPROGRAMMA": "BPIV UNI 20-22-23/DIM/4-5-6 VRZA50", "BRANDPROGRAMMA_GROEP": "BPIV DIM" }, "geometry": { "type": "Point", "coordinates": [ 194101.49900000001071, 199124.163999999989755 ] } },
{ "type": "Feature", "properties": { "LOCATIENUMMER": "962", "STATUS": "In dienst", "INTERACTIVITEIT": "Interactief", "LICHTBRON_GROEP": "LED", "BRANDPROGRAMMA": "BPIV UNI 20-22-23/DIM/4-5-6 VRZA50", "BRANDPROGRAMMA_GROEP": "BPIV DIM" }, "geometry": { "type": "Point", "coordinates": [ 194122.704, 199087.601 ] } },
{ "type": "Feature", "properties": { "LOCATIENUMMER": "3650", "STATUS": "In dienst", "INTERACTIVITEIT": "Niet interactief", "LICHTBRON_GROEP": "NAHP", "BRANDPROGRAMMA": "N", "BRANDPROGRAMMA_GROEP": "N" }, "geometry": { "type": "Point", "coordinates": [ 197962.696999999985565, 198200.946 ] } },
{ "type": "Feature", "properties": { "LOCATIENUMMER": "3652", "STATUS": "In dienst", "INTERACTIVITEIT": "Niet interactief", "LICHTBRON_GROEP": "NAHP", "BRANDPROGRAMMA": "N", "BRANDPROGRAMMA_GROEP": "N" }, "geometry": { "type": "Point", "coordinates": [ 197907.803000000014435, 198266.772 ] } },
{ "type": "Feature", "properties": { "LOCATIENUMMER": "3654", "STATUS": "In dienst", "INTERACTIVITEIT": "Niet interactief", "LICHTBRON_GROEP": "NAHP", "BRANDPROGRAMMA": "D22H6.30 (Doven)", "BRANDPROGRAMMA_GROEP": "DxxHyy DOV" }, "geometry": { "type": "Point", "coordinates": [ 197853.840999999985797, 198331.840999999985797 ] } },
{ "type": "Feature", "properties": { "LOCATIENUMMER": "2126", "STATUS": "In dienst", "INTERACTIVITEIT": "Interactief", "LICHTBRON_GROEP": "LED", "BRANDPROGRAMMA": "BPIV UNI 20-22-23/DIM/4-5-6 VRZA50", "BRANDPROGRAMMA_GROEP": "BPIV DIM" }, "geometry": { "type": "Point", "coordinates": [ 192773.968, 195606.50700000001234 ] } },
{ "type": "Feature", "properties": { "LOCATIENUMMER": "2128", "STATUS": "In dienst", "INTERACTIVITEIT": "Interactief", "LICHTBRON_GROEP": "LED", "BRANDPROGRAMMA": "BPIV UNI 20-22-23/DIM/4-5-6 VRZA50", "BRANDPROGRAMMA_GROEP": "BPIV DIM" }, "geometry": { "type": "Point", "coordinates": [ 192704.065, 195655.340999999985797 ] } },
{ "type": "Feature", "properties": { "LOCATIENUMMER": "2128", "STATUS": "In dienst", "INTERACTIVITEIT": "Interactief", "LICHTBRON_GROEP": "LED", "BRANDPROGRAMMA": "BPIV UNI 20-22-23/DIM/4-5-6 VRZA50", "BRANDPROGRAMMA_GROEP": "BPIV DIM" }, "geometry": { "type": "Point", "coordinates": [ 192704.065, 195655.340999999985797 ] } },
{ "type": "Feature", "properties": { "LOCATIENUMMER": "2224", "STATUS": "In dienst", "INTERACTIVITEIT": "Niet interactief", "LICHTBRON_GROEP": "MHHP-QZ", "BRANDPROGRAMMA": "N", "BRANDPROGRAMMA_GROEP": "N" }, "geometry": { "type": "Point", "coordinates": [ 192707.087999999988824, 195682.825000000011642 ] } },
{ "type": "Feature", "properties": { "LOCATIENUMMER": "2019", "STATUS": "In dienst", "INTERACTIVITEIT": "Interactief", "LICHTBRON_GROEP": "LED", "BRANDPROGRAMMA": "BPIV UNI 20-22-23/DIM/4-5-6 VRZA50", "BRANDPROGRAMMA_GROEP": "BPIV DIM" }, "geometry": { "type": "Point", "coordinates": [ 192675.696, 195674.723999999987427 ] } },
{ "type": "Feature", "properties": { "LOCATIENUMMER": "2017", "STATUS": "In dienst", "INTERACTIVITEIT": "Interactief", "LICHTBRON_GROEP": "LED", "BRANDPROGRAMMA": "BPIV UNI 20-22-23/DIM/4-5-6 VRZA50", "BRANDPROGRAMMA_GROEP": "BPIV DIM" }, "geometry": { "type": "Point", "coordinates": [ 192583.195, 195690.228 ] } },
{ "type": "Feature", "properties": { "LOCATIENUMMER": "2015", "STATUS": "In dienst", "INTERACTIVITEIT": "Interactief", "LICHTBRON_GROEP": "LED", "BRANDPROGRAMMA": "BPIV UNI 20-22-23/DIM/4-5-6 VRZA50", "BRANDPROGRAMMA_GROEP": "BPIV DIM" }, "geometry": { "type": "Point", "coordinates": [ 192492.027, 195701.342 ] } },
{ "type": "Feature", "properties": { "LOCATIENUMMER": "2014", "STATUS": "In dienst", "INTERACTIVITEIT": "Interactief", "LICHTBRON_GROEP": "LED", "BRANDPROGRAMMA": "BPIV UNI 20-22-23/DIM/4-5-6 VRZA50", "BRANDPROGRAMMA_GROEP": "BPIV DIM" }, "geometry": { "type": "Point", "coordinates": [ 192458.942000000010012, 195695.856 ] } },
{ "type": "Feature", "properties": { "LOCATIENUMMER": "2013", "STATUS": "In dienst", "INTERACTIVITEIT": "Niet interactief", "LICHTBRON_GROEP": "NAHP", "BRANDPROGRAMMA": "N", "BRANDPROGRAMMA_GROEP": "N" }, "geometry": { "type": "Point", "coordinates": [ 192455.752, 195705.293 ] } },
{ "type": "Feature", "properties": { "LOCATIENUMMER": "2043", "STATUS": "In dienst", "INTERACTIVITEIT": "Interactief-ready", "LICHTBRON_GROEP": "LED", "BRANDPROGRAMMA": "N", "BRANDPROGRAMMA_GROEP": "N" }, "geometry": { "type": "Point", "coordinates": [ 192416.712999999988824, 195743.461000000010245 ] } },
{ "type": "Feature", "properties": { "LOCATIENUMMER": "2011", "STATUS": "In dienst", "INTERACTIVITEIT": "Interactief", "LICHTBRON_GROEP": "LED", "BRANDPROGRAMMA": "BPIV UNI 20-22-23/DIM/4-5-6 VRZA50", "BRANDPROGRAMMA_GROEP": "BPIV DIM" }, "geometry": { "type": "Point", "coordinates": [ 192438.506, 195751.649 ] } },
{ "type": "Feature", "properties": { "LOCATIENUMMER": "3150", "STATUS": "In dienst", "INTERACTIVITEIT": "Interactief", "LICHTBRON_GROEP": "LED", "BRANDPROGRAMMA": "BPIV UNI 20-22-23/DIM/4-5-6 VRZA50", "BRANDPROGRAMMA_GROEP": "BPIV DIM" }, "geometry": { "type": "Point", "coordinates": [ 197679.413999999989755, 197428.22 ] } },
{ "type": "Feature", "properties": { "LOCATIENUMMER": "3550", "STATUS": "In dienst", "INTERACTIVITEIT": "Niet interactief", "LICHTBRON_GROEP": "NAHP", "BRANDPROGRAMMA": "D22H6.30 (Doven)", "BRANDPROGRAMMA_GROEP": "DxxHyy DOV" }, "geometry": { "type": "Point", "coordinates": [ 198142.016, 197744.682 ] } },
{ "type": "Feature", "properties": { "LOCATIENUMMER": "3554", "STATUS": "In dienst", "INTERACTIVITEIT": "Niet interactief", "LICHTBRON_GROEP": "NAHP", "BRANDPROGRAMMA": "N", "BRANDPROGRAMMA_GROEP": "N" }, "geometry": { "type": "Point", "coordinates": [ 198030.334, 197670.541999999986729 ] } },
{ "type": "Feature", "properties": { "LOCATIENUMMER": "3154", "STATUS": "In dienst", "INTERACTIVITEIT": "Interactief", "LICHTBRON_GROEP": "LED", "BRANDPROGRAMMA": "BPIV UNI 20-22-23/DIM/4-5-6 VRZA50", "BRANDPROGRAMMA_GROEP": "BPIV DIM" }, "geometry": { "type": "Point", "coordinates": [ 197783.119, 197495.025 ] } },
{ "type": "Feature", "properties": { "LOCATIENUMMER": "1592", "STATUS": "In dienst", "INTERACTIVITEIT": "Interactief-ready", "LICHTBRON_GROEP": "LED", "BRANDPROGRAMMA": "D22H6.30 (Doven)", "BRANDPROGRAMMA_GROEP": "DxxHyy DOV" }, "geometry": { "type": "Point", "coordinates": [ 193053.199, 194006.886 ] } },
{ "type": "Feature", "properties": { "LOCATIENUMMER": "1596", "STATUS": "In dienst", "INTERACTIVITEIT": "Interactief-ready", "LICHTBRON_GROEP": "LED", "BRANDPROGRAMMA": "D22H6.30 (Doven)", "BRANDPROGRAMMA_GROEP": "DxxHyy DOV" }, "geometry": { "type": "Point", "coordinates": [ 192937.534000000014203, 193959.443 ] } },
{ "type": "Feature", "properties": { "LOCATIENUMMER": "1597", "STATUS": "In dienst", "INTERACTIVITEIT": "Interactief-ready", "LICHTBRON_GROEP": "LED", "BRANDPROGRAMMA": "D22H6.30 (Doven)", "BRANDPROGRAMMA_GROEP": "DxxHyy DOV" }, "geometry": { "type": "Point", "coordinates": [ 192906.856, 193952.019 ] } },
{ "type": "Feature", "properties": { "LOCATIENUMMER": "1598", "STATUS": "In dienst", "INTERACTIVITEIT": "Interactief-ready", "LICHTBRON_GROEP": "LED", "BRANDPROGRAMMA": "N", "BRANDPROGRAMMA_GROEP": "N" }, "geometry": { "type": "Point", "coordinates": [ 192876.864, 193947.641 ] } },
{ "type": "Feature", "properties": { "LOCATIENUMMER": "1590", "STATUS": "In dienst", "INTERACTIVITEIT": "Niet interactief", "LICHTBRON_GROEP": "LED", "BRANDPROGRAMMA": "N", "BRANDPROGRAMMA_GROEP": "N" }, "geometry": { "type": "Point", "coordinates": [ 193091.586000000010245, 194006.01500000001397 ] } },
{ "type": "Feature", "properties": { "LOCATIENUMMER": "1599", "STATUS": "In dienst", "INTERACTIVITEIT": "Interactief-ready", "LICHTBRON_GROEP": "LED", "BRANDPROGRAMMA": "D22H6.30 (Doven)", "BRANDPROGRAMMA_GROEP": "DxxHyy DOV" }, "geometry": { "type": "Point", "coordinates": [ 192847.628999999986263, 193939.730000000010477 ] } },
{ "type": "Feature", "properties": { "LOCATIENUMMER": "1600", "STATUS": "In dienst", "INTERACTIVITEIT": "Interactief-ready", "LICHTBRON_GROEP": "LED", "BRANDPROGRAMMA": "D22H6.30 (Doven)", "BRANDPROGRAMMA_GROEP": "DxxHyy DOV" }, "geometry": { "type": "Point", "coordinates": [ 192818.699, 193931.089 ] } },
{ "type": "Feature", "properties": { "LOCATIENUMMER": "1601", "STATUS": "In dienst", "INTERACTIVITEIT": "Interactief-ready", "LICHTBRON_GROEP": "LED", "BRANDPROGRAMMA": "D22H6.30 (Doven)", "BRANDPROGRAMMA_GROEP": "DxxHyy DOV" }, "geometry": { "type": "Point", "coordinates": [ 192784.258, 193922.195 ] } },
{ "type": "Feature", "properties": { "LOCATIENUMMER": "1593", "STATUS": "In dienst", "INTERACTIVITEIT": "Interactief-ready", "LICHTBRON_GROEP": "LED", "BRANDPROGRAMMA": "N", "BRANDPROGRAMMA_GROEP": "N" }, "geometry": { "type": "Point", "coordinates": [ 193025.261, 193995.416999999986729 ] } },
{ "type": "Feature", "properties": { "LOCATIENUMMER": "1602", "STATUS": "In dienst", "INTERACTIVITEIT": "Interactief-ready", "LICHTBRON_GROEP": "LED", "BRANDPROGRAMMA": "D22H6.30 (Doven)", "BRANDPROGRAMMA_GROEP": "DxxHyy DOV" }, "geometry": { "type": "Point", "coordinates": [ 192755.721, 193914.991 ] } },
{ "type": "Feature", "properties": { "LOCATIENUMMER": "1557", "STATUS": "In dienst", "INTERACTIVITEIT": "Niet interactief", "LICHTBRON_GROEP": "HGHP", "BRANDPROGRAMMA": "D22H6.30 (Doven)", "BRANDPROGRAMMA_GROEP": "DxxHyy DOV" }, "geometry": { "type": "Point", "coordinates": [ 192656.636999999987893, 193909.87400000001071 ] } },
{ "type": "Feature", "properties": { "LOCATIENUMMER": "1604", "STATUS": "In dienst", "INTERACTIVITEIT": "Interactief-ready", "LICHTBRON_GROEP": "LED", "BRANDPROGRAMMA": "N", "BRANDPROGRAMMA_GROEP": "N" }, "geometry": { "type": "Point", "coordinates": [ 192697.241, 193900.454 ] } },
{ "type": "Feature", "properties": { "LOCATIENUMMER": "1605", "STATUS": "In dienst", "INTERACTIVITEIT": "Interactief-ready", "LICHTBRON_GROEP": "LED", "BRANDPROGRAMMA": "D22H6.30 (Doven)", "BRANDPROGRAMMA_GROEP": "DxxHyy DOV" }, "geometry": { "type": "Point", "coordinates": [ 192689.017, 193882.136 ] } },
{ "type": "Feature", "properties": { "LOCATIENUMMER": "1606", "STATUS": "In dienst", "INTERACTIVITEIT": "Interactief-ready", "LICHTBRON_GROEP": "LED", "BRANDPROGRAMMA": "D22H6.30 (Doven)", "BRANDPROGRAMMA_GROEP": "DxxHyy DOV" }, "geometry": { "type": "Point", "coordinates": [ 192694.336000000010245, 193849.472 ] } },
{ "type": "Feature", "properties": { "LOCATIENUMMER": "1556", "STATUS": "In dienst", "INTERACTIVITEIT": "Niet interactief", "LICHTBRON_GROEP": "HGHP", "BRANDPROGRAMMA": "N", "BRANDPROGRAMMA_GROEP": "N" }, "geometry": { "type": "Point", "coordinates": [ 192622.538999999989755, 193912.397 ] } },
{ "type": "Feature", "properties": { "LOCATIENUMMER": "1555", "STATUS": "In dienst", "INTERACTIVITEIT": "Niet interactief", "LICHTBRON_GROEP": "HGHP", "BRANDPROGRAMMA": "D22H6.30 (Doven)", "BRANDPROGRAMMA_GROEP": "DxxHyy DOV" }, "geometry": { "type": "Point", "coordinates": [ 192589.253, 193914.88200000001234 ] } },
{ "type": "Feature", "properties": { "LOCATIENUMMER": "1554", "STATUS": "In dienst", "INTERACTIVITEIT": "Niet interactief", "LICHTBRON_GROEP": "HGHP", "BRANDPROGRAMMA": "D22H6.30 (Doven)", "BRANDPROGRAMMA_GROEP": "DxxHyy DOV" }, "geometry": { "type": "Point", "coordinates": [ 192554.848, 193917.354 ] } },
{ "type": "Feature", "properties": { "LOCATIENUMMER": "1594", "STATUS": "In dienst", "INTERACTIVITEIT": "Interactief-ready", "LICHTBRON_GROEP": "LED", "BRANDPROGRAMMA": "D22H6.30 (Doven)", "BRANDPROGRAMMA_GROEP": "DxxHyy DOV" }, "geometry": { "type": "Point", "coordinates": [ 193003.106999999989057, 193985.840999999985797 ] } },
{ "type": "Feature", "properties": { "LOCATIENUMMER": "1595", "STATUS": "In dienst", "INTERACTIVITEIT": "Interactief-ready", "LICHTBRON_GROEP": "LED", "BRANDPROGRAMMA": "D22H6.30 (Doven)", "BRANDPROGRAMMA_GROEP": "DxxHyy DOV" }, "geometry": { "type": "Point", "coordinates": [ 192971.302, 193972.198 ] } },
{ "type": "Feature", "properties": { "LOCATIENUMMER": "1223", "STATUS": "In dienst", "INTERACTIVITEIT": "Interactief", "LICHTBRON_GROEP": "LED", "BRANDPROGRAMMA": "BPIV UNI 20-22-23/DIM/4-5-6 VRZA50", "BRANDPROGRAMMA_GROEP": "BPIV DIM" }, "geometry": { "type": "Point", "coordinates": [ 194126.739, 200008.182 ] } },
{ "type": "Feature", "properties": { "LOCATIENUMMER": "931", "STATUS": "In dienst", "INTERACTIVITEIT": "Interactief", "LICHTBRON_GROEP": "LED", "BRANDPROGRAMMA": "BPIV UNI 20-22-23/DIM/4-5-6 VRZA50", "BRANDPROGRAMMA_GROEP": "BPIV DIM" }, "geometry": { "type": "Point", "coordinates": [ 194172.649, 200024.024 ] } },
{ "type": "Feature", "properties": { "LOCATIENUMMER": "934", "STATUS": "In dienst", "INTERACTIVITEIT": "Interactief", "LICHTBRON_GROEP": "LED", "BRANDPROGRAMMA": "BPIV UNI 20-22-23/DIM/4-5-6 VRZA50", "BRANDPROGRAMMA_GROEP": "BPIV DIM" }, "geometry": { "type": "Point", "coordinates": [ 194183.71, 200041.401000000012573 ] } },
{ "type": "Feature", "properties": { "LOCATIENUMMER": "935", "STATUS": "In dienst", "INTERACTIVITEIT": "Interactief", "LICHTBRON_GROEP": "LED", "BRANDPROGRAMMA": "BPIV UNI 20-22-23/DIM/4-5-6 VRZA50", "BRANDPROGRAMMA_GROEP": "BPIV DIM" }, "geometry": { "type": "Point", "coordinates": [ 194208.113000000012107, 200045.01500000001397 ] } },
{ "type": "Feature", "properties": { "LOCATIENUMMER": "930", "STATUS": "In dienst", "INTERACTIVITEIT": "Interactief", "LICHTBRON_GROEP": "LED", "BRANDPROGRAMMA": "BPIV UNI 20-22-23/DIM/4-5-6 VRZA50", "BRANDPROGRAMMA_GROEP": "BPIV DIM" }, "geometry": { "type": "Point", "coordinates": [ 194151.577, 200019.169 ] } },
{ "type": "Feature", "properties": { "LOCATIENUMMER": "936", "STATUS": "In dienst", "INTERACTIVITEIT": "Interactief", "LICHTBRON_GROEP": "LED", "BRANDPROGRAMMA": "BPIV UNI 20-22-23/DIM/4-5-6 VRZA50", "BRANDPROGRAMMA_GROEP": "BPIV DIM" }, "geometry": { "type": "Point", "coordinates": [ 194237.117, 200050.602000000013504 ] } },
{ "type": "Feature", "properties": { "LOCATIENUMMER": "939", "STATUS": "In dienst", "INTERACTIVITEIT": "Interactief", "LICHTBRON_GROEP": "LED", "BRANDPROGRAMMA": "BPIV UNI 20-22-23/DIM/4-5-6 VRZA50", "BRANDPROGRAMMA_GROEP": "BPIV DIM" }, "geometry": { "type": "Point", "coordinates": [ 194201.439000000013039, 200077.696999999985565 ] } },
{ "type": "Feature", "properties": { "LOCATIENUMMER": "929", "STATUS": "In dienst", "INTERACTIVITEIT": "Interactief", "LICHTBRON_GROEP": "LED", "BRANDPROGRAMMA": "BPIV UNI 20-22-23/DIM/4-5-6 VRZA50", "BRANDPROGRAMMA_GROEP": "BPIV DIM" }, "geometry": { "type": "Point", "coordinates": [ 194143.396, 200023.263 ] } },
{ "type": "Feature", "properties": { "LOCATIENUMMER": "940", "STATUS": "In dienst", "INTERACTIVITEIT": "Interactief", "LICHTBRON_GROEP": "LED", "BRANDPROGRAMMA": "BPIV UNI 20-22-23/DIM/4-5-6 VRZA50", "BRANDPROGRAMMA_GROEP": "BPIV DIM" }, "geometry": { "type": "Point", "coordinates": [ 194190.026000000012573, 200108.131 ] } },
{ "type": "Feature", "properties": { "LOCATIENUMMER": "1207", "STATUS": "In dienst", "INTERACTIVITEIT": "Interactief", "LICHTBRON_GROEP": "LED", "BRANDPROGRAMMA": "BPIV UNI 20-22-23/DIM/4-5-6 VRZA50", "BRANDPROGRAMMA_GROEP": "BPIV DIM" }, "geometry": { "type": "Point", "coordinates": [ 194142.102000000013504, 200053.261 ] } },
{ "type": "Feature", "properties": { "LOCATIENUMMER": "932", "STATUS": "In dienst", "INTERACTIVITEIT": "Interactief", "LICHTBRON_GROEP": "LED", "BRANDPROGRAMMA": "BPIV UNI 20-22-23/DIM/4-5-6 VRZA50", "BRANDPROGRAMMA_GROEP": "BPIV DIM" }, "geometry": { "type": "Point", "coordinates": [ 194180.25700000001234, 200013.135 ] } },
{ "type": "Feature", "properties": { "LOCATIENUMMER": "933", "STATUS": "In dienst", "INTERACTIVITEIT": "Interactief", "LICHTBRON_GROEP": "LED", "BRANDPROGRAMMA": "BPIV UNI 20-22-23/DIM/4-5-6 VRZA50", "BRANDPROGRAMMA_GROEP": "BPIV DIM" }, "geometry": { "type": "Point", "coordinates": [ 194195.13200000001234, 200003.856999999989057 ] } },
{ "type": "Feature", "properties": { "LOCATIENUMMER": "2801", "STATUS": "In dienst", "INTERACTIVITEIT": "Interactief-ready", "LICHTBRON_GROEP": "LED", "BRANDPROGRAMMA": "D22H6.30 (Doven)", "BRANDPROGRAMMA_GROEP": "DxxHyy DOV" }, "geometry": { "type": "Point", "coordinates": [ 193113.351, 193907.541 ] } },
{ "type": "Feature", "properties": { "LOCATIENUMMER": "2802", "STATUS": "In dienst", "INTERACTIVITEIT": "Interactief-ready", "LICHTBRON_GROEP": "LED", "BRANDPROGRAMMA": "D22H6.30 (Doven)", "BRANDPROGRAMMA_GROEP": "DxxHyy DOV" }, "geometry": { "type": "Point", "coordinates": [ 193110.022, 193877.498 ] } },
{ "type": "Feature", "properties": { "LOCATIENUMMER": "1819", "STATUS": "In dienst", "INTERACTIVITEIT": "Niet interactief", "LICHTBRON_GROEP": "NAHP", "BRANDPROGRAMMA": "D22H6.30 (Doven)", "BRANDPROGRAMMA_GROEP": "DxxHyy DOV" }, "geometry": { "type": "Point", "coordinates": [ 192087.484, 193881.284000000014203 ] } },
{ "type": "Feature", "properties": { "LOCATIENUMMER": "1837", "STATUS": "In dienst", "INTERACTIVITEIT": "Interactief", "LICHTBRON_GROEP": "LED", "BRANDPROGRAMMA": "BPIV UNI 20-22-23/DIM/4-5-6 VRZA50", "BRANDPROGRAMMA_GROEP": "BPIV DIM" }, "geometry": { "type": "Point", "coordinates": [ 191413.905999999988126, 194038.090999999985797 ] } },
{ "type": "Feature", "properties": { "LOCATIENUMMER": "1843", "STATUS": "In dienst", "INTERACTIVITEIT": "Interactief", "LICHTBRON_GROEP": "LED", "BRANDPROGRAMMA": "BPIV UNI 20-22-23/DIM/4-5-6 VRZA50", "BRANDPROGRAMMA_GROEP": "BPIV DIM" }, "geometry": { "type": "Point", "coordinates": [ 191168.878999999986263, 194077.136999999987893 ] } },
{ "type": "Feature", "properties": { "LOCATIENUMMER": "1615", "STATUS": "In dienst", "INTERACTIVITEIT": "Interactief-ready", "LICHTBRON_GROEP": "LED", "BRANDPROGRAMMA": "N", "BRANDPROGRAMMA_GROEP": "N" }, "geometry": { "type": "Point", "coordinates": [ 192706.435, 193789.108 ] } },
{ "type": "Feature", "properties": { "LOCATIENUMMER": "1628", "STATUS": "In dienst", "INTERACTIVITEIT": "Interactief-ready", "LICHTBRON_GROEP": "LED", "BRANDPROGRAMMA": "D22H6.30 (Doven)", "BRANDPROGRAMMA_GROEP": "DxxHyy DOV" }, "geometry": { "type": "Point", "coordinates": [ 192722.09, 193768.424 ] } },
{ "type": "Feature", "properties": { "LOCATIENUMMER": "2752", "STATUS": "In dienst", "INTERACTIVITEIT": "Niet interactief", "LICHTBRON_GROEP": "NAHP", "BRANDPROGRAMMA": "D22H6.30 (Doven)", "BRANDPROGRAMMA_GROEP": "DxxHyy DOV" }, "geometry": { "type": "Point", "coordinates": [ 193030.721, 193849.524 ] } },
{ "type": "Feature", "properties": { "LOCATIENUMMER": "2753", "STATUS": "In dienst", "INTERACTIVITEIT": "Niet interactief", "LICHTBRON_GROEP": "NAHP", "BRANDPROGRAMMA": "D22H6.30 (Doven)", "BRANDPROGRAMMA_GROEP": "DxxHyy DOV" }, "geometry": { "type": "Point", "coordinates": [ 192986.296, 193868.454 ] } },
{ "type": "Feature", "properties": { "LOCATIENUMMER": "1613", "STATUS": "In dienst", "INTERACTIVITEIT": "Interactief-ready", "LICHTBRON_GROEP": "LED", "BRANDPROGRAMMA": "D22H6.30 (Doven)", "BRANDPROGRAMMA_GROEP": "DxxHyy DOV" }, "geometry": { "type": "Point", "coordinates": [ 192646.642, 193795.441 ] } },
{ "type": "Feature", "properties": { "LOCATIENUMMER": "1626", "STATUS": "In dienst", "INTERACTIVITEIT": "Interactief-ready", "LICHTBRON_GROEP": "LED", "BRANDPROGRAMMA": "N", "BRANDPROGRAMMA_GROEP": "N" }, "geometry": { "type": "Point", "coordinates": [ 193028.269, 193810.182999999989988 ] } },
{ "type": "Feature", "properties": { "LOCATIENUMMER": "1627", "STATUS": "In dienst", "INTERACTIVITEIT": "Interactief-ready", "LICHTBRON_GROEP": "LED", "BRANDPROGRAMMA": "D22H6.30 (Doven)", "BRANDPROGRAMMA_GROEP": "DxxHyy DOV" }, "geometry": { "type": "Point", "coordinates": [ 193054.901000000012573, 193824.434 ] } },
{ "type": "Feature", "properties": { "LOCATIENUMMER": "2803", "STATUS": "In dienst", "INTERACTIVITEIT": "Interactief-ready", "LICHTBRON_GROEP": "LED", "BRANDPROGRAMMA": "N", "BRANDPROGRAMMA_GROEP": "N" }, "geometry": { "type": "Point", "coordinates": [ 193101.491, 193844.571999999985565 ] } },
{ "type": "Feature", "properties": { "LOCATIENUMMER": "1625", "STATUS": "In dienst", "INTERACTIVITEIT": "Interactief-ready", "LICHTBRON_GROEP": "LED", "BRANDPROGRAMMA": "D22H6.30 (Doven)", "BRANDPROGRAMMA_GROEP": "DxxHyy DOV" }, "geometry": { "type": "Point", "coordinates": [ 193003.465, 193792.913 ] } },
{ "type": "Feature", "properties": { "LOCATIENUMMER": "1624", "STATUS": "In dienst", "INTERACTIVITEIT": "Interactief-ready", "LICHTBRON_GROEP": "LED", "BRANDPROGRAMMA": "D22H6.30 (Doven)", "BRANDPROGRAMMA_GROEP": "DxxHyy DOV" }, "geometry": { "type": "Point", "coordinates": [ 192980.603, 193777.154 ] } },
{ "type": "Feature", "properties": { "LOCATIENUMMER": "1608", "STATUS": "In dienst", "INTERACTIVITEIT": "Interactief-ready", "LICHTBRON_GROEP": "LED", "BRANDPROGRAMMA": "D22H6.30 (Doven)", "BRANDPROGRAMMA_GROEP": "DxxHyy DOV" }, "geometry": { "type": "Point", "coordinates": [ 192493.505, 193813.419 ] } },
{ "type": "Feature", "properties": { "LOCATIENUMMER": "1586", "STATUS": "In dienst", "INTERACTIVITEIT": "Interactief-ready", "LICHTBRON_GROEP": "LED", "BRANDPROGRAMMA": "N", "BRANDPROGRAMMA_GROEP": "N" }, "geometry": { "type": "Point", "coordinates": [ 192463.878, 193818.009 ] } },
{ "type": "Feature", "properties": { "LOCATIENUMMER": "1623", "STATUS": "In dienst", "INTERACTIVITEIT": "Interactief-ready", "LICHTBRON_GROEP": "LED", "BRANDPROGRAMMA": "N", "BRANDPROGRAMMA_GROEP": "N" }, "geometry": { "type": "Point", "coordinates": [ 192957.035, 193763.856999999989057 ] } },
{ "type": "Feature", "properties": { "LOCATIENUMMER": "2800", "STATUS": "In dienst", "INTERACTIVITEIT": "Interactief-ready", "LICHTBRON_GROEP": "LED", "BRANDPROGRAMMA": "N", "BRANDPROGRAMMA_GROEP": "N" }, "geometry": { "type": "Point", "coordinates": [ 193111.467, 193936.513 ] } },
{ "type": "Feature", "properties": { "LOCATIENUMMER": "1622", "STATUS": "In dienst", "INTERACTIVITEIT": "Interactief-ready", "LICHTBRON_GROEP": "LED", "BRANDPROGRAMMA": "N", "BRANDPROGRAMMA_GROEP": "N" }, "geometry": { "type": "Point", "coordinates": [ 192926.412000000011176, 193758.49299999998766 ] } },
{ "type": "Feature", "properties": { "LOCATIENUMMER": "1620", "STATUS": "In dienst", "INTERACTIVITEIT": "Interactief-ready", "LICHTBRON_GROEP": "LED", "BRANDPROGRAMMA": "D22H6.30 (Doven)", "BRANDPROGRAMMA_GROEP": "DxxHyy DOV" }, "geometry": { "type": "Point", "coordinates": [ 192863.824, 193765.38200000001234 ] } },
{ "type": "Feature", "properties": { "LOCATIENUMMER": "1619", "STATUS": "In dienst", "INTERACTIVITEIT": "Interactief-ready", "LICHTBRON_GROEP": "LED", "BRANDPROGRAMMA": "N", "BRANDPROGRAMMA_GROEP": "N" }, "geometry": { "type": "Point", "coordinates": [ 192832.449, 193769.644999999989523 ] } },
{ "type": "Feature", "properties": { "LOCATIENUMMER": "1561", "STATUS": "In dienst", "INTERACTIVITEIT": "Interactief", "LICHTBRON_GROEP": "LED", "BRANDPROGRAMMA": "BPIV UNI 20-22-23/DIM/4-5-6 VRZA50", "BRANDPROGRAMMA_GROEP": "BPIV DIM" }, "geometry": { "type": "Point", "coordinates": [ 192316.64000000001397, 193842.282 ] } },
{ "type": "Feature", "properties": { "LOCATIENUMMER": "1618", "STATUS": "In dienst", "INTERACTIVITEIT": "Interactief-ready", "LICHTBRON_GROEP": "LED", "BRANDPROGRAMMA": "D22H6.30 (Doven)", "BRANDPROGRAMMA_GROEP": "DxxHyy DOV" }, "geometry": { "type": "Point", "coordinates": [ 192802.817000000010012, 193774.356999999989057 ] } },
{ "type": "Feature", "properties": { "LOCATIENUMMER": "1617", "STATUS": "In dienst", "INTERACTIVITEIT": "Interactief-ready", "LICHTBRON_GROEP": "LED", "BRANDPROGRAMMA": "D22H6.30 (Doven)", "BRANDPROGRAMMA_GROEP": "DxxHyy DOV" }, "geometry": { "type": "Point", "coordinates": [ 192772.682999999989988, 193779.264 ] } },
{ "type": "Feature", "properties": { "LOCATIENUMMER": "1616", "STATUS": "In dienst", "INTERACTIVITEIT": "Interactief-ready", "LICHTBRON_GROEP": "LED", "BRANDPROGRAMMA": "N", "BRANDPROGRAMMA_GROEP": "N" }, "geometry": { "type": "Point", "coordinates": [ 192737.924, 193784.598 ] } },
{ "type": "Feature", "properties": { "LOCATIENUMMER": "1607", "STATUS": "In dienst", "INTERACTIVITEIT": "Interactief-ready", "LICHTBRON_GROEP": "LED", "BRANDPROGRAMMA": "N", "BRANDPROGRAMMA_GROEP": "N" }, "geometry": { "type": "Point", "coordinates": [ 192696.46, 193812.555 ] } },
{ "type": "Feature", "properties": { "LOCATIENUMMER": "1614", "STATUS": "In dienst", "INTERACTIVITEIT": "Interactief-ready", "LICHTBRON_GROEP": "LED", "BRANDPROGRAMMA": "D22H6.30 (Doven)", "BRANDPROGRAMMA_GROEP": "DxxHyy DOV" }, "geometry": { "type": "Point", "coordinates": [ 192676.462999999988824, 193792.166999999986729 ] } },
{ "type": "Feature", "properties": { "LOCATIENUMMER": "1821", "STATUS": "In dienst", "INTERACTIVITEIT": "Interactief", "LICHTBRON_GROEP": "LED", "BRANDPROGRAMMA": "BPIV UNI 20-22-23/DIM/4-5-6 VRZA50", "BRANDPROGRAMMA_GROEP": "BPIV DIM" }, "geometry": { "type": "Point", "coordinates": [ 192152.34, 193873.318 ] } },
{ "type": "Feature", "properties": { "LOCATIENUMMER": "1612", "STATUS": "In dienst", "INTERACTIVITEIT": "Interactief-ready", "LICHTBRON_GROEP": "LED", "BRANDPROGRAMMA": "N", "BRANDPROGRAMMA_GROEP": "N" }, "geometry": { "type": "Point", "coordinates": [ 192618.747, 193798.639 ] } },
{ "type": "Feature", "properties": { "LOCATIENUMMER": "1611", "STATUS": "In dienst", "INTERACTIVITEIT": "Interactief-ready", "LICHTBRON_GROEP": "LED", "BRANDPROGRAMMA": "D22H6.30 (Doven)", "BRANDPROGRAMMA_GROEP": "DxxHyy DOV" }, "geometry": { "type": "Point", "coordinates": [ 192586.639, 193802.388 ] } },
{ "type": "Feature", "properties": { "LOCATIENUMMER": "2754", "STATUS": "In dienst", "INTERACTIVITEIT": "Niet interactief", "LICHTBRON_GROEP": "NAHP", "BRANDPROGRAMMA": "N", "BRANDPROGRAMMA_GROEP": "N" }, "geometry": { "type": "Point", "coordinates": [ 192950.215, 193729.50099999998929 ] } },
{ "type": "Feature", "properties": { "LOCATIENUMMER": "1610", "STATUS": "In dienst", "INTERACTIVITEIT": "Interactief-ready", "LICHTBRON_GROEP": "LED", "BRANDPROGRAMMA": "D22H6.30 (Doven)", "BRANDPROGRAMMA_GROEP": "DxxHyy DOV" }, "geometry": { "type": "Point", "coordinates": [ 192555.847, 193806.135 ] } },
{ "type": "Feature", "properties": { "LOCATIENUMMER": "1890", "STATUS": "In dienst", "INTERACTIVITEIT": "Interactief", "LICHTBRON_GROEP": "LED", "BRANDPROGRAMMA": "BPIV UNI 20-22-23/DIM/4-5-6 VRZA50", "BRANDPROGRAMMA_GROEP": "BPIV DIM" }, "geometry": { "type": "Point", "coordinates": [ 192045.134, 193863.384 ] } },
{ "type": "Feature", "properties": { "LOCATIENUMMER": "1609", "STATUS": "In dienst", "INTERACTIVITEIT": "Interactief-ready", "LICHTBRON_GROEP": "LED", "BRANDPROGRAMMA": "N", "BRANDPROGRAMMA_GROEP": "N" }, "geometry": { "type": "Point", "coordinates": [ 192525.208000000013271, 193809.533 ] } },
{ "type": "Feature", "properties": { "LOCATIENUMMER": "1817", "STATUS": "In dienst", "INTERACTIVITEIT": "Interactief", "LICHTBRON_GROEP": "LED", "BRANDPROGRAMMA": "BPIV UNI 20-22-23/DIM/4-5-6 VRZA50", "BRANDPROGRAMMA_GROEP": "BPIV DIM" }, "geometry": { "type": "Point", "coordinates": [ 191998.295000000012806, 193893.805 ] } },
{ "type": "Feature", "properties": { "LOCATIENUMMER": "1827", "STATUS": "In dienst", "INTERACTIVITEIT": "Interactief", "LICHTBRON_GROEP": "LED", "BRANDPROGRAMMA": "BPIV UNI 20-22-23/DIM/4-5-6 VRZA50", "BRANDPROGRAMMA_GROEP": "BPIV DIM" }, "geometry": { "type": "Point", "coordinates": [ 191817.271, 193966.261 ] } },
{ "type": "Feature", "properties": { "LOCATIENUMMER": "1559", "STATUS": "In dienst", "INTERACTIVITEIT": "Interactief", "LICHTBRON_GROEP": "LED", "BRANDPROGRAMMA": "BPIV UNI 20-22-23/DIM/4-5-6 VRZA50", "BRANDPROGRAMMA_GROEP": "BPIV DIM" }, "geometry": { "type": "Point", "coordinates": [ 192395.594000000011874, 193829.154 ] } },
{ "type": "Feature", "properties": { "LOCATIENUMMER": "1621", "STATUS": "In dienst", "INTERACTIVITEIT": "Interactief-ready", "LICHTBRON_GROEP": "LED", "BRANDPROGRAMMA": "D22H6.30 (Doven)", "BRANDPROGRAMMA_GROEP": "DxxHyy DOV" }, "geometry": { "type": "Point", "coordinates": [ 192895.919, 193761.575000000011642 ] } },
{ "type": "Feature", "properties": { "LOCATIENUMMER": "1823", "STATUS": "In dienst", "INTERACTIVITEIT": "Interactief", "LICHTBRON_GROEP": "LED", "BRANDPROGRAMMA": "BPIV UNI 20-22-23/DIM/4-5-6 VRZA50", "BRANDPROGRAMMA_GROEP": "BPIV DIM" }, "geometry": { "type": "Point", "coordinates": [ 192245.475, 193855.035 ] } },
{ "type": "Feature", "properties": { "LOCATIENUMMER": "694", "STATUS": "In dienst", "INTERACTIVITEIT": "Niet interactief", "LICHTBRON_GROEP": "MHHP-QZ", "BRANDPROGRAMMA": "N", "BRANDPROGRAMMA_GROEP": "N" }, "geometry": { "type": "Point", "coordinates": [ 193911.076, 199523.200000000011642 ] } },
{ "type": "Feature", "properties": { "LOCATIENUMMER": "696", "STATUS": "In dienst", "INTERACTIVITEIT": "Niet interactief", "LICHTBRON_GROEP": "MHHP-QZ", "BRANDPROGRAMMA": "D22H6.30 (Doven)", "BRANDPROGRAMMA_GROEP": "DxxHyy DOV" }, "geometry": { "type": "Point", "coordinates": [ 193875.094000000011874, 199556.259 ] } },
{ "type": "Feature", "properties": { "LOCATIENUMMER": "691", "STATUS": "In dienst", "INTERACTIVITEIT": "Niet interactief", "LICHTBRON_GROEP": "MHHP-QZ", "BRANDPROGRAMMA": "D22H6.30 (Doven)", "BRANDPROGRAMMA_GROEP": "DxxHyy DOV" }, "geometry": { "type": "Point", "coordinates": [ 193839.041, 199470.082 ] } },
{ "type": "Feature", "properties": { "LOCATIENUMMER": "697", "STATUS": "In dienst", "INTERACTIVITEIT": "Interactief-ready", "LICHTBRON_GROEP": "LED", "BRANDPROGRAMMA": "N", "BRANDPROGRAMMA_GROEP": "N" }, "geometry": { "type": "Point", "coordinates": [ 193844.557, 199566.386 ] } },
{ "type": "Feature", "properties": { "LOCATIENUMMER": "692", "STATUS": "In dienst", "INTERACTIVITEIT": "Niet interactief", "LICHTBRON_GROEP": "MHHP-QZ", "BRANDPROGRAMMA": "N", "BRANDPROGRAMMA_GROEP": "N" }, "geometry": { "type": "Point", "coordinates": [ 193863.134, 199487.863000000012107 ] } },
{ "type": "Feature", "properties": { "LOCATIENUMMER": "673", "STATUS": "In dienst", "INTERACTIVITEIT": "Niet interactief", "LICHTBRON_GROEP": "MHHP-QZ", "BRANDPROGRAMMA": "D22H6.30 (Doven)", "BRANDPROGRAMMA_GROEP": "DxxHyy DOV" }, "geometry": { "type": "Point", "coordinates": [ 193833.956, 199545.408 ] } },
{ "type": "Feature", "properties": { "LOCATIENUMMER": "693", "STATUS": "In dienst", "INTERACTIVITEIT": "Niet interactief", "LICHTBRON_GROEP": "MHHP-QZ", "BRANDPROGRAMMA": "D22H6.30 (Doven)", "BRANDPROGRAMMA_GROEP": "DxxHyy DOV" }, "geometry": { "type": "Point", "coordinates": [ 193886.995, 199505.428000000014435 ] } },
{ "type": "Feature", "properties": { "LOCATIENUMMER": "672", "STATUS": "In dienst", "INTERACTIVITEIT": "Niet interactief", "LICHTBRON_GROEP": "MHHP-QZ", "BRANDPROGRAMMA": "N", "BRANDPROGRAMMA_GROEP": "N" }, "geometry": { "type": "Point", "coordinates": [ 193818.115, 199514.96 ] } },
{ "type": "Feature", "properties": { "LOCATIENUMMER": "671", "STATUS": "In dienst", "INTERACTIVITEIT": "Niet interactief", "LICHTBRON_GROEP": "MHHP-QZ", "BRANDPROGRAMMA": "D22H6.30 (Doven)", "BRANDPROGRAMMA_GROEP": "DxxHyy DOV" }, "geometry": { "type": "Point", "coordinates": [ 193802.549, 199485.174999999988358 ] } },
{ "type": "Feature", "properties": { "LOCATIENUMMER": "670", "STATUS": "In dienst", "INTERACTIVITEIT": "Niet interactief", "LICHTBRON_GROEP": "MHHP-QZ", "BRANDPROGRAMMA": "N", "BRANDPROGRAMMA_GROEP": "N" }, "geometry": { "type": "Point", "coordinates": [ 193786.76500000001397, 199454.935 ] } },
{ "type": "Feature", "properties": { "LOCATIENUMMER": "689", "STATUS": "In dienst", "INTERACTIVITEIT": "Niet interactief", "LICHTBRON_GROEP": "MHHP-QZ", "BRANDPROGRAMMA": "N", "BRANDPROGRAMMA_GROEP": "N" }, "geometry": { "type": "Point", "coordinates": [ 193787.258, 199432.787000000011176 ] } },
{ "type": "Feature", "properties": { "LOCATIENUMMER": "668", "STATUS": "In dienst", "INTERACTIVITEIT": "Niet interactief", "LICHTBRON_GROEP": "MHHP-QZ", "BRANDPROGRAMMA": "D22H6.30 (Doven)", "BRANDPROGRAMMA_GROEP": "DxxHyy DOV" }, "geometry": { "type": "Point", "coordinates": [ 193754.829999999987194, 199393.959 ] } },
{ "type": "Feature", "properties": { "LOCATIENUMMER": "669", "STATUS": "In dienst", "INTERACTIVITEIT": "Niet interactief", "LICHTBRON_GROEP": "MHHP-QZ", "BRANDPROGRAMMA": "N", "BRANDPROGRAMMA_GROEP": "N" }, "geometry": { "type": "Point", "coordinates": [ 193771.071, 199424.951 ] } },
{ "type": "Feature", "properties": { "LOCATIENUMMER": "698", "STATUS": "In dienst", "INTERACTIVITEIT": "Niet interactief", "LICHTBRON_GROEP": "MHHP-QZ", "BRANDPROGRAMMA": "N", "BRANDPROGRAMMA_GROEP": "N" }, "geometry": { "type": "Point", "coordinates": [ 193932.177, 199546.813 ] } },
{ "type": "Feature", "properties": { "LOCATIENUMMER": "695", "STATUS": "In dienst", "INTERACTIVITEIT": "Niet interactief", "LICHTBRON_GROEP": "MHHP-QZ", "BRANDPROGRAMMA": "D22H6.30 (Doven)", "BRANDPROGRAMMA_GROEP": "DxxHyy DOV" }, "geometry": { "type": "Point", "coordinates": [ 193897.286, 199551.397 ] } },
{ "type": "Feature", "properties": { "LOCATIENUMMER": "690", "STATUS": "In dienst", "INTERACTIVITEIT": "Niet interactief", "LICHTBRON_GROEP": "MHHP-QZ", "BRANDPROGRAMMA": "N", "BRANDPROGRAMMA_GROEP": "N" }, "geometry": { "type": "Point", "coordinates": [ 193815.139, 199452.437 ] } },
{ "type": "Feature", "properties": { "LOCATIENUMMER": "1705", "STATUS": "In dienst", "INTERACTIVITEIT": "Interactief", "LICHTBRON_GROEP": "LED", "BRANDPROGRAMMA": "BPIV UNI 20-22-23/DIM/4-5-6 VRZA50", "BRANDPROGRAMMA_GROEP": "BPIV DIM" }, "geometry": { "type": "Point", "coordinates": [ 193478.655, 195084.815 ] } },
{ "type": "Feature", "properties": { "LOCATIENUMMER": "1703", "STATUS": "In dienst", "INTERACTIVITEIT": "Interactief", "LICHTBRON_GROEP": "LED", "BRANDPROGRAMMA": "BPIV UNI 20-22-23/DIM/4-5-6 VRZA50", "BRANDPROGRAMMA_GROEP": "BPIV DIM" }, "geometry": { "type": "Point", "coordinates": [ 193451.57, 195144.431000000011409 ] } },
{ "type": "Feature", "properties": { "LOCATIENUMMER": "1702", "STATUS": "In dienst", "INTERACTIVITEIT": "Interactief", "LICHTBRON_GROEP": "LED", "BRANDPROGRAMMA": "BPIV UNI 20-22-23/DIM/4-5-6 VRZA50", "BRANDPROGRAMMA_GROEP": "BPIV DIM" }, "geometry": { "type": "Point", "coordinates": [ 193409.718, 195136.922 ] } },
{ "type": "Feature", "properties": { "LOCATIENUMMER": "1704", "STATUS": "In dienst", "INTERACTIVITEIT": "Interactief", "LICHTBRON_GROEP": "LED", "BRANDPROGRAMMA": "BPIV UNI 20-22-23/DIM/4-5-6 VRZA50", "BRANDPROGRAMMA_GROEP": "BPIV DIM" }, "geometry": { "type": "Point", "coordinates": [ 193474.416, 195132.786 ] } },
{ "type": "Feature", "properties": { "LOCATIENUMMER": "3141", "STATUS": "In dienst", "INTERACTIVITEIT": "Interactief", "LICHTBRON_GROEP": "LED", "BRANDPROGRAMMA": "BPIV UNI 20-22-23/DIM/4-5-6 VRZA50", "BRANDPROGRAMMA_GROEP": "BPIV DIM" }, "geometry": { "type": "Point", "coordinates": [ 197610.437, 197390.419 ] } },
{ "type": "Feature", "properties": { "LOCATIENUMMER": "3143", "STATUS": "In dienst", "INTERACTIVITEIT": "Interactief", "LICHTBRON_GROEP": "LED", "BRANDPROGRAMMA": "BPIV UNI 20-22-23/DIM/4-5-6 VRZA50", "BRANDPROGRAMMA_GROEP": "BPIV DIM" }, "geometry": { "type": "Point", "coordinates": [ 197643.636, 197315.888 ] } },
{ "type": "Feature", "properties": { "LOCATIENUMMER": "3145", "STATUS": "In dienst", "INTERACTIVITEIT": "Interactief", "LICHTBRON_GROEP": "LED", "BRANDPROGRAMMA": "BPIV UNI 20-22-23/DIM/4-5-6 VRZA50", "BRANDPROGRAMMA_GROEP": "BPIV DIM" }, "geometry": { "type": "Point", "coordinates": [ 197678.128999999986263, 197237.263 ] } },
{ "type": "Feature", "properties": { "LOCATIENUMMER": "3139", "STATUS": "In dienst", "INTERACTIVITEIT": "Interactief", "LICHTBRON_GROEP": "LED", "BRANDPROGRAMMA": "BPIV UNI 20-22-23/DIM/4-5-6 VRZA50", "BRANDPROGRAMMA_GROEP": "BPIV DIM" }, "geometry": { "type": "Point", "coordinates": [ 197574.922, 197471.533 ] } },
{ "type": "Feature", "properties": { "LOCATIENUMMER": "3137", "STATUS": "In dienst", "INTERACTIVITEIT": "Interactief", "LICHTBRON_GROEP": "LED", "BRANDPROGRAMMA": "BPIV UNI 20-22-23/DIM/4-5-6 VRZA50", "BRANDPROGRAMMA_GROEP": "BPIV DIM" }, "geometry": { "type": "Point", "coordinates": [ 197539.193999999988591, 197551.024 ] } },
{ "type": "Feature", "properties": { "LOCATIENUMMER": "3194", "STATUS": "In dienst", "INTERACTIVITEIT": "Interactief", "LICHTBRON_GROEP": "LED", "BRANDPROGRAMMA": "BPIV UNI 20-22-23/DIM/4-5-6 VRZA50", "BRANDPROGRAMMA_GROEP": "BPIV DIM" }, "geometry": { "type": "Point", "coordinates": [ 197527.522, 197606.411 ] } },
{ "type": "Feature", "properties": { "LOCATIENUMMER": "3186", "STATUS": "In dienst", "INTERACTIVITEIT": "Interactief", "LICHTBRON_GROEP": "LED", "BRANDPROGRAMMA": "BPIV UNI 20-22-23/DIM/4-5-6 VRZA50", "BRANDPROGRAMMA_GROEP": "BPIV DIM" }, "geometry": { "type": "Point", "coordinates": [ 197520.579, 197566.568 ] } },
{ "type": "Feature", "properties": { "LOCATIENUMMER": "631", "STATUS": "In dienst", "INTERACTIVITEIT": "Interactief", "LICHTBRON_GROEP": "LED", "BRANDPROGRAMMA": "BPIV UNI 20-22-23/DIM/4-5-6 VRZA50", "BRANDPROGRAMMA_GROEP": "BPIV DIM" }, "geometry": { "type": "Point", "coordinates": [ 193981.509, 199566.711000000010245 ] } },
{ "type": "Feature", "properties": { "LOCATIENUMMER": "699", "STATUS": "In dienst", "INTERACTIVITEIT": "Interactief", "LICHTBRON_GROEP": "LED", "BRANDPROGRAMMA": "BPIV UNI 20-22-23/DIM/4-5-6 VRZA50", "BRANDPROGRAMMA_GROEP": "BPIV DIM" }, "geometry": { "type": "Point", "coordinates": [ 193970.659000000014203, 199541.945 ] } },
{ "type": "Feature", "properties": { "LOCATIENUMMER": "3636", "STATUS": "In dienst", "INTERACTIVITEIT": "Niet interactief", "LICHTBRON_GROEP": "MHHP-QZ", "BRANDPROGRAMMA": "N", "BRANDPROGRAMMA_GROEP": "N" }, "geometry": { "type": "Point", "coordinates": [ 198808.354, 197518.361 ] } },
{ "type": "Feature", "properties": { "LOCATIENUMMER": "3633", "STATUS": "In dienst", "INTERACTIVITEIT": "Niet interactief", "LICHTBRON_GROEP": "MHHP-QZ", "BRANDPROGRAMMA": "N", "BRANDPROGRAMMA_GROEP": "N" }, "geometry": { "type": "Point", "coordinates": [ 198779.99299999998766, 197626.326 ] } },
{ "type": "Feature", "properties": { "LOCATIENUMMER": "163", "STATUS": "In dienst", "INTERACTIVITEIT": "Interactief", "LICHTBRON_GROEP": "LED", "BRANDPROGRAMMA": "BPIV UNI 20-22-23/DIM/4-5-6 VRZA50", "BRANDPROGRAMMA_GROEP": "BPIV DIM" }, "geometry": { "type": "Point", "coordinates": [ 198824.098, 197611.068 ] } },
{ "type": "Feature", "properties": { "LOCATIENUMMER": "3631", "STATUS": "In dienst", "INTERACTIVITEIT": "Niet interactief", "LICHTBRON_GROEP": "MHHP-QZ", "BRANDPROGRAMMA": "D22H6.30 (Doven)", "BRANDPROGRAMMA_GROEP": "DxxHyy DOV" }, "geometry": { "type": "Point", "coordinates": [ 198787.142, 197653.37599999998929 ] } },
{ "type": "Feature", "properties": { "LOCATIENUMMER": "3625", "STATUS": "In dienst", "INTERACTIVITEIT": "Niet interactief", "LICHTBRON_GROEP": "MHHP-QZ", "BRANDPROGRAMMA": "N", "BRANDPROGRAMMA_GROEP": "N" }, "geometry": { "type": "Point", "coordinates": [ 198788.674999999988358, 197684.719000000011874 ] } },
{ "type": "Feature", "properties": { "LOCATIENUMMER": "3629", "STATUS": "In dienst", "INTERACTIVITEIT": "Niet interactief", "LICHTBRON_GROEP": "MHHP-QZ", "BRANDPROGRAMMA": "D22H6.30 (Doven)", "BRANDPROGRAMMA_GROEP": "DxxHyy DOV" }, "geometry": { "type": "Point", "coordinates": [ 198816.437, 197692.798 ] } },
{ "type": "Feature", "properties": { "LOCATIENUMMER": "162", "STATUS": "In dienst", "INTERACTIVITEIT": "Interactief", "LICHTBRON_GROEP": "LED", "BRANDPROGRAMMA": "BPIV UNI 20-22-23/DIM/4-5-6 VRZA50", "BRANDPROGRAMMA_GROEP": "BPIV DIM" }, "geometry": { "type": "Point", "coordinates": [ 198857.684, 197544.949 ] } },
{ "type": "Feature", "properties": { "LOCATIENUMMER": "3630", "STATUS": "In dienst", "INTERACTIVITEIT": "Niet interactief", "LICHTBRON_GROEP": "MHHP-QZ", "BRANDPROGRAMMA": "D22H6.30 (Doven)", "BRANDPROGRAMMA_GROEP": "DxxHyy DOV" }, "geometry": { "type": "Point", "coordinates": [ 198836.957, 197706.301 ] } },
{ "type": "Feature", "properties": { "LOCATIENUMMER": "3628", "STATUS": "In dienst", "INTERACTIVITEIT": "Niet interactief", "LICHTBRON_GROEP": "MHHP-QZ", "BRANDPROGRAMMA": "N", "BRANDPROGRAMMA_GROEP": "N" }, "geometry": { "type": "Point", "coordinates": [ 198862.723, 197717.776000000012573 ] } },
{ "type": "Feature", "properties": { "LOCATIENUMMER": "164", "STATUS": "In dienst", "INTERACTIVITEIT": "Niet interactief", "LICHTBRON_GROEP": "NAHP", "BRANDPROGRAMMA": "N", "BRANDPROGRAMMA_GROEP": "N" }, "geometry": { "type": "Point", "coordinates": [ 198918.617, 197645.372 ] } },
{ "type": "Feature", "properties": { "LOCATIENUMMER": "3627", "STATUS": "In dienst", "INTERACTIVITEIT": "Niet interactief", "LICHTBRON_GROEP": "MHHP-QZ", "BRANDPROGRAMMA": "D22H6.30 (Doven)", "BRANDPROGRAMMA_GROEP": "DxxHyy DOV" }, "geometry": { "type": "Point", "coordinates": [ 198895.86799999998766, 197731.212999999988824 ] } },
{ "type": "Feature", "properties": { "LOCATIENUMMER": "3637", "STATUS": "In dienst", "INTERACTIVITEIT": "Interactief", "LICHTBRON_GROEP": "LED", "BRANDPROGRAMMA": "BPIV UNI 20-22-23/DIM/4-5-6 VRZA50", "BRANDPROGRAMMA_GROEP": "BPIV DIM" }, "geometry": { "type": "Point", "coordinates": [ 198877.248, 197771.162000000011176 ] } },
{ "type": "Feature", "properties": { "LOCATIENUMMER": "3626", "STATUS": "In dienst", "INTERACTIVITEIT": "Niet interactief", "LICHTBRON_GROEP": "MHHP-QZ", "BRANDPROGRAMMA": "N", "BRANDPROGRAMMA_GROEP": "N" }, "geometry": { "type": "Point", "coordinates": [ 198928.046, 197743.638 ] } },
{ "type": "Feature", "properties": { "LOCATIENUMMER": "3635", "STATUS": "In dienst", "INTERACTIVITEIT": "Niet interactief", "LICHTBRON_GROEP": "MHHP-QZ", "BRANDPROGRAMMA": "N", "BRANDPROGRAMMA_GROEP": "N" }, "geometry": { "type": "Point", "coordinates": [ 198785.052, 197574.508 ] } },
{ "type": "Feature", "properties": { "LOCATIENUMMER": "3634", "STATUS": "In dienst", "INTERACTIVITEIT": "Niet interactief", "LICHTBRON_GROEP": "MHHP-QZ", "BRANDPROGRAMMA": "D22H6.30 (Doven)", "BRANDPROGRAMMA_GROEP": "DxxHyy DOV" }, "geometry": { "type": "Point", "coordinates": [ 198795.932, 197549.189000000013039 ] } },
{ "type": "Feature", "properties": { "LOCATIENUMMER": "3632", "STATUS": "In dienst", "INTERACTIVITEIT": "Niet interactief", "LICHTBRON_GROEP": "MHHP-QZ", "BRANDPROGRAMMA": "D22H6.30 (Doven)", "BRANDPROGRAMMA_GROEP": "DxxHyy DOV" }, "geometry": { "type": "Point", "coordinates": [ 198778.894999999989523, 197601.125 ] } },
{ "type": "Feature", "properties": { "LOCATIENUMMER": "1873", "STATUS": "In dienst", "INTERACTIVITEIT": "Interactief", "LICHTBRON_GROEP": "LED", "BRANDPROGRAMMA": "BPIV UNI 20-22-23/DIM/4-5-6 VRZA50", "BRANDPROGRAMMA_GROEP": "BPIV DIM" }, "geometry": { "type": "Point", "coordinates": [ 192061.385, 193626.538 ] } },
{ "type": "Feature", "properties": { "LOCATIENUMMER": "1887", "STATUS": "In dienst", "INTERACTIVITEIT": "Interactief", "LICHTBRON_GROEP": "LED", "BRANDPROGRAMMA": "BPIV UNI 20-22-23/DIM/4-5-6 VRZA50", "BRANDPROGRAMMA_GROEP": "BPIV DIM" }, "geometry": { "type": "Point", "coordinates": [ 192007.212, 193112.279 ] } },
{ "type": "Feature", "properties": { "LOCATIENUMMER": "1840", "STATUS": "In dienst", "INTERACTIVITEIT": "Interactief", "LICHTBRON_GROEP": "LED", "BRANDPROGRAMMA": "BPIV UNI 20-22-23/DIM/4-5-6 VRZA50", "BRANDPROGRAMMA_GROEP": "BPIV DIM" }, "geometry": { "type": "Point", "coordinates": [ 191282.761, 194049.662000000011176 ] } },
{ "type": "Feature", "properties": { "LOCATIENUMMER": "1831", "STATUS": "In dienst", "INTERACTIVITEIT": "Interactief", "LICHTBRON_GROEP": "LED", "BRANDPROGRAMMA": "BPIV UNI 20-22-23/DIM/4-5-6 VRZA50", "BRANDPROGRAMMA_GROEP": "BPIV DIM" }, "geometry": { "type": "Point", "coordinates": [ 191650.041, 193986.693999999988591 ] } },
{ "type": "Feature", "properties": { "LOCATIENUMMER": "3940", "STATUS": "In dienst", "INTERACTIVITEIT": "Interactief", "LICHTBRON_GROEP": "LED", "BRANDPROGRAMMA": "BPIV UNI 20-22-23/DIM/4-5-6 VRZA50", "BRANDPROGRAMMA_GROEP": "BPIV DIM" }, "geometry": { "type": "Point", "coordinates": [ 190670.271, 197191.674 ] } },
{ "type": "Feature", "properties": { "LOCATIENUMMER": "4237", "STATUS": "In dienst", "INTERACTIVITEIT": "Niet interactief", "LICHTBRON_GROEP": "NALP", "BRANDPROGRAMMA": "D23H5 (Doven)", "BRANDPROGRAMMA_GROEP": "DxxHyy DOV" }, "geometry": { "type": "Point", "coordinates": [ 193313.259, 198978.616 ] } }
]
}
